artist,start_time,title,uid
Automatisme,2022-01-10T05:57:15+00:00,Simultanéité 4,146303
Toby Driver,2022-01-10T11:59:33+00:00,Avignon,152035
Osvaldo Golijov,2022-01-10T11:55:30+00:00,The Man Who Cried: Close Your Eyes,137772
Marc Mellits,2022-01-10T11:52:45+00:00,Smoke: Movement 5,153227
Henrik Schwarz,2022-01-10T11:46:28+00:00,AlgoRhythm,152768
Angelica Negron,2022-01-10T11:41:14+00:00,Music for Students: Kyle Parker,118477
Ballaké Sissoko & Vincent Segal,2022-01-10T11:37:23+00:00,Super étoile,148630
BOTANY,2022-01-10T11:32:35+00:00,Ory (Joyous Toil),153556
Kara-Lis Coverdale,2022-01-10T11:29:05+00:00,Touch me & die,151239
The Necks,2022-01-10T11:25:43+00:00,The Boys: The Boys II,136881
Valgeir Sigurđsson,2022-01-10T11:23:34+00:00,Draumaland,129324
The Kraken Quartet,2022-01-10T11:18:51+00:00,Chance The Dog (the song),152667
Poppy Ackroyd,2022-01-10T11:14:35+00:00,Resolve,153661
Lapalux ft. GABI,2022-01-10T11:10:52+00:00,Data Demon,152034
Mary Lattimore,2022-01-10T10:59:23+00:00,It Feels Like Floating,153545
David Crowell,2022-01-10T10:55:40+00:00,Green Arrow,150066
Brian Eno,2022-01-10T10:50:01+00:00,"Discreet Music, part III",144469
Colin Stetson,2022-01-10T10:43:33+00:00,Spindrift,150043
Steve Reich,2022-01-10T10:40:05+00:00,Music for 18 Musicians: Pulses,148866
Philip Glass,2022-01-10T10:35:27+00:00,Koyaanisqatsi: Clouds,101715
Jónsi & Alex,2022-01-10T10:28:07+00:00,Atlas Song,120080
David Byrne,2022-01-10T10:23:26+00:00,High Life for Nine Instruments,105656
Ann Southam,2022-01-10T10:19:59+00:00,Glass Houses #1,142972
Duncan Bellamy,2022-01-10T10:16:15+00:00,Lines Glow,153458
Carolyn Yarnell,2022-01-10T10:08:39+00:00,Lapis Lazuli,108955
"Lindstrřm, ft. Jenny Hval",2022-01-10T10:01:17+00:00,Bungl (Like a Ghost),152079
Christina Vantzou,2022-01-10T09:58:31+00:00,At Dawn,153612
Cameron Britt,2022-01-10T09:52:52+00:00,Gossamer Albatross,119352
Marielle V Jakobsons,2022-01-10T09:46:01+00:00,Star Core,151785
Bell Orchestre,2022-01-10T09:41:52+00:00,The Upwards March,148831
Peter Gregson,2022-01-10T09:36:49+00:00,Time,143783
Vijay Iyer,2022-01-10T09:28:58+00:00,Historicity,159021
Meredith Monk,2022-01-10T09:26:57+00:00,Impermanence: Maybe 1,112757
Zammuto,2022-01-10T09:22:44+00:00,It Can Feel So Good,148796
Nora Morrow,2022-01-10T09:16:23+00:00,Rose Moon,155627
Mdou Moctar,2022-01-10T09:12:34+00:00,Taliat,158989
Tyondai Braxton,2022-01-10T09:06:09+00:00,ArpRec1,151098
Kyle Bobby Dunn,2022-01-10T09:01:55+00:00,An Excrement Suite (For Voices Lost Again),152041
Keith Jarrett,2022-01-10T08:36:32+00:00,The Koln Concert: Part 1,100433
Philip Glass,2022-01-10T08:33:35+00:00,Japura River,151001
"Oscar Brown, Jr / Rhiannon Giddens",2022-01-10T08:28:15+00:00,Brown Baby,159008
Laurel Halo,2022-01-10T08:25:11+00:00,Morcom,134550
Molly Joyce,2022-01-10T08:18:04+00:00,Lean Back And Release,151553
Seabuckthorn,2022-01-10T08:14:44+00:00,What the Shepherds Call Ghosts,152733
Jon Hassell,2022-01-10T08:08:35+00:00,Dreaming,152870
Andy Akiho,2022-01-10T08:03:39+00:00,"Three Shades, Foreshadows (excerpt)",133245
Emilie Levienaise-Farrouch,2022-01-10T07:59:49+00:00,Scale of Volatility,148043
Terry Riley,2022-01-10T07:41:09+00:00,A Rainbow in Curved Air,134160
Jaimie Branch,2022-01-10T07:35:49+00:00,Theme 002,151822
Melody's Echo Chamber,2022-01-10T07:31:14+00:00,Quand Vas Tu Rentrer,151973
Michael Gordon,2022-01-10T07:26:28+00:00,River,151748
Arvo Part,2022-01-10T07:24:16+00:00,Fur Alina,145540
Philip Glass; Ravi Shankar (composition for sitar),2022-01-10T07:13:38+00:00,Brazil,129635
Daniel Wohl,2022-01-10T07:10:44+00:00,"Aorta, Movement III",126326
Aphex Twin,2022-01-10T07:06:55+00:00,Fingerbib,148040
Laurie Anderson,2022-01-10T06:55:30+00:00,Another Day in America,117892
Marcos Balter,2022-01-10T06:49:46+00:00,Bladed Stance,139719
Bell Orchestre,2022-01-10T06:44:05+00:00,Dark Lights,148999
Jónsi & Alex,2022-01-10T06:34:49+00:00,Happiness,120079
Susumu Yokota,2022-01-10T06:32:09+00:00,Azukiiro No Kaori,153986
Nico Muhly,2022-01-10T06:29:05+00:00,I Drink the Air Before Me: Music Under Pressure 1 - Flute,118652
Iso Ambient Orchestra,2022-01-10T06:25:46+00:00,Smudgeon,151954
Philip Glass,2022-01-10T06:09:28+00:00,Kundun: Selections,105181
Vessel,2022-01-10T06:06:31+00:00,Arcanum (For Christalla),154494
Immortal Onion,2022-01-10T13:59:11+00:00,When a Dog Poops On Your Carpet,152573
Sons of Kemet,2022-01-10T13:52:39+00:00,My Queen is Angela Davis,151934
Gregory Beyer,2022-01-10T13:46:53+00:00,"Berimbau Trio no. 1, ""Harmonia""",153521
Philip Glass,2022-01-10T13:42:54+00:00,Etude 5,121808
Johann Johannsson,2022-01-10T13:39:27+00:00,Orphic Hymn,148138
Padma Newsome,2022-01-10T13:33:23+00:00,Pencil Stick,119336
The Cradle,2022-01-10T13:27:42+00:00,Bag of Holding,153877
Laurie Anderson,2022-01-10T13:23:09+00:00,From the Air,112370
Federico Durand,2022-01-10T13:18:06+00:00,El cascabel de plata,152039
Mary Ellen Childs,2022-01-10T13:10:17+00:00,Hocket,106325
Terry Riley,2022-01-10T13:03:39+00:00,Land's End,101318
Jacob Cooper,2022-01-10T12:56:41+00:00,Silver Threads: I. Silver Threads,138153
Glenn Kotche,2022-01-10T12:54:06+00:00,Anomaly mvt. 1,137648
Steve Reich,2022-01-10T12:50:04+00:00,Quartet: II. Slow,151881
Belinda Reynolds,2022-01-10T12:42:28+00:00,Yawp,106576
Anna Thorvaldsdottir,2022-01-10T12:27:58+00:00,Trajectories,140892
James Blake,2022-01-10T12:24:04+00:00,Retrograde,152406
David Lang,2022-01-10T12:16:01+00:00,Lost Objects: I Lost a Sock,107810
Meredith Monk,2022-01-10T12:13:29+00:00,"Book of Days: Travellers 1,2,3",117111
Max Richter,2022-01-10T12:06:54+00:00,On The Nature Of Daylight (Orchestral Version),154280
Philip Glass,2022-01-10T20:54:31+00:00,Etude 2,140879
Bjork,2022-01-10T20:51:00+00:00,Unravel,138096
Laurie Anderson,2022-01-10T20:43:33+00:00,Only An Expert,117890
Yann Tiersen,2022-01-10T20:39:06+00:00,Pern,148817
María Huld Markan Sigfúsdóttir,2022-01-10T20:31:18+00:00,Spirals,154040
Karen Gwyer,2022-01-10T20:27:11+00:00,Why Is There a Long Line in Front of the Factory?,152131
Terry Riley,2022-01-10T20:22:02+00:00,Is In C In F?,112263
Steve Reich,2022-01-10T20:15:10+00:00,"Variations for Vibes, Piano and Strings: 2. Slow",105335
Glenn Kotche,2022-01-10T20:12:23+00:00,Anomaly mvt. 2,137650
Sarah Kirkland Snider,2022-01-10T20:09:23+00:00,Penelope: Nausicaa,126899
David Lang,2022-01-10T19:58:53+00:00,"Cheating, Lying, Stealing",105949
Jessika Kenney,2022-01-10T19:53:26+00:00,Her Sword II,152576
Ballaké Sissoko & Vincent Segal,2022-01-10T19:47:59+00:00,Chamber Music,148627
Trygve Seim,2022-01-10T19:43:28+00:00,Across the Doorsill,148030
Hanan Townshend,2022-01-10T19:37:55+00:00,To the Wonder: Toil,136800
Sufjan Stevens,2022-01-10T19:34:47+00:00,The BQE: Part 6,105069
Nnamdi Ogbonnaya,2022-01-10T19:30:09+00:00,Freeze,154042
Sophia Loizou,2022-01-10T19:24:33+00:00,Genesis 92: The Awakening,152127
The Hands Free,2022-01-10T19:17:52+00:00,Lost Halo,151990
Poppy Ackroyd,2022-01-10T19:13:18+00:00,Paper,153635
Julianna Barwick,2022-01-10T19:07:42+00:00,Forever,148839
Laurie Spiegel,2022-01-10T18:57:40+00:00,The Orient Express,131119
Florent Ghys,2022-01-10T18:50:24+00:00,Teamwork,141176
Laraaji,2022-01-10T18:43:01+00:00,Through Luminous Eyes 4,158332
Max Richter,2022-01-10T18:36:46+00:00,On The Nature of Daylight,134724
Siamak Aghaei & Colin Jacobsen,2022-01-10T18:29:43+00:00,Ascending Bird,148547
Judd Greenstein,2022-01-10T18:18:28+00:00,City Boy,143228
Brian Eno,2022-01-10T18:09:54+00:00,1/2 (arr. David Lang),153878
Steve Reich,2022-01-10T17:48:04+00:00,Double Sextet: 1. Fast,146131
Jefre Cantu-Ledesma,2022-01-10T17:45:39+00:00,Echoing Green,152093
Ben Frost & Daniel Bjarnason,2022-01-10T17:40:36+00:00,Reyja,129850
Lubomyr Melnyk,2022-01-10T17:35:19+00:00,Evertina,142985
Vula Viel,2022-01-10T17:32:28+00:00,Breathe the Air,154610
Owen Pallett,2022-01-10T17:27:03+00:00,E is for Estranged,148303
Missy Mazzoli,2022-01-10T17:21:50+00:00,Vespers for Violin (and Electronics),152256
Philip Glass,2022-01-10T17:13:59+00:00,Koyaanisqatsi: Pruitt Igoe,107552
Makaya McCraven,2022-01-10T17:08:27+00:00,Young Genius,154055
Múm,2022-01-10T17:03:28+00:00,Green Grass of Tunnel,147960
Catrin Finch & Seckou Keita,2022-01-10T16:57:32+00:00,Hinna-Djulo,153513
Visible Cloaks,2022-01-10T16:55:17+00:00,Transient,153853
Du Yun,2022-01-10T16:49:52+00:00,When a Tiger Meets a Rosa Rugosa,136236
Lowly,2022-01-10T16:45:21+00:00,Word,152091
Glasser,2022-01-10T16:41:15+00:00,Home,153079
Shara Nova,2022-01-10T16:39:06+00:00,"A Paper, a pen, a note to a friend",123112
Veljo Tormis,2022-01-10T16:33:23+00:00,Singing Aboard Ship,101307
Atom TM,2022-01-10T16:30:11+00:00,Voralpenthema,138065
Dmitry Evgrafov,2022-01-10T16:25:43+00:00,Consolation,153779
Anna Meredith,2022-01-10T16:23:02+00:00,How to Be Confident,153462
Osvaldo Golijov,2022-01-10T16:17:20+00:00,Lúa Descolorida (Aria De Las Lágrimas De Pedro),159003
David Allred,2022-01-10T16:12:33+00:00,For Catherine E. Coulson,154322
Jessica Meyer,2022-01-10T16:09:08+00:00,Source of Joy,142904
Meredith Monk,2022-01-10T16:04:03+00:00,Impermanence: Mieke's Melody #5,105999
Steve Reich,2022-01-10T15:53:31+00:00,Different Trains: After the War,108266
Leon Lowman,2022-01-10T15:50:04+00:00,Narrow River,152080
Yann Tiersen,2022-01-10T15:46:06+00:00,Penn ar Lann,148820
Aya Nishina,2022-01-10T15:38:32+00:00,White Flower,136516
Philip Glass,2022-01-10T22:59:35+00:00,Facades,129597
Nils Frahm,2022-01-10T22:53:41+00:00,Old Thought,125898
David Lang,2022-01-10T22:49:13+00:00,The Little Match Girl Passion: We Sit and Cry,123340
Star Rover,2022-01-10T22:45:49+00:00,Western Winds Bitter Christians,152092
Moondog (Louis Hardin),2022-01-10T22:39:42+00:00,Rabbit Hop,112815
Soojin Suh,2022-01-10T22:34:33+00:00,Colorist lll - Stream Of Consciousness,158706
He Was Eaten By Owls,2022-01-10T22:31:44+00:00,We Shall Oscillate Like A Pendulum,153605
Blind Willie Johnson,2022-01-10T22:27:53+00:00,Dark Was the Night,133508
Gwenifer Raymond,2022-01-10T22:22:02+00:00,Hell For Certain,158696
Damon Locks - Black Monument Ensemble,2022-01-10T22:16:07+00:00,The Colors That You Bring,158651
Amanda Berlind,2022-01-10T22:09:48+00:00,Woog,158604
Felicita (feat. Caroline Polachek),2022-01-10T22:04:19+00:00,Marzipan,153876
Tomaga,2022-01-10T21:59:41+00:00,The Inexorable Sadness of Pencils,152658
iboukle Martinaityte,2022-01-10T21:46:39+00:00,Millefleur,158600
Ex Easter Island Head,2022-01-10T21:42:58+00:00,Ten Bells,152656
TEEN,2022-01-10T21:39:11+00:00,Tokyo,152085
Lubomyr Melnyk,2022-01-10T21:31:38+00:00,Son Of Parasol,154320
G Y D A,2022-01-10T21:25:20+00:00,Í Annarri Vídd,154038
Jacob Cooper,2022-01-10T21:16:08+00:00,Clifton Gates,124415
Juana Molina,2022-01-10T21:10:26+00:00,Sin Domes,148989
Susan Alcorn,2022-01-10T21:04:43+00:00,Pedernal,158329
Meredith Monk,2022-01-10T21:01:54+00:00,Quarry Weave,140798
John Supko,2022-01-11T04:54:32+00:00,Divine the Rest,143224
Padma Newsome,2022-01-11T04:50:32+00:00,On the Edge,119566
Pamela Z,2022-01-11T04:42:10+00:00,The Schmetterling,159035
Nicole Lizee,2022-01-11T04:28:47+00:00,"Death to Kosmische (Live from the Greene Space on March 24, 2014)",138173
Philip Glass,2022-01-11T04:23:35+00:00,Etude 6,140883
Matmos,2022-01-11T04:18:53+00:00,Flame,117574
David Lang,2022-01-11T04:15:19+00:00,The Little Match Girl Passion: When It Is Time For Me To Go,135095
Daniel Bjarnason,2022-01-11T04:00:08+00:00,Emergence,135181
Vijay Iyer,2022-01-11T03:54:42+00:00,Break Stuff,159022
Mr. Fingers,2022-01-11T03:51:48+00:00,The Juice,152179
Jherek Bischoff,2022-01-11T03:44:19+00:00,The Sea's Son,146237
Gian Carlo Menotti / Rhiannon Giddens,2022-01-11T03:40:02+00:00,Black Swan,159010
Nigel Westlake,2022-01-11T03:32:41+00:00,Onomatopoeia,135117
Jon Hassell,2022-01-11T03:21:27+00:00,Last Night the Moon Came,127853
Maya Youssef,2022-01-11T03:10:08+00:00,Silver Lining,158734
Okkyung Lee,2022-01-11T03:03:22+00:00,Sky,106975
Gwenifer Raymond,2022-01-11T02:57:32+00:00,Gwaed am Gwaed,158699
Agnes Obel,2022-01-11T02:54:36+00:00,Red Virgin Soil,148444
Kirsten Volness,2022-01-11T02:46:32+00:00,River Rising,158601
Sam Gendel,2022-01-11T02:41:31+00:00,East LA Haze Dream,154101
Park Jiha,2022-01-11T02:38:27+00:00,Arrival,154790
Cate Le Bon,2022-01-11T02:35:44+00:00,Wonderful,152177
Esperanza Spalding,2022-01-11T02:29:34+00:00,formwela 2,158988
SANS,2022-01-11T02:25:53+00:00,Kulkija - The Walking Song,153680
Emilie Levienaise-Farrouch,2022-01-11T02:23:03+00:00,Minnesang,148441
The New Pornographers,2022-01-11T02:20:03+00:00,Execution Day,152265
Steve Hauschildt,2022-01-11T02:14:13+00:00,Time We Have,152190
Tim Hecker,2022-01-11T02:05:31+00:00,This Life,153933
Philip Glass,2022-01-11T01:57:19+00:00,Koyaanisqatsi: Vessels,129764
Tristan Perich,2022-01-11T01:50:09+00:00,Telescope,144545
Foday Musa Suso,2022-01-11T01:44:02+00:00,Summer Time,128649
Padma Newsome,2022-01-11T01:38:41+00:00,Cloud Theory,153828
Nico Muhly,2022-01-11T01:34:01+00:00,Comfortable Cruising Altitude,150923
GABI,2022-01-11T01:28:03+00:00,Falling,152171
Jessica Meyer,2022-01-11T01:23:15+00:00,Hello,140463
Laurie Anderson,2022-01-11T01:14:51+00:00,O Superman (for Massenet),112363
Gyorgy Ligeti,2022-01-11T01:12:27+00:00,Etudes for Piano (adapted for player piano) X. Der Zauberlehrling,114204
"Laura Gibson, Ethan Rose",2022-01-11T01:09:45+00:00,Old Waters,127228
David Lang,2022-01-11T01:00:03+00:00,The So-Called Laws of Nature: Part III,126621
Francesco Tristano,2022-01-11T00:53:01+00:00,A Soft Shell Groove,139738
Paola Prestini,2022-01-11T00:47:12+00:00,Sympathique,151593
Paul de Jong,2022-01-11T00:43:31+00:00,Inward Bound,121191
Missy Mazzoli,2022-01-11T00:33:37+00:00,Tooth and Nail,133613
Mark Dancigers,2022-01-11T00:25:35+00:00,Cloudbank,100295
Angel Deradoorian,2022-01-11T00:17:19+00:00,Return-Transcend,151789
Fred Szymanski,2022-01-11T00:12:47+00:00,It Is Hard To Know,152143
Jherek Bischoff,2022-01-11T00:07:03+00:00,Cistern 1 VRSN2,124284
Meredith Monk,2022-01-11T00:02:41+00:00,Facing North: Hocket,152537
