artist,start_time,title,uid
John Mackey,2022-01-30T05:58:26+00:00,Sheltering Sky,148553
dal:um,2022-01-30T11:55:55+00:00,The Waves,158979
Marcos Balter,2022-01-30T11:52:03+00:00,"Meltdown Upshot: No. 5, Home",148316
Okkyung Lee,2022-01-30T11:45:54+00:00,One Hundred Years Old Rain (The Same River Twice),128102
Terry Riley,2022-01-30T11:40:44+00:00,Is In C In F?,112263
Aphex Twin,2022-01-30T11:36:55+00:00,Fingerbib,148040
James Blake,2022-01-30T11:33:20+00:00,Guerrero+Blake (Olga Bell mix),138103
Explosions in the Sky & David Wingo,2022-01-30T11:29:34+00:00,Prince Avalanche: An Old Peasant Like Me,136829
Aleksandra Vrebalov,2022-01-30T11:25:27+00:00,The Sea Ranch Songs: Elements I,146793
Yasmin Williams,2022-01-30T11:20:26+00:00,Urban Driftwood (ft. Amadou Kouyate),158513
Sam Evian,2022-01-30T11:16:02+00:00,Carolina,152477
Resina,2022-01-30T11:11:14+00:00,Trigger,153750
Caroline Shaw,2022-01-30T11:03:34+00:00,Blueprint,153634
Michael Gordon,2022-01-30T10:58:34+00:00,River,151748
Angelica Negron,2022-01-30T10:50:29+00:00,The Little Things,134932
Meredith Monk,2022-01-30T10:46:08+00:00,Facing North: Hocket,152537
Philip Glass,2022-01-30T10:29:49+00:00,Kundun: Selections,105181
Marcelo Zarvos,2022-01-30T10:24:57+00:00,Nepomuk's Dances: Arrival,130289
Son Lux,2022-01-30T10:21:54+00:00,Flowers,129435
Steve Reich,2022-01-30T10:18:26+00:00,Music for 18 Musicians: Pulses,148866
GoGo Penguin,2022-01-30T10:14:46+00:00,Don't Go,159165
Jónsi & Alex,2022-01-30T10:07:26+00:00,Atlas Song,120080
Delicate Steve,2022-01-30T10:02:48+00:00,Butterfly,152465
We Like We,2022-01-30T09:59:24+00:00,Endless Harmonies,152664
Ann Southam,2022-01-30T09:55:57+00:00,Glass Houses #1,142972
Duncan Bellamy,2022-01-30T09:48:33+00:00,Life Mask,153460
Laurie Spiegel,2022-01-30T09:43:42+00:00,Dirge Part I-II,131121
Carolyn Yarnell,2022-01-30T09:36:07+00:00,Lapis Lazuli,108955
Henrik Schwarz,2022-01-30T09:30:05+00:00,AlgoRhythm,152768
Nico Muhly,2022-01-30T09:25:25+00:00,Comfortable Cruising Altitude,150923
Trygve Seim,2022-01-30T09:20:49+00:00,Across the Doorsill,148030
Cameron Britt,2022-01-30T09:15:11+00:00,Gossamer Albatross,119352
Penguin Cafe Orchestra,2022-01-30T09:10:41+00:00,Perpetuum Mobile,149137
Jaimie Branch,2022-01-30T09:05:20+00:00,Theme 002,151822
Florist,2022-01-30T09:01:25+00:00,Vacation,152474
Mary Lattimore,2022-01-30T08:49:56+00:00,It Feels Like Floating,153545
Julianna Barwick,2022-01-30T08:45:32+00:00,Labyrinthine,148840
Marielle V Jakobsons,2022-01-30T08:38:35+00:00,Star Core,151785
James Blake,2022-01-30T08:34:52+00:00,Retrograde,152406
Arvo Part,2022-01-30T08:26:00+00:00,Wallfahrtslied (Pilgrim's Song),115839
"Oscar Brown, Jr / Rhiannon Giddens",2022-01-30T08:20:55+00:00,Brown Baby,159008
Philip Glass,2022-01-30T08:15:17+00:00,Madeira River,151003
Colin Stetson,2022-01-30T08:07:25+00:00,Like Wolves on the Fold,150041
Daniel Wohl,2022-01-30T08:02:52+00:00,Neighborhood,134470
Laurie Anderson,2022-01-30T07:51:27+00:00,Another Day in America,117892
Vessel,2022-01-30T07:48:30+00:00,Arcanum (For Christalla),154494
La Nińa de los Peines aka Pastora Pavón Cruz,2022-01-30T07:45:13+00:00,Bulerías,152458
Terry Riley,2022-01-30T07:39:08+00:00,Counting in C,112254
Julia Wolfe,2022-01-30T07:26:27+00:00,Protest,159004
Jacob Cooper,2022-01-30T07:17:15+00:00,Clifton Gates,124415
Sudan Archives,2022-01-30T07:13:32+00:00,Nont for Sale,152895
The Hands Free,2022-01-30T07:08:39+00:00,It's She,152000
Valgeir Sigurđsson,2022-01-30T07:03:58+00:00,"Cold Ground, Hot II",117386
Osvaldo Golijov,2022-01-30T06:57:45+00:00,Wa Habibi,159002
Bora Yoon,2022-01-30T06:47:07+00:00,O viridissima virga,144066
Yasmin Williams,2022-01-30T06:41:25+00:00,After the Storm,158514
Philip Glass; Ravi Shankar (composition for sitar),2022-01-30T06:31:01+00:00,Brazil,129635
Mary Lattimore & Mac McCaughan,2022-01-30T06:23:39+00:00,III,154616
Sky Macklay,2022-01-30T06:14:42+00:00,Many Many Cadences,152423
Caleb Burhans,2022-01-30T06:06:17+00:00,The Things Left Unsaid,134749
Padma Newsome,2022-01-30T06:04:35+00:00,Song of the Bees (Artifact),154598
Glenn Kotche,2022-01-30T13:59:23+00:00,Anomaly mvt. 2,137650
Zoe Keating,2022-01-30T13:54:19+00:00,Don't Worry,121233
Caroline Shaw,2022-01-30T13:45:16+00:00,Partita for Eight Voices: Courante,130422
Meredith Monk,2022-01-30T13:43:15+00:00,Impermanence: Maybe 1,112757
BOTANY,2022-01-30T13:38:27+00:00,Ory (Joyous Toil),153556
Philip Glass,2022-01-30T13:35:30+00:00,Japura River,151001
Ka Baird,2022-01-30T13:30:18+00:00,Tok Tru,152496
The Kraken Quartet,2022-01-30T13:25:34+00:00,Chance The Dog (the song),152667
Haley Heynderickx,2022-01-30T13:21:46+00:00,The Bug Collector,151825
Simon Jeffes,2022-01-30T13:18:11+00:00,Swing The Cat,159161
John Hollenbeck,2022-01-30T13:11:51+00:00,"Gray Cottage Study No. 7 ""tax penalty payment approaching""",120967
Nora Morrow,2022-01-30T13:05:30+00:00,Rose Moon,155627
Vijay Iyer,2022-01-30T12:57:40+00:00,Historicity,159021
Molly Joyce,2022-01-30T12:50:33+00:00,Lean Back And Release,151553
Park Jiha,2022-01-30T12:44:17+00:00,Philos,154791
Edgar Meyer,2022-01-30T12:40:18+00:00,1B,138280
Julianna Barwick,2022-01-30T12:34:52+00:00,Forever,148839
Kaija Saariaho,2022-01-30T12:32:22+00:00,"Cloud Trio - I. Calmo, medtitato",154391
Simone Forti,2022-01-30T12:22:09+00:00,Bottom (1968) (excerpt),152500
John Luther Adams,2022-01-30T12:05:47+00:00,Dream in White on White,118622
Nils Frahm,2022-01-30T12:02:39+00:00,Said and Done,116415
Belinda Reynolds,2022-01-30T14:59:08+00:00,Yawp,106576
Philip Glass,2022-01-30T20:55:09+00:00,Glassworks: 6. Closing,148588
Ryuichi Sakamoto,2022-01-30T20:50:32+00:00,Riot in Lagos,119729
Dino J.A. Deane,2022-01-30T20:45:23+00:00,NB4,152505
Gregory Beyer,2022-01-30T20:40:05+00:00,"Berimbau Quartet no 1, ""Chip""",153527
Anna Clyne,2022-01-30T20:29:53+00:00,Roulette,126556
Sam Gendel,2022-01-30T20:24:37+00:00,East LA Haze Dream,154101
Kyle Dixon & Michael Stein,2022-01-30T20:19:37+00:00,Hawkins,154058
Steve Tibbetts,2022-01-30T20:15:15+00:00,Life Of Dot,152734
Tim Hecker,2022-01-30T20:06:33+00:00,This Life,153933
Metá Metá,2022-01-30T19:58:36+00:00,Logun,152651
Pauline Oliveros,2022-01-30T19:52:38+00:00,Crossing the Sands,151894
Sons of Kemet,2022-01-30T19:46:06+00:00,My Queen is Angela Davis,151934
Padma Newsome,2022-01-30T19:40:44+00:00,Cloud Theory,153828
Hilary Hahn / Hauschka,2022-01-30T19:33:55+00:00,North Atlantic,127924
Carmen Villain,2022-01-30T19:29:37+00:00,Infinite Avenue,152520
Mark Dancigers,2022-01-30T19:21:36+00:00,Cloudbank,100295
Bryce Dessner,2022-01-30T19:18:40+00:00,Murder Ballades: Tears For Sister Polly,143696
Gyorgy Ligeti,2022-01-30T19:16:16+00:00,Etudes for Piano (adapted for player piano) X. Der Zauberlehrling,114204
Helado Negro,2022-01-30T19:12:45+00:00,Persona Facil,152087
Steve Reich,2022-01-30T19:03:12+00:00,Vermont Counterpoint,135545
Simon Jeffes,2022-01-30T19:00:55+00:00,Giles Farnaby's Dream,159156
Philip Glass,2022-01-30T18:54:38+00:00,Facades,129597
Vijay Iyer,2022-01-30T18:48:09+00:00,Accumulated Gestures,143672
Foday Musa Suso,2022-01-30T18:42:03+00:00,Summer Time,128649
Emilie Levienaise-Farrouch,2022-01-30T18:39:28+00:00,Minnesang,148441
David Lang,2022-01-30T18:35:00+00:00,The Little Match Girl Passion: We Sit and Cry,123340
Hidden Operator,2022-01-30T18:30:57+00:00,King Creole,152507
Francesco Tristano,2022-01-30T18:23:54+00:00,A Soft Shell Groove,139738
Laurie Anderson,2022-01-30T18:16:27+00:00,Only An Expert,117890
Ryan Francis,2022-01-30T18:09:59+00:00,Remix,146137
Yves Tumor,2022-01-30T18:07:47+00:00,Role In Creation,151784
Angel Deradoorian,2022-01-30T17:59:31+00:00,Return-Transcend,151789
Julianna Barwick,2022-01-30T17:55:13+00:00,Crystal Lake,148838
Ballaké Sissoko & Vincent Segal,2022-01-30T17:49:45+00:00,Chamber Music,148627
Juana Molina,2022-01-30T17:44:35+00:00,Martín Fierro,138090
Hanan Townshend,2022-01-30T17:39:02+00:00,To the Wonder: Toil,136800
Threefifty,2022-01-30T17:34:47+00:00,Crossing State Lines,148982
Missy Mazzoli,2022-01-30T17:29:33+00:00,Vespers for Violin (and Electronics),152256
Garland,2022-01-30T17:24:10+00:00,Sepses,152506
Anna Meredith,2022-01-30T17:21:30+00:00,How to Be Confident,153462
Steve Reich,2022-01-30T17:14:38+00:00,"Variations for Vibes, Piano and Strings: 2. Slow",105335
Tyshawn Sorey,2022-01-30T17:03:40+00:00,Flowers for Prashant,150936
Tod Dockstader,2022-01-30T17:01:47+00:00,Pond Dance,138123
Kara-Lis Coverdale,2022-01-30T16:58:17+00:00,Touch me & die,151239
Brian Eno,2022-01-30T16:52:52+00:00,"Discreet Music, part III",144469
Poppy Ackroyd,2022-01-30T16:48:12+00:00,Luna,153660
Patient Hands,2022-01-30T16:42:53+00:00,The Poisoner,154468
Makaya McCraven,2022-01-30T16:37:21+00:00,Young Genius,154055
Ben Frost & Daniel Bjarnason,2022-01-30T16:32:18+00:00,Reyja,129850
Max Richter,2022-01-30T16:26:49+00:00,Black Mirror: The Consolations of Philosophy,148617
Krycek & Wav Fuzz,2022-01-30T16:21:04+00:00,Ozone,152497
Simon Jeffes,2022-01-30T16:14:17+00:00,Numbers 1 - 4,159159
Vijay Iyer,2022-01-30T16:06:26+00:00,Dig The Say,140039
Christina Vantzou,2022-01-30T16:03:25+00:00,At Dawn,153612
John Adams,2022-01-30T15:58:36+00:00,John's Book of Alleged Dances: Habanera,103340
Zoe Keating,2022-01-30T15:52:37+00:00,Legions (War),121217
Philip Glass,2022-01-30T15:46:53+00:00,Dance II,107782
David Crowell,2022-01-30T15:43:10+00:00,Green Arrow,150066
Meredith Monk,2022-01-30T15:40:29+00:00,Songs of Ascension: Clusters 2,123099
Paola Prestini,2022-01-30T15:34:40+00:00,Sympathique,151593
Veljo Tormis,2022-01-30T15:29:11+00:00,Singing Aboard Ship,101307
Steve Reich,2022-01-30T15:20:07+00:00,Tokyo/Vermont Counterpoint,106520
Negative Gemini,2022-01-30T15:14:52+00:00,You Weren't There Anymore,152473
Rebecca Oswald,2022-01-30T15:09:56+00:00,"Sleep, Child",139416
Olga Bell,2022-01-30T15:06:54+00:00,Krasnoyarsk Krai,151549
Visible Cloaks,2022-01-30T22:57:51+00:00,Terrazzo,151119
Svarte Greiner,2022-01-30T22:49:28+00:00,Last Light,154073
Florent Ghys,2022-01-30T22:42:12+00:00,Teamwork,141176
Julianna Barwick,2022-01-30T22:36:40+00:00,Nebula,148834
Anna Thorvaldsdottir,2022-01-30T22:22:10+00:00,Trajectories,140892
Marty Manning,2022-01-30T22:19:21+00:00,The Twilight Zone,154069
Max Richter,2022-01-30T22:13:05+00:00,On The Nature of Daylight,134724
Johann Johannsson,2022-01-30T22:09:23+00:00,Arrival: Heptapod B,148197
Judd Greenstein,2022-01-30T21:58:08+00:00,City Boy,143228
Joanne Foreman,2022-01-30T21:52:45+00:00,Codex,152508
Jherek Bischoff,2022-01-30T21:45:17+00:00,The Sea's Son,146237
Bing & Ruth,2022-01-30T21:38:58+00:00,Starwood Choker,148294
Steve Reich,2022-01-30T21:27:17+00:00,Cello Counterpoint,106794
Andrew Bird,2022-01-30T21:25:48+00:00,Dance of Death,148396
Poppy Ackroyd,2022-01-30T21:21:14+00:00,Paper,153635
"Ensemble, Et Al",2022-01-30T21:15:51+00:00,Medal Meddle Metal,150360
Lubomyr Melnyk,2022-01-30T21:10:34+00:00,Evertina,142985
Laura Gibson,2022-01-30T21:04:42+00:00,Tall Grass Darkstar,127235
Ted Hearne,2022-01-30T21:01:04+00:00,Law of Mosaics: Excerpts from the middle of something,140550
Anna Clyne,2022-01-30T23:58:44+00:00,"Rewind (Live from the Chicago Symphone Orchestra on April 3, 2014)",145762
Simon Jeffes,2022-01-31T04:59:38+00:00,Music for a Found Harmonium,159162
Dustin O'Halloran,2022-01-31T04:56:52+00:00,Requiem for the Static King: Part One,124019
GoGo Penguin,2022-01-31T04:52:32+00:00,Ocean in a Drop,159163
Lei Liang,2022-01-31T04:49:41+00:00,Mountains Gradually Draw Closer,154402
Philip Glass,2022-01-31T04:45:34+00:00,Satyagraha: Evening Song,149426
Kate Moore,2022-01-31T04:41:35+00:00,Mystic Trumpeter,121274
Einojuhani Rautavaara,2022-01-31T04:36:23+00:00,"Cantus Arcticus, Op. 61: I. The Bog",159024
Smerz,2022-01-31T04:32:52+00:00,Because,152606
Kate Bush,2022-01-31T04:29:44+00:00,Mother Stands For Comfort,152175
Gwenifer Raymond,2022-01-31T04:23:53+00:00,Gwaed am Gwaed,158699
Francois Couturier,2022-01-31T04:19:16+00:00,Fantasia,148388
Tim Brady,2022-01-31T04:11:16+00:00,Désir: Concerto for Electric Guitar and Large Ensemble: Mvt. 1,154284
Ex Easter Island Head,2022-01-31T04:07:35+00:00,Ten Bells,152656
Missy Mazzoli,2022-01-31T04:02:53+00:00,Heartbreaker,145059
Peter Gregson,2022-01-31T03:57:50+00:00,Time,143783
LOMA,2022-01-31T03:52:07+00:00,Dark Oscillations,154062
Abel Selaocoe,2022-01-31T03:46:50+00:00,Eastern Bells ft Beka Reid & Seth Sutton,158694
Kjartan Sveinsson,2022-01-31T03:38:48+00:00,Teil I,147473
Kirsten Volness,2022-01-31T03:30:44+00:00,River Rising,158601
Charlie Parker,2022-01-31T03:25:38+00:00,"Dewey Square, arr. M. Parson",152591
Bing & Ruth,2022-01-31T03:19:01+00:00,The Towns We Love Is Our Own,144592
Park Jiha,2022-01-31T03:15:57+00:00,Arrival,154790
Cornelius Dufallo,2022-01-31T03:12:17+00:00,Violin Loop I,127567
Minyeshu,2022-01-31T03:07:27+00:00,Yetal (Where is it),153912
Delia Gonzalez,2022-01-31T03:01:19+00:00,In Through The Light,152113
Ryuichi Sakamoto,2022-01-31T02:57:38+00:00,Async: Stakra,149272
Philip Glass,2022-01-31T02:53:38+00:00,Etude 5,121808
Sufjan Stevens,2022-01-31T02:50:00+00:00,Year of the Tiger,100299
Laurie Anderson,2022-01-31T02:41:36+00:00,O Superman (for Massenet),112363
Osvaldo Golijov,2022-01-31T02:33:50+00:00,Radio,106939
Jessica Meyer,2022-01-31T02:30:25+00:00,Source of Joy,142904
Man Forever featuring Laurie Anderson,2022-01-31T02:20:36+00:00,Twin Torches featuring Laurie Anderson,152584
Matt McBane,2022-01-31T02:15:39+00:00,Ride,121399
David Lang,2022-01-31T02:05:09+00:00,"Cheating, Lying, Stealing",105949
Makaya McCraven,2022-01-31T01:55:44+00:00,Atlantic Black,153719
Nidia Minaj,2022-01-31T01:52:25+00:00,Sentimentos,152531
Jherek Bischoff,2022-01-31T01:46:41+00:00,Cistern 1 VRSN2,124284
Missy Mazzoli,2022-01-31T01:36:47+00:00,Tooth and Nail,133613
Nico Muhly,2022-01-31T01:31:58+00:00,Quiet Music,107764
Amiina,2022-01-31T01:27:55+00:00,Passacaglia,138839
Marc Mellits,2022-01-31T01:25:10+00:00,Smoke: Movement 5,153227
Johann Johannsson,2022-01-31T01:14:04+00:00,The Miners' Hymns: Freedom from Want and Fear,148297
G Y D A,2022-01-31T01:07:46+00:00,Í Annarri Vídd,154038
Brian Eno,2022-01-31T00:59:34+00:00,Kites I,152527
Nnamdi Ogbonnaya,2022-01-31T00:54:55+00:00,Freeze,154042
Nicole Lizee,2022-01-31T00:41:32+00:00,"Death to Kosmische (Live from the Greene Space on March 24, 2014)",138173
María Huld Markan Sigfúsdóttir,2022-01-31T00:33:44+00:00,Spirals,154040
TORRES,2022-01-31T00:28:37+00:00,Greener Stretch,152521
Daniel Bjarnason,2022-01-31T00:13:26+00:00,Emergence,135181
Steve Reich,2022-01-31T00:06:39+00:00,Quartet: I. Fast,151880
