artist,start_time,title,uid
Padma Newsome,2022-01-06T05:58:58+00:00,The Creatures in the Garden of Lady Walton: Cocodrillo,119564
Olafur Arnalds,2022-01-06T11:55:45+00:00,ekki hugsa,153604
Eric Whitacre,2022-01-06T11:51:23+00:00,Lux Aurumque (Light of Gold),119682
Claude Vivier,2022-01-06T11:48:32+00:00,Jesus Erbarme Dich,153078
Steve Reich,2022-01-06T11:39:00+00:00,Vermont Counterpoint,135545
Threefifty,2022-01-06T11:32:52+00:00,Running in a Burning House,148980
Anna Thorvaldsdottir,2022-01-06T11:27:07+00:00,Fields,150928
Sarathy Korwar,2022-01-06T11:21:05+00:00,Indefinite Leave To Remain,153539
Du Yun,2022-01-06T11:15:41+00:00,When a Tiger Meets a Rosa Rugosa,136236
Kimmo Pohjonen and Samuli Kosminen,2022-01-06T11:09:53+00:00,Uniko: VII. Avara,137726
Shara Nova,2022-01-06T11:07:45+00:00,"A Paper, a pen, a note to a friend",123112
Sean Mac Erlaine,2022-01-06T11:01:41+00:00,En Fetelle Mai,152827
Anna Clyne,2022-01-06T10:48:06+00:00,Prince of Clouds,139119
Tim Hecker,2022-01-06T10:43:11+00:00,Obsidian Counterpoint,146239
Ryan Brown,2022-01-06T10:37:49+00:00,Under the Rug,119354
LCD Soundsystem,2022-01-06T10:24:11+00:00,Pulse (v1),150242
Poppy Ackroyd,2022-01-06T10:19:17+00:00,Quail,153636
Caleb Burhans,2022-01-06T10:06:56+00:00,Beneath,142559
Delia Gonzalez,2022-01-06T10:00:48+00:00,In Through The Light,152113
Thor & Friends,2022-01-06T09:56:32+00:00,Swimming with Stina,150526
Philip Glass,2022-01-06T09:50:15+00:00,Facades,129597
Off World,2022-01-06T09:43:27+00:00,Choral Hatch,146295
David Lang,2022-01-06T09:38:59+00:00,The Little Match Girl Passion: We Sit and Cry,123340
BON,2022-01-06T09:32:40+00:00,Aya,159042
Tess Roby,2022-01-06T09:29:02+00:00,Air Above Mirage,154178
Sons of Kemet,2022-01-06T09:22:30+00:00,My Queen is Angela Davis,151934
Valgeir Sigurđsson,2022-01-06T09:20:12+00:00,Draumaland,129324
Keith Fullerton Whitman,2022-01-06T09:10:26+00:00,Generator 1,138119
Tomaga,2022-01-06T09:05:49+00:00,The Inexorable Sadness of Pencils,152658
Kate Moore,2022-01-06T08:56:46+00:00,Sensitive Spot,142344
Ex Easter Island Head,2022-01-06T08:53:06+00:00,Ten Bells,152656
John Zorn,2022-01-06T08:46:29+00:00,Gnostic Prelude VII. Sign and Sigil,135318
Metá Metá,2022-01-06T08:38:32+00:00,Logun,152651
Evan Ziporyn,2022-01-06T08:31:14+00:00,Qi: Transport,151097
Steve Reich,2022-01-06T08:27:11+00:00,Quartet: II. Slow,151881
Omar Khorshid,2022-01-06T08:20:14+00:00,Taqasim Sanat Alfeyn,159039
Kevin Puts,2022-01-06T08:13:51+00:00,If I Were a Swan,134802
Steve Hauschildt,2022-01-06T08:08:01+00:00,Time We Have,152190
Shabaka Hutchings,2022-01-06T08:00:48+00:00,"Black Skin, Black Masks",153993
Padma Newsome,2022-01-06T07:55:08+00:00,Trunk Proud,153827
Foday Musa Suso,2022-01-06T07:49:02+00:00,Summer Time,128649
Aleksandra Vrebalov,2022-01-06T07:43:54+00:00,The Sea Ranch Songs: Elements II,146797
Philip Glass,2022-01-06T07:39:54+00:00,Etude 5,121808
Arcade Fire,2022-01-06T07:36:34+00:00,Her: Sleepwalker,136810
Laurie Anderson,2022-01-06T07:28:10+00:00,O Superman (for Massenet),112363
John Luther Adams,2022-01-06T07:25:15+00:00,In the White Silence: Letter O,153444
Terry Riley,2022-01-06T07:18:37+00:00,Land's End,101318
Sean Mac Erlaine,2022-01-06T07:14:10+00:00,The Alchemist III,152826
Massive Attack,2022-01-06T07:10:59+00:00,Danny the Dog: Sam,136930
Haley Heynderickx,2022-01-06T07:07:11+00:00,The Bug Collector,151825
Florent Ghys,2022-01-06T07:00:45+00:00,Beaute Plastique,141169
Frank Zappa,2022-01-06T06:57:06+00:00,Peaches En Regalia,152725
David Lang,2022-01-06T06:46:35+00:00,"Cheating, Lying, Stealing",105949
Joni Mitchell,2022-01-06T06:43:31+00:00,Blue,102561
Poppy Ackroyd,2022-01-06T06:39:16+00:00,Resolve,153661
Flying Lotus,2022-01-06T06:37:59+00:00,Until the Colours Come,135931
Steve Reich,2022-01-06T06:31:13+00:00,Quartet: I. Fast,151880
Kjartan Sveinsson,2022-01-06T06:24:20+00:00,Teil III,147475
David Crowell,2022-01-06T06:20:37+00:00,Green Arrow,150066
Little Walter,2022-01-06T06:17:02+00:00,Don't Need No Horse,152978
Scott L. Miller,2022-01-06T06:07:30+00:00,Admiration,154286
Osvaldo Golijov,2022-01-06T06:00:57+00:00,"Last Round, mvt. II: Lentissimo",148504
Terry Riley,2022-01-06T13:48:24+00:00,In C,112267
Laraaji,2022-01-06T13:45:01+00:00,Laraajazzi (Natureboy Flako Remix),154098
Laurie Anderson,2022-01-06T13:39:46+00:00,Hiawatha,103764
John Hollenbeck,2022-01-06T13:32:06+00:00,Long Swing Dream,151229
Meredith Monk,2022-01-06T13:27:56+00:00,Do You Be,100015
Angelica Negron,2022-01-06T13:21:48+00:00,Quimbombo,131973
Ballaké Sissoko & Vincent Segal,2022-01-06T13:16:21+00:00,Chamber Music,148627
Monsieur Doumani,2022-01-06T13:11:32+00:00,Tiritichtas,159048
Rachel Grimes,2022-01-06T13:09:19+00:00,Every Morning,148305
Jherek Bischoff,2022-01-06T13:04:02+00:00,Closer to Closure,146222
Noveller,2022-01-06T12:59:35+00:00,A Pink Sunset For No One,152317
Kate Moore,2022-01-06T12:55:25+00:00,Whoever You Are Come Forth,146064
Daníel Bjarnason,2022-01-06T12:44:38+00:00,Blow Bright,154041
Richard Reed Parry,2022-01-06T12:37:56+00:00,Quartet for Heart and Breath,139135
Missy Mazzoli,2022-01-06T12:32:43+00:00,Vespers for Violin (and Electronics),152256
Gary Lionelli,2022-01-06T12:30:09+00:00,OJ: Made in America: Made in America,148575
Makaya McCraven,2022-01-06T12:24:37+00:00,Young Genius,154055
Erkki-Sven Tuur,2022-01-06T12:17:20+00:00,Dedication,144404
Hatis Noit,2022-01-06T12:09:27+00:00,Illogical Lullaby,153606
Hania Rani,2022-01-06T12:04:11+00:00,Con Moto,159043
Felicia Atkinson,2022-01-06T12:00:27+00:00,I'm Following You,154105
Padma Newsome,2022-01-06T20:58:39+00:00,Pencil Stick,119336
Monsieur Doumani,2022-01-06T20:54:16+00:00,Thamata,159050
Bing & Ruth,2022-01-06T20:48:10+00:00,Police Police Police Police Police,144591
Laurie Anderson,2022-01-06T20:43:37+00:00,From the Air,112370
Colleen,2022-01-06T20:40:32+00:00,Geometría del Universo,152804
Saltland,2022-01-06T20:36:21+00:00,A Common Truth,148393
Ryuichi Sakamoto,2022-01-06T20:32:29+00:00,Solari,150042
Daniel Brandt,2022-01-06T20:27:22+00:00,Ltd,153538
Devonte Hynes (Blood Orange),2022-01-06T20:22:51+00:00,Palo Alto: Fred Drives,148795
Jherek Bischoff,2022-01-06T20:19:04+00:00,Cas(s)iopeia,146223
Philip Glass,2022-01-06T20:13:52+00:00,Etude 6,140883
Rexy,2022-01-06T20:09:27+00:00,Dont Turn Me Away,154124
Jakub Ciupinski,2022-01-06T19:57:20+00:00,Morning Tale,146965
Jon Hopkins,2022-01-06T19:51:22+00:00,Emerald Rush,153372
Henrique Eisenmann,2022-01-06T19:45:31+00:00,Anthropophagy,153534
Poppy Ackroyd,2022-01-06T19:40:16+00:00,Roads,142992
Ka Baird,2022-01-06T19:35:29+00:00,You Are Myself,152711
Clint Mansell,2022-01-06T19:29:21+00:00,High Rise: Danger in the Streets of the Sky,148597
Haron,2022-01-06T19:19:36+00:00,Lotuseter,152948
Childish Japes,2022-01-06T19:15:43+00:00,Before You Die,152588
Torbjorn Omalm,2022-01-06T19:11:09+00:00,Huhta,148385
Maria Huld Markan Sigfusdottir,2022-01-06T19:03:32+00:00,Clockworking,143593
big dog little dog,2022-01-06T18:59:24+00:00,Cipher,159036
Les Halles,2022-01-06T18:52:34+00:00,First Distance,152498
Gwenifer Raymond,2022-01-06T18:45:39+00:00,Strange Lights Over Garth Mountain,158697
Ian Gottlieb,2022-01-06T18:41:48+00:00,Threading Light II.,153194
Squarepusher,2022-01-06T18:36:16+00:00,Iambic 5 Poetry,152328
David Lang,2022-01-06T18:26:35+00:00,The So-Called Laws of Nature: Part III,126621
Anna & Elizabeth,2022-01-06T18:22:52+00:00,Hop High,151974
Raime,2022-01-06T18:18:14+00:00,Real People,153023
Hania Rani,2022-01-06T18:13:18+00:00,Dunkel,159046
Jacaszek,2022-01-06T18:10:12+00:00,Even Not Within Seeing Of The Sun,152785
Philip Glass,2022-01-06T17:57:31+00:00,"Powaqqatsi: Video Dream, New Cities in Ancient Lands",129722
Sarah Davachi,2022-01-06T17:49:10+00:00,For Organ,151535
BON,2022-01-06T17:45:03+00:00,Veritas,159041
Zoe Keating,2022-01-06T17:38:29+00:00,Escape Artist,121228
Jessie Montgomery,2022-01-06T17:35:37+00:00,Duo for Violin and Cello: III. Presto,159037
Clarice Jensen,2022-01-06T17:28:53+00:00,The End,159051
Andrew Bird,2022-01-06T17:22:09+00:00,Ethio Invention No. 1,148395
Einojuhani Rautavaara,2022-01-06T17:16:57+00:00,"Cantus Arcticus, Op. 61: I. The Bog",159024
Kirsten Volness,2022-01-06T17:13:12+00:00,Gaia,137974
Sufjan Stevens,2022-01-06T17:09:30+00:00,Planetarium: Moon,150068
"Ballake Sissoko, Sona Jobarteh",2022-01-06T17:04:40+00:00,Djourou,159029
Valerie Coleman,2022-01-06T17:01:51+00:00,Umoja,122853
Vijay Iyer,2022-01-06T16:56:26+00:00,Break Stuff,159022
Oneohtrix Point Never,2022-01-06T16:51:13+00:00,Chrome Country,148300
Gian Carlo Menotti / Rhiannon Giddens,2022-01-06T16:46:56+00:00,Black Swan,159010
Terry Riley,2022-01-06T16:36:25+00:00,Sunrise of the Planetary Dream Collector,137717
Maya Youssef,2022-01-06T16:25:07+00:00,Silver Lining,158734
Sean Mac Erlaine,2022-01-06T16:20:49+00:00,Hansa Dase,152828
Bill Frisell,2022-01-06T16:18:06+00:00,John Steinbeck,140047
G Y D A,2022-01-06T16:11:48+00:00,Í Annarri Vídd,154038
Alexander Balanescu,2022-01-06T16:08:18+00:00,Angels & Insects: Waltz,148625
Foday Musa Suso,2022-01-06T16:03:45+00:00,"Spring Waterfall (Live from National Sawdust on October 1, 2015)",144314
Soojin Suh,2022-01-06T15:58:37+00:00,Colorist lll - Stream Of Consciousness,158706
Vula Viel,2022-01-06T15:54:16+00:00,Do Not Be Afraid,154047
Philip Glass,2022-01-06T15:45:27+00:00,Akhnaten: Funeral,129602
Florent Ghys,2022-01-06T15:41:48+00:00,Coma Carus,116351
David Lang,2022-01-06T15:33:45+00:00,Lost Objects: I Lost a Sock,107810
Kelly Moran,2022-01-06T15:30:53+00:00,Aster,152245
Angel Deradoorian,2022-01-06T15:22:37+00:00,Return-Transcend,151789
Monsieur Doumani,2022-01-06T15:17:48+00:00,Alavrostishiotis,159049
Steve Reich,2022-01-06T15:10:51+00:00,Double Sextet: 2. Slow,148778
Meredith Monk,2022-01-06T15:06:29+00:00,Facing North: Hocket,152537
Laurie Anderson,2022-01-06T22:59:29+00:00,Only An Expert,117890
Colleen,2022-01-06T22:53:26+00:00,This Hammer Breaks,150541
Poppy Ackroyd,2022-01-06T22:48:45+00:00,Luna,153660
Holly Herndon,2022-01-06T22:44:12+00:00,Locker Leak,153257
Hilary Hahn / Hauschka,2022-01-06T22:38:45+00:00,Adash,127921
MIA,2022-01-06T22:36:05+00:00,Galang (Trio Riot Version),159020
Tim Hecker,2022-01-06T22:30:52+00:00,Violet Monumental I,146256
Goran Bregovic,2022-01-06T22:26:03+00:00,Champagne,122419
Abel Selaocoe,2022-01-06T22:20:46+00:00,Eastern Bells ft Beka Reid & Seth Sutton,158694
Bryce Dessner,2022-01-06T22:12:52+00:00,Little Blue Something,135640
Kirsten Volness,2022-01-06T22:04:48+00:00,River Rising,158601
Sam Gendel,2022-01-06T22:01:02+00:00,THEEM AND VARIATIONS,153195
Park Jiha,2022-01-06T21:57:58+00:00,Arrival,154790
Sarah Kirkland Snider,2022-01-06T21:50:24+00:00,The Currents,145055
Philip Glass,2022-01-06T21:46:17+00:00,Satyagraha: Evening Song,149426
Tenderlonious,2022-01-06T21:43:13+00:00,SV Interlude (feat. The22archestra),153025
Max Richter,2022-01-06T21:39:19+00:00,Orlando: Genesis of Poetry,148848
SANS,2022-01-06T21:35:39+00:00,Kulkija - The Walking Song,153680
Arca,2022-01-06T21:31:36+00:00,Desafío,152410
Radiohead,2022-01-06T21:27:54+00:00,Treefingers,148255
Steve Tibbetts,2022-01-06T21:23:32+00:00,Life Of Dot,152734
Kelly Lee Owens,2022-01-06T21:20:19+00:00,S.O,152129
Masayoshi Fujita,2022-01-06T21:15:55+00:00,It's Magical,152665
Midhat Assem,2022-01-06T21:12:48+00:00,"Ya Habibi Ta'ala (My Love, Come Quickly)",101629
David Lang,2022-01-06T21:09:14+00:00,The Little Match Girl Passion: When It Is Time For Me To Go,135095
Elena Kats-Chernin,2022-01-06T21:04:44+00:00,Unsent Love Letters,154690
Steve Reich,2022-01-07T04:54:28+00:00,Tehillim: Part 1,147586
Rachel Grimes,2022-01-07T04:46:57+00:00,"The Clearing (Live from Merkin Concert Hall on February 10, 2016",145036
Caroline Shaw,2022-01-07T04:44:59+00:00,Plan & Elevation: IV. The Orangery,154686
Hania Rani,2022-01-07T04:40:23+00:00,Jezus Malusienki,159044
Osvaldo Golijov,2022-01-07T04:34:11+00:00,Tenebrae: I.,148505
Jennifer Jolley,2022-01-07T04:30:58+00:00,"Prisoner of Conscience, V. Police and Thieves",152385
Bing & Ruth,2022-01-07T04:24:47+00:00,TWTGA,148296
Torbjorn Omalm,2022-01-07T04:22:04+00:00,Ruija,148384
Nils Frahm,2022-01-07T04:18:34+00:00,Keep,125894
Kara-Lis Coverdale,2022-01-07T04:14:07+00:00,Imgs/r,152479
Jakub Ciupinski,2022-01-07T04:08:15+00:00,The Architect's Brother,125181
Sufjan Stevens,2022-01-07T04:04:22+00:00,The Human Plague (Remix),140544
Sarah Davachi,2022-01-07T03:58:54+00:00,Evensong,153722
Grouper,2022-01-07T03:54:12+00:00,Clearing,152402
Daniel Herskedal,2022-01-07T03:48:44+00:00,The Roc,153540
Jon Hopkins,2022-01-07T03:45:01+00:00,Echo Dissolve,153377
Yann Tiersen,2022-01-07T03:41:56+00:00,Yuzin,148845
Esmerine,2022-01-07T03:38:03+00:00,Translator's Clos I,153541
Kate Moore,2022-01-07T03:25:14+00:00,Sliabh Beagh,145014
A Winged Victory for the Sullen,2022-01-07T03:20:46+00:00,Steep Hills of Vicodin Tears,124022
Lubomyr Melnyk,2022-01-07T03:13:33+00:00,Requiem For A Fallen Tree,154302
Andréa Daltro,2022-01-07T03:07:46+00:00,Kiuá,154490
Joep Beving,2022-01-07T03:02:25+00:00,Hanging D,153537
Padma Newsome,2022-01-07T02:58:22+00:00,Pitasi,119342
Trio Chemirani,2022-01-07T02:53:06+00:00,Synkathistos,153535
Peter Gregson,2022-01-07T02:48:03+00:00,Cycle,143784
Pariah,2022-01-07T02:41:06+00:00,Linnaea,152972
ouri,2022-01-07T02:37:51+00:00,Escape,153514
Vijay Iyer,2022-01-07T02:31:48+00:00,Passage,147096
Noveller,2022-01-07T02:26:14+00:00,Deep Shelter,151688
Vessel,2022-01-07T02:23:49+00:00,Good Animal (For Hannah),154491
Pino Forastiere,2022-01-07T02:19:08+00:00,Unpredictable Dance,150531
Caroline Shaw,2022-01-07T02:13:16+00:00,Partita for Eight Voices: Passacaglia,130418
Satoshi & Makoto,2022-01-07T02:10:27+00:00,Flour,151846
John Zorn,2022-01-07T02:07:29+00:00,Bikkurim,154502
Johann Johannsson,2022-01-07T02:03:54+00:00,Ţynnkudagur,120022
Hildigunnur Rúnarsdóttir,2022-01-07T01:59:02+00:00,Vocalise,116086
Michael Gordon,2022-01-07T01:48:41+00:00,Clouded Yellow,151701
Shara Nova,2022-01-07T01:44:43+00:00,From the Invisible to the Visible,133130
Negro Leo,2022-01-07T01:42:07+00:00,Singular,153461
Hannah Lash,2022-01-07T01:36:12+00:00,Stalk,144070
Philip Glass,2022-01-07T01:29:48+00:00,Glassworks: 1. Opening,148583
Peteris Vasks,2022-01-07T01:21:29+00:00,Cantabile per Archi,117233
Nico Muhly,2022-01-07T01:12:09+00:00,Clear Music,104294
Shore,2022-01-07T01:06:13+00:00,A Hundred Times,153910
Judd Greenstein,2022-01-07T00:52:45+00:00,Change,121577
Rhiannon Giddens,2022-01-07T00:49:50+00:00,Ten Thousand Voices,159006
Jherek Bischoff,2022-01-07T00:45:35+00:00,The Wolf,146228
Les Filles de Illighadad,2022-01-07T00:40:24+00:00,Surbajo,158992
Tim Hecker,2022-01-07T00:35:37+00:00,Borderlands,148800
Kaki King,2022-01-07T00:31:06+00:00,Teek,158703
Jon Hopkins,2022-01-07T00:20:14+00:00,Everything Connected,153374
Ingram Marshall,2022-01-07T00:10:10+00:00,Fog Tropes,105438
Gwenifer Raymond,2022-01-07T00:04:19+00:00,Hell For Certain,158696
