artist,start_time,title,uid
Kaitlyn Aurelia Smith,2022-01-05T05:58:18+00:00,Riparian,153895
Vijay Iyer,2022-01-05T11:53:25+00:00,Touba,159023
Kate NV,2022-01-05T11:49:08+00:00,??? bug,153177
Ben Lukas Boysen,2022-01-05T11:44:38+00:00,Sleepers Beat Theme,152249
Sean Mac Erlaine,2022-01-05T11:40:52+00:00,The Melting Song,152820
Harold Budd & Robin Guthrie,2022-01-05T11:34:57+00:00,Perfect Fire,158325
Anna Thorvaldsdottir,2022-01-05T11:21:26+00:00,Aeriality,140890
David Lang,2022-01-05T11:18:21+00:00,Light Moving,136237
Meredith Monk,2022-01-05T11:10:37+00:00,Atlas - Part 1: Personal Climate: Choosing Companions,152787
Stella Chiweshe,2022-01-05T11:05:46+00:00,Nehondo,154800
Marc Mellits,2022-01-05T11:02:37+00:00,Smoke: Movement 3,153225
Makaya McCraven,2022-01-05T10:59:40+00:00,Black Lion,153720
Hermeto Pascoal,2022-01-05T10:55:04+00:00,Mercosom,152731
"Jon Hassell, Brian Eno",2022-01-05T10:51:35+00:00,Delta Rain Dream,152876
Ryuichi Sakamoto,2022-01-05T10:47:33+00:00,Asnyc: Ubi,149273
Steve Reich,2022-01-05T10:38:32+00:00,Different Trains: America - Before the war,108477
Tunto,2022-01-05T10:34:00+00:00,Kakadu Music,152782
Mark O'Connor,2022-01-05T10:28:13+00:00,Appalachia Waltz,137775
Stuart Dempster,2022-01-05T10:18:33+00:00,Morning Light,152144
The Dreebs,2022-01-05T10:14:46+00:00,De Beers,152932
Dan Deacon,2022-01-05T10:13:07+00:00,Rat Film: Seagull,153358
Osvaldo Golijov,2022-01-05T10:07:25+00:00,Lúa Descolorida (Aria De Las Lágrimas De Pedro),159003
Emily Glass,2022-01-05T10:04:46+00:00,Gentle Sanctuary,153798
Kaki King,2022-01-05T10:01:35+00:00,Great Round Burn,158705
Traditional,2022-01-05T09:58:30+00:00,Erghan Diado (Song of Schopsko),152680
Yasmin Williams,2022-01-05T09:54:39+00:00,Juvenescence,158507
Shida Shahabi,2022-01-05T09:51:45+00:00,Flora,153799
Jessie Montgomery,2022-01-05T09:44:52+00:00,Strum,153749
Gilda Lyons,2022-01-05T09:40:35+00:00,Bone Needles,152738
Oliver Coates,2022-01-05T09:35:04+00:00,Sky with Four Moons,153209
Aya Nishina,2022-01-05T09:27:30+00:00,White Flower,136516
Kate NV,2022-01-05T09:22:41+00:00,yxo EAR,153171
itsnotyouitsme,2022-01-05T09:15:34+00:00,always look up (always look up),123674
Christopher Cerrone,2022-01-05T09:04:42+00:00,South Catalina,145364
Jon Hassell,2022-01-05T08:58:08+00:00,Secretly Happy,152885
Jessica Meyer,2022-01-05T08:54:43+00:00,Source of Joy,142904
Konrad Kaczmarek,2022-01-05T08:49:03+00:00,Freezing Alt,123724
Steve Reich,2022-01-05T08:38:31+00:00,Different Trains: After the War,108266
Mary Lattimore,2022-01-05T08:31:00+00:00,Never Saw Him Again,152812
Anna Thorvaldsdottir,2022-01-05T08:16:30+00:00,Trajectories,140892
El Torombo,2022-01-05T08:12:30+00:00,Bulerias,152459
Julianna Barwick,2022-01-05T08:08:19+00:00,Pyrrhic,148842
Laurie Spiegel,2022-01-05T08:01:51+00:00,The Unquestioned Answer,131118
Ryuichi Sakamoto,2022-01-05T07:56:59+00:00,Riot in Lagos,119729
Andrew Norman,2022-01-05T07:49:37+00:00,Music in Circles: Part II,139722
Anna Clyne,2022-01-05T07:39:25+00:00,Roulette,126556
Dustin O'Halloran,2022-01-05T07:36:39+00:00,Requiem for the Static King: Part One,124019
Angelica Negron,2022-01-05T07:29:05+00:00,Drawings for Meyoko,119351
Moira Smiley,2022-01-05T07:25:34+00:00,Dressed in Yellow,151645
Kate Moore,2022-01-05T07:21:34+00:00,Mystic Trumpeter,121274
Arvo Part,2022-01-05T07:05:19+00:00,Tabula rasa: Silentium,101537
Orlando,2022-01-05T07:02:52+00:00,From Memory,151924
Liima,2022-01-05T06:58:31+00:00,Woods,148026
Steve Reich,2022-01-05T06:47:09+00:00,New York Counterpoint,104670
Florent Ghys,2022-01-05T06:40:24+00:00,Thursday Morning,146820
Ted Hearne,2022-01-05T06:36:46+00:00,Law of Mosaics: Excerpts from the middle of something,140550
John Hollenbeck,2022-01-05T06:32:10+00:00,"Gray Cottage Study No. 5 ""dustish""",120966
Hilary Hahn / Hauschka,2022-01-05T06:25:21+00:00,North Atlantic,127924
Michel van der Aa,2022-01-05T06:16:48+00:00,Violin concerto Mvmt. 3,143461
Bryce Dessner,2022-01-05T06:13:52+00:00,Murder Ballades: Tears For Sister Polly,143696
Negative Gemini,2022-01-05T06:09:28+00:00,You Never Knew,152274
Kate Bush,2022-01-05T06:06:19+00:00,Mother Stands For Comfort,152175
Penguin Cafe,2022-01-05T06:01:35+00:00,The Track of the Dull Sun,150312
Quest Ensemble,2022-01-05T13:53:25+00:00,Drops,158428
Anna Thorvaldsdottir,2022-01-05T13:47:22+00:00,thann heilaga kross,152334
Catrin Finch & Seckou Keita,2022-01-05T13:41:26+00:00,Hinna-Djulo,153513
Echo Collective,2022-01-05T13:36:54+00:00,Inflection Point,158343
The Hands Free,2022-01-05T13:32:01+00:00,It's She,152000
Ryuichi Sakamoto,2022-01-05T13:26:53+00:00,World Citizen/re-cycled,130629
Kevin Volans,2022-01-05T13:21:16+00:00,Walking Song,108823
Errollyn Wallen,2022-01-05T13:15:15+00:00,Pace,158336
Steve Reich,2022-01-05T13:11:57+00:00,Electric Counterpoint: 2. Slow,109231
Tunto,2022-01-05T13:07:45+00:00,Spring Music,152778
Marc Mellits,2022-01-05T13:05:56+00:00,Smoke: Movement 2,153224
Caroline Shaw,2022-01-05T13:01:08+00:00,Partita for Eight Voices: Sarabande,130428
Johann Johannsson,2022-01-05T12:58:54+00:00,The Theory of Everything: Forces of Attraction,148049
Brandee Younger & Dezron Douglas,2022-01-05T12:54:00+00:00,Toilet Paper Romance,158328
Nils Frahm & Anne Müller,2022-01-05T12:48:42+00:00,Journey For A Traveller,154688
Miles Davis,2022-01-05T12:41:55+00:00,Prelude (Part Two),152874
Scott Lee,2022-01-05T12:37:56+00:00,Through the Mangrove Tunnels,158327
Jessica Meyer,2022-01-05T12:34:16+00:00,Getting Home (I Must Be...),142903
Benjamin Louis Brody + Ian Chang,2022-01-05T12:29:44+00:00,ASMR II,158326
Zoe Keating,2022-01-05T12:23:36+00:00,Lost,121231
Yasmin Williams,2022-01-05T12:18:16+00:00,Through the Woods,158511
Oliver Coates,2022-01-05T12:13:30+00:00,Sky with Nameless Colors,153211
Arooj Aftab,2022-01-05T12:08:18+00:00,Suroor,159026
Glenn Kotche,2022-01-05T12:00:42+00:00,Wild Sound Part 4,154045
Sarah Davachi,2022-01-05T14:59:13+00:00,Garlands,152374
Daniel Hart,2022-01-05T14:56:23+00:00,Bibb County Reprise,150037
Valgeir Sigurđsson,2022-01-06T04:52:56+00:00,Draumaland,129324
Lyra Pramuk,2022-01-05T20:50:48+00:00,Cradle,158628
Susumu Yokota,2022-01-05T20:46:41+00:00,Kodomotachi,152808
Jónsi & Alex,2022-01-05T20:39:21+00:00,Atlas Song,120080
Hildur Ingveldardottir Guonadottir,2022-01-05T20:33:29+00:00,Elevation,130686
Nico Muhly,2022-01-05T20:28:49+00:00,Comfortable Cruising Altitude,150923
Jolie Holland,2022-01-05T20:24:20+00:00,All the Morning Birds,152805
Philip Glass,2022-01-05T20:18:43+00:00,Madeira River,151003
Dustin O'Halloran,2022-01-05T20:12:25+00:00,"We Played Some Open Chords and Rejoiced, for the Earth Had Circled the Sun Yet Another Year",124018
Paola Prestini,2022-01-05T20:06:36+00:00,Sympathique,151593
Tomaga,2022-01-05T20:01:45+00:00,REVERIE FOR FRAGILE HOUSEPLANTS,158671
Michael Gordon,2022-01-05T19:55:48+00:00,Tree-Oh,121190
Missy Mazzoli,2022-01-05T19:45:54+00:00,Tooth and Nail,133613
Isotope 217,2022-01-05T19:39:24+00:00,La Jetee,148440
Oneohtrix Point Never,2022-01-05T19:35:33+00:00,Submersible,152803
Zoe Keating,2022-01-05T19:30:30+00:00,Don't Worry,121233
Paul Corley,2022-01-05T19:22:02+00:00,She Is In The Ground,130663
Daniel Wohl,2022-01-05T19:17:29+00:00,Neighborhood,134470
John Maus,2022-01-05T19:13:47+00:00,Maniac,152798
Colleen,2022-01-05T19:08:53+00:00,Soul Alphabet,151622
Merrill Garbus,2022-01-05T19:03:11+00:00,Hatari,152908
Julia Holter,2022-01-05T18:57:46+00:00,Marienbad,148298
Sean Mac Erlaine,2022-01-05T18:54:11+00:00,Shake and Sign,152822
Sarah Davachi,2022-01-05T18:48:29+00:00,Gloaming,153721
Brian Eno,2022-01-05T18:42:04+00:00,Needle Click,152752
Gavin Bryars,2022-01-05T18:28:09+00:00,Jesus' Blood Never Failed Me Yet (excerpt),159034
Jaimie Branch,2022-01-05T18:22:48+00:00,Theme 002,151822
H. Takahashi,2022-01-05T18:19:59+00:00,Elegy,152746
Okkyung Lee,2022-01-05T18:13:50+00:00,One Hundred Years Old Rain (The Same River Twice),128102
Alvin Lucier,2022-01-05T17:58:14+00:00,I Am Sitting In A Room (excerpt),159033
Aphex Twin,2022-01-05T17:54:25+00:00,Fingerbib,148040
Dedekind Cut,2022-01-05T17:49:25+00:00,Tahoe,152585
Marcos Balter,2022-01-05T17:43:40+00:00,Bladed Stance,139719
Tunto,2022-01-05T17:37:56+00:00,Bazaar Music,152780
Meredith Monk,2022-01-05T17:31:51+00:00,Mercy: Urban March,140786
Nico Muhly,2022-01-05T17:28:46+00:00,I Drink the Air Before Me: Music Under Pressure 1 - Flute,118652
Lovozero,2022-01-05T17:23:53+00:00,Volosy,153702
Kevin Volans,2022-01-05T17:14:32+00:00,This is how it is,113104
Trio Chemirani,2022-01-05T17:10:12+00:00,,159031
Graham Fitkin,2022-01-05T17:00:23+00:00,Stub,139275
Arooj Aftab,2022-01-05T16:52:40+00:00,Mohabbat,159027
Rahul Dev Burman,2022-01-05T16:47:40+00:00,Aaj Ki Raat (Tonight is the Night),108661
Vijay Iyer,2022-01-05T16:44:11+00:00,Augury,159025
Marc Mellits,2022-01-05T16:42:50+00:00,Smoke: Movement 7,153229
Devonte Hynes,2022-01-05T16:29:16+00:00,There Was Nothing,159018
Harriet Tubman,2022-01-05T16:25:51+00:00,Taken,152739
Jane Antonia Cornish,2022-01-05T16:23:17+00:00,Into Silence II,151143
Michael Gordon,2022-01-05T16:14:30+00:00,Decasia (excerpt),159005
Errollyn Wallen,2022-01-05T16:10:37+00:00,Peace on Earth,158337
Alva Noto,2022-01-05T16:04:34+00:00,Moon,130645
Julia Wolfe,2022-01-05T15:51:53+00:00,Protest,159004
Kaitlyn Aurelia Smith,2022-01-05T15:48:49+00:00,Stratus,148145
Osvaldo Golijov,2022-01-05T15:42:35+00:00,Wa Habibi,159002
Steve Reich,2022-01-05T15:39:53+00:00,The Cave: Genesis XXI,112371
Yasmin Williams,2022-01-05T15:34:51+00:00,Urban Driftwood (ft. Amadou Kouyate),158513
Jon Hassell,2022-01-05T15:30:51+00:00,Pastorale Vassant,152882
Makaya McCraven,2022-01-05T15:21:41+00:00,Atlantic Black,153719
Sean Mac Erlaine,2022-01-05T15:18:01+00:00,The Diplomat III,152821
Susan Alcorn,2022-01-05T15:10:45+00:00,Pedernal,158330
Nik Bartsch's Ronin,2022-01-05T15:01:54+00:00,Modul 34,152662
Andrea Belfi,2022-01-05T22:54:49+00:00,Syncline,150220
Richard Reed Parry,2022-01-05T22:49:39+00:00,The Brief and Neverending Blur,150926
"Sam Gendel, Sam Wilkes",2022-01-05T22:43:51+00:00,BOA,154125
Max Richter,2022-01-05T22:38:22+00:00,Black Mirror: The Consolations of Philosophy,148617
Tess Roby,2022-01-05T22:34:28+00:00,Catalyst,152791
Vijay Iyer,2022-01-05T22:26:37+00:00,Dig The Say,140039
Makaya McCraven,2022-01-05T22:22:49+00:00,Mantra,154054
Steve Reich,2022-01-05T22:15:58+00:00,"Variations for Vibes, Piano and Strings: 2. Slow",105335
Diptera,2022-01-05T22:11:20+00:00,Silver,152945
Marc Mellits,2022-01-05T22:08:41+00:00,Smoke: Movement 6,153228
Zoe Keating,2022-01-05T22:02:41+00:00,Legions (War),121217
Arthur Moon,2022-01-05T21:56:22+00:00,Boxing,152809
Sufjan Stevens,2022-01-05T21:51:17+00:00,Tonya Harding (In D major),152329
Olga Bell,2022-01-05T21:48:15+00:00,Krasnoyarsk Krai,151549
Kate NV,2022-01-05T21:44:17+00:00,??? OAK,153173
Julia Wolfe,2022-01-05T21:38:29+00:00,Reeling,142746
Stereolab,2022-01-05T21:33:26+00:00,The Flower Called Nowhere,152789
Osvaldo Golijov,2022-01-05T21:25:54+00:00,Mariel,104098
Bill Frisell,2022-01-05T21:20:54+00:00,In Line,152048
Explosions in the Sky & David Wingo,2022-01-05T21:17:09+00:00,Prince Avalanche: An Old Peasant Like Me,136829
Sean Mac Erlaine,2022-01-05T21:13:50+00:00,Love the Way They Sing,152823
Elena Kats-Chernin,2022-01-05T21:04:33+00:00,Schubert Blues,138999
Brian Eno,2022-01-05T21:00:13+00:00,An Ending (Ascent),127443
Arvo Part,2022-01-05T23:59:27+00:00,Spiegel im Spiegel (Mirror in the Mirror),101557
Sean Mac Erlaine,2022-01-06T04:58:26+00:00,An Buachaill Caol Dubh,152825
Ólafur Arnalds,2022-01-06T04:55:05+00:00,Near Light,148827
Valgeir Sigurđsson,2022-01-06T04:52:56+00:00,Draumaland,129324
Evan Ziporyn,2022-01-06T04:43:04+00:00,Qi: Garden,151096
John Zorn,2022-01-06T04:37:09+00:00,Gnostic Prelude III. Prelude of Light,135315
Steve Reich,2022-01-06T04:15:19+00:00,Double Sextet: 1. Fast,146131
Mark Dancigers,2022-01-06T04:08:08+00:00,Everness,139728
Kara-Lis Coverdale,2022-01-06T04:04:38+00:00,Touch me & die,151239
Cecilia McDowall,2022-01-06T03:55:18+00:00,Three Latin Motets,155357
Florent Ghys,2022-01-06T03:48:02+00:00,Teamwork,141176
Sarah Neufeld,2022-01-06T03:44:19+00:00,Wrong Thought,147783
Max Richter,2022-01-06T03:38:04+00:00,On The Nature of Daylight,134724
Brigitte Fontaine,2022-01-06T03:29:54+00:00,Comme ŕ la radio,159040
Johann Johannsson,2022-01-06T03:27:17+00:00,The Theory of Everything: Domestic Pressures,148048
Judd Greenstein,2022-01-06T03:16:02+00:00,City Boy,143228
Aphex Twin,2022-01-06T03:08:33+00:00,Cliffs,119244
Jon Hassell,2022-01-06T03:05:39+00:00,Slipstream,153016
Poppy Ackroyd,2022-01-06T03:01:05+00:00,Paper,153635
Ljova,2022-01-06T02:48:38+00:00,The Comet,154473
Lubomyr Melnyk,2022-01-06T02:43:22+00:00,Evertina,142985
Laurel Halo,2022-01-06T02:37:49+00:00,Supersymmetry,153081
Marcelo Zarvos,2022-01-06T02:32:56+00:00,Nepomuk's Dances: Arrival,130289
Public Service Broadcasting,2022-01-06T02:28:46+00:00,Tomorrow,150060
Steve Reich,2022-01-06T02:25:18+00:00,Music for 18 Musicians: Pulses,148866
Omar Khorshid,2022-01-06T02:17:14+00:00,Rakset El Fadaa,159038
Caroline Shaw,2022-01-06T02:11:21+00:00,Valencia,148380
Peter Gregson,2022-01-06T02:06:18+00:00,Time,143783
Donnacha Dennehy,2022-01-06T02:00:56+00:00,Pushpulling,148799
Laurie Anderson,2022-01-06T01:55:05+00:00,Walk the Dog,153086
Cameron Britt,2022-01-06T01:49:26+00:00,Gossamer Albatross,119352
Volker Bertelmann,2022-01-06T01:45:30+00:00,My Kids Live on Mars,151147
Nora Morrow,2022-01-06T01:39:09+00:00,Rose Moon,155627
Katie Gately,2022-01-06T01:34:58+00:00,Last Day,152905
Molly Joyce,2022-01-06T01:27:52+00:00,Lean Back And Release,151553
Chicago Underground Quartet,2022-01-06T01:22:33+00:00,Tunnel Chrome,148601
Vessel,2022-01-06T01:19:36+00:00,Arcanum (For Christalla),154494
Sean Mac Erlaine,2022-01-06T01:16:21+00:00,Horse-Drawn Thoughts,152824
Todd Reynolds,2022-01-06T01:09:52+00:00,TaskForce: Farmlab,121337
Tyondai Braxton,2022-01-06T01:03:27+00:00,ArpRec1,151098
Kjartan Sveinsson,2022-01-06T00:55:00+00:00,Teil II,147474
Tolgahan Çogulu,2022-01-06T00:49:50+00:00,Gelin Savmasi,153529
Johann Johannson,2022-01-06T00:46:44+00:00,Odi et Amo,152888
Nico Muhly,2022-01-06T00:41:24+00:00,Advice to a Young Woman,154278
Philip Glass,2022-01-06T00:38:27+00:00,Japura River,151001
Glenn Kotche,2022-01-06T00:34:55+00:00,Anomaly mvt. 7,137661
Jacob Cooper,2022-01-06T00:26:40+00:00,Silver Threads III. Antique Windfall,138157
Nicholas Britell,2022-01-06T00:24:50+00:00,Moonlight: The Culmination,149478
Jon Hassell,2022-01-06T00:18:41+00:00,Dreaming,152870
Tunto,2022-01-06T00:13:14+00:00,Moroccan Train Twist Music,152775
Emilie Levienaise-Farrouch,2022-01-06T00:07:14+00:00,Scale of Volatility,148043
