artist,start_time,title,uid
Makaya McCraven,2022-01-23T11:58:14+00:00,Young Genius,154055
Bell Orchestre,2022-01-23T11:51:44+00:00,Icicles / Bicycles,149000
Andy Akiho,2022-01-23T11:42:41+00:00,Prospects of a Misplaced Year I. The War Below,152044
Colleen,2022-01-23T11:37:47+00:00,Soul Alphabet,151622
Susumu Yokota,2022-01-23T11:35:08+00:00,Azukiiro No Kaori,153986
Dmitry Evgrafov,2022-01-23T11:30:40+00:00,Consolation,153779
Amiina,2022-01-23T11:26:27+00:00,Passacaglia,138839
Nils Frahm & Anne Müller,2022-01-23T11:21:09+00:00,Journey For A Traveller,154688
Brian Eno,2022-01-23T11:18:11+00:00,The Big Ship,138115
Arooj Aftab,2022-01-23T11:12:59+00:00,Suroor,159026
Sean Mac Erlaine,2022-01-23T11:09:26+00:00,An Buachaill Caol Dubh,152825
Julia Kent,2022-01-23T11:03:56+00:00,Invitation to the Voyage,148620
Ingram Marshall,2022-01-23T10:54:03+00:00,Fog Tropes,144166
Christina Vantzou,2022-01-23T10:47:27+00:00,Remote Polyphony,153613
Ken Thomson,2022-01-23T10:39:58+00:00,Icebreaker,154221
Max Richter,2022-01-23T10:34:30+00:00,Black Mirror: The Consolations of Philosophy,148617
Mari Kimura,2022-01-23T10:31:05+00:00,Clone Barcarolle for Augmented Violin,119676
Vijay Iyer,2022-01-23T10:23:14+00:00,Dig The Say,140039
Flume,2022-01-23T10:18:46+00:00,Weekend feat. Moses Sumney,153891
David Crowell,2022-01-23T10:15:03+00:00,Green Arrow,150066
Jason Treuting,2022-01-23T10:11:11+00:00,July,105765
Steve Reich,2022-01-23T10:01:38+00:00,Vermont Counterpoint,135545
Brigitte Fontaine,2022-01-23T09:53:14+00:00,Comme ŕ la radio,159040
Julianna Barwick & Ikue Mori,2022-01-23T09:43:54+00:00,Rejoinder,154097
Osvaldo Golijov,2022-01-23T09:37:21+00:00,"Last Round, mvt. II: Lentissimo",148504
Terry Riley,2022-01-23T09:30:32+00:00,The Cusp of Magic: Prayer Circle,100154
Juana Molina,2022-01-23T09:25:33+00:00,Martín Fierro,138090
Richard Reed Parry,2022-01-23T09:20:23+00:00,The Brief and Neverending Blur,150926
Quest Ensemble,2022-01-23T09:15:21+00:00,Pizz Trance,158432
Zoe Keating,2022-01-23T09:10:18+00:00,Don't Worry,121233
Patient Hands,2022-01-23T09:04:52+00:00,The Poisoner,154468
Paola Prestini,2022-01-23T08:59:03+00:00,Sympathique,151593
Julianna Barwick,2022-01-23T08:56:11+00:00,Adventurer of the Family,148837
Olga Bell,2022-01-23T08:53:08+00:00,Krasnoyarsk Krai,151549
Omar Khorshid,2022-01-23T08:44:57+00:00,Rakset El Fadaa,159038
John Luther Adams,2022-01-23T08:28:34+00:00,Dream in White on White,118622
Missy Mazzoli,2022-01-23T08:18:40+00:00,Tooth and Nail,133613
John Hollenbeck,2022-01-23T08:14:21+00:00,"Gray Cottage Study No. 4 ""healing and gratitude""",120965
Tod Dockstader,2022-01-23T08:12:28+00:00,Pond Dance,138123
Jacob Cooper,2022-01-23T08:04:13+00:00,Silver Threads III. Antique Windfall,138157
Ryan Francis,2022-01-23T08:01:42+00:00,"Wind-Up Bird Preludes, 5. What Happened In The Night I",121651
Jon Hassell,2022-01-23T07:55:33+00:00,Dreaming,152870
Caroline Shaw,2022-01-23T07:46:22+00:00,Partita for Eight Voices: Courante,130422
Julia Wolfe,2022-01-23T07:40:33+00:00,Reeling,142746
Automatisme,2022-01-23T07:31:28+00:00,Simultanéité 4,146303
Steve Reich,2022-01-23T07:22:26+00:00,Different Trains: America - Before the war,108477
Sean Mac Erlaine,2022-01-23T07:19:25+00:00,Horse-Drawn Thoughts,152824
Ben Neill,2022-01-23T07:08:16+00:00,Posthorn,127854
Kaitlyn Aurelia Smith,2022-01-23T07:03:20+00:00,Envelop,148141
Alice Coltrane,2022-01-23T07:00:03+00:00,Wisdom Eye,153983
Hayden Berry,2022-01-23T06:55:40+00:00,The End Precedes the Beginning,143299
Emilie Levienaise-Farrouch,2022-01-23T06:51:49+00:00,Scale of Volatility,148043
Sufjan Stevens,2022-01-23T06:44:41+00:00,Planetarium: Mars,150069
Osvaldo Golijov,2022-01-23T06:37:09+00:00,Mariel,104098
Francesco Tristano,2022-01-23T06:30:26+00:00,Mambo,121731
Trio Chemirani,2022-01-23T06:26:07+00:00,,159031
Johann Johannsson,2022-01-23T06:19:43+00:00,Fordlandia: The Rocket Builder (Io Pan!),115673
Jon Hopkins,2022-01-23T06:13:36+00:00,Neon Pattern Drum,153373
Tunto,2022-01-23T06:08:17+00:00,Moroccan Train Twist Music,152775
Julianna Barwick,2022-01-23T06:04:13+00:00,Very Own,138837
Johann Johannson,2022-01-23T06:01:07+00:00,Odi et Amo,152888
Johann Johannsson,2022-01-23T13:57:51+00:00,The Drowned World,148136
Tortoise,2022-01-23T13:51:42+00:00,I Set My Face to the Hillside,127139
Poppy Ackroyd,2022-01-23T13:47:01+00:00,Luna,153660
"Ensemble, Et Al",2022-01-23T13:41:38+00:00,Medal Meddle Metal,150360
Lubomyr Melnyk,2022-01-23T13:34:25+00:00,Requiem For A Fallen Tree,154302
Tyondai Braxton,2022-01-23T13:29:15+00:00,Opening Bell,109842
Delia Gonzalez,2022-01-23T13:23:06+00:00,In Through The Light,152113
Max Richter,2022-01-23T13:19:52+00:00,Orlando: Modular Astronomy,148847
Padma Newsome,2022-01-23T13:13:48+00:00,Pencil Stick,119336
Hania Rani,2022-01-23T13:09:12+00:00,Jezus Malusienki,159044
UMFANG,2022-01-23T13:05:25+00:00,Path,152130
Ballaké Sissoko & Vincent Segal,2022-01-23T12:59:58+00:00,Chamber Music,148627
Battles,2022-01-23T12:55:11+00:00,Ice Cream (Featuring Matias Aguayo),152592
Anemone,2022-01-23T12:50:59+00:00,Bout De Toi,154492
Hanan Townshend,2022-01-23T12:45:26+00:00,To the Wonder: Toil,136800
Oneohtrix Point Never,2022-01-23T12:38:52+00:00,Zebra,138130
Missy Mazzoli,2022-01-23T12:33:39+00:00,Vespers for Violin (and Electronics),152256
serpentwithfeet,2022-01-23T12:29:02+00:00,bless ur heart,152100
Jaimie Branch,2022-01-23T12:23:41+00:00,Theme 002,151822
Wally Gunn,2022-01-23T12:16:25+00:00,Surviving Death,142564
Steve Reich,2022-01-23T12:13:08+00:00,Electric Counterpoint: 2. Slow,109231
Monsieur Doumani,2022-01-23T12:08:31+00:00,Alavrostishiotis,159049
Rachel Grimes,2022-01-23T12:03:45+00:00,In the Vapor with the Air Underneath,149004
Colin Stetson,2022-01-23T14:57:06+00:00,Sorrow: III.,157825
Jon Hassell,2022-01-23T20:59:54+00:00,Caravanesque,152879
Daníel Bjarnason,2022-01-23T20:49:07+00:00,Blow Bright,154041
Brian Eno,2022-01-23T20:43:28+00:00,"Discreet Music, part III",144469
Tredici Bacci,2022-01-23T20:39:37+00:00,Columbo,153852
Philip Glass,2022-01-23T20:31:23+00:00,Piano Concerto No. 3: Movement I,152053
Glenn Kotche,2022-01-23T20:28:50+00:00,Anomaly mvt. 2,137650
David Lang,2022-01-23T20:16:03+00:00,Just (After Song of Songs),151804
Florent Ghys,2022-01-23T20:11:19+00:00,"No Lemon, No Melon",141172
Johann Johannsson,2022-01-23T20:04:52+00:00,Flight from the City,147948
Vivian Fung,2022-01-23T20:01:05+00:00,Pizzicato for String Quartet,102976
Kaitlyn Aurelia Smith,2022-01-23T19:56:27+00:00,First Flight,148139
Sean Mac Erlaine,2022-01-23T19:52:11+00:00,Cotter's Dream,152829
John Lennon / arr. Vijay Iyer,2022-01-23T19:48:27+00:00,Imagine,159019
Steve Reich,2022-01-23T19:43:51+00:00,Duet,106562
Beverly Glenn-Copeland,2022-01-23T19:36:28+00:00,Ever New,152577
Rafiq Bhatia,2022-01-23T19:31:55+00:00,Hoods Up,154401
Fiona Brice,2022-01-23T19:27:26+00:00,Berlin,152121
John Hollenbeck,2022-01-23T19:22:23+00:00,Joys & Desires #3 - The Garden of Love,159030
Kirsten Volness,2022-01-23T19:14:19+00:00,River Rising,158601
Visible Cloaks,2022-01-23T19:10:48+00:00,Screen,151122
Explosions in the Sky,2022-01-23T19:07:07+00:00,"So Long, Lonesome",149010
Mica Levi,2022-01-23T19:00:26+00:00,Lipstick to Void,159013
Park Jiha,2022-01-23T18:57:22+00:00,Arrival,154790
Hania Rani,2022-01-23T18:51:58+00:00,Con Moto,159043
Tangents,2022-01-23T18:44:51+00:00,Jindabyne,152330
Terry Riley,2022-01-23T18:24:09+00:00,In C,112267
Alva Noto + Ryuichi Sakamoto,2022-01-23T18:19:40+00:00,Ax Mr. L.,151837
Cocteau Twins,2022-01-23T18:16:30+00:00,Fifty-Fifty Clown,151982
Qasim Naqvi,2022-01-23T18:14:54+00:00,Aligned,150253
Jessica Meyer,2022-01-23T18:10:06+00:00,Hello,140463
Marcus Fischer & Simon Scott,2022-01-23T18:00:46+00:00,Thorns,153857
Anna Meredith,2022-01-23T17:54:04+00:00,The Vapours,159017
Moses Sumney,2022-01-23T17:50:59+00:00,Worth It,153855
Anna Thorvaldsdottir,2022-01-23T17:43:02+00:00,Hrim,124005
Christine Delphine Hedden,2022-01-23T17:37:50+00:00,Kitchen Dance,154664
Monsieur Doumani,2022-01-23T17:32:48+00:00,Tiritichtas,159048
Keith Jarrett,2022-01-23T17:25:41+00:00,Ritual Prayer,120574
Clogs,2022-01-23T17:23:01+00:00,5/4,119326
Philip Glass,2022-01-23T17:17:00+00:00,Music in Fifths,146135
Ai Messiah,2022-01-23T17:11:38+00:00,Sentience & Sapience,152941
Sarah Neufeld,2022-01-23T17:06:48+00:00,Chase the Bright and Burning,147782
Lubomyr Melnyk,2022-01-23T16:58:46+00:00,Fallen Trees - Part V: Not Forgotten,154321
Caleb Burhans,2022-01-23T16:53:09+00:00,Remembrance,146528
waelder,2022-01-23T16:47:46+00:00,Omr,152558
Steve Reich,2022-01-23T16:43:41+00:00,Radio Rewrite: 1. Fast,149071
Visible Cloaks,2022-01-23T16:40:17+00:00,Valve,151121
Explosions in the Sky,2022-01-23T16:33:59+00:00,Landing Cliffs,149006
Sean Mac Erlaine,2022-01-23T16:28:09+00:00,En Fetelle Mai,152827
Tyshawn Sorey,2022-01-23T16:23:43+00:00,Cascade in Slow Motion,150934
Meredith Monk,2022-01-23T16:19:34+00:00,Do You Be,100015
Colleen,2022-01-23T16:17:11+00:00,November,152077
David Lang,2022-01-23T16:12:48+00:00,Death Speaks: you will return,133701
Goran Bregovic,2022-01-23T16:07:35+00:00,Underground Tango,153808
"Ensemble, Et Al",2022-01-23T15:59:24+00:00,Ondrejko,150359
John Adams,2022-01-23T15:43:35+00:00,Hallelujah Junction,130273
Oneohtrix Point Never,2022-01-23T15:39:06+00:00,The Station,154100
Jennifer Jolley,2022-01-23T15:35:53+00:00,"Prisoner of Conscience, V. Police and Thieves",152385
Molly Joyce,2022-01-23T15:29:17+00:00,Shapeshifter,151626
Dawn of Midi,2022-01-23T15:23:15+00:00,Io,153542
Tenderlonious,2022-01-23T15:20:06+00:00,SV Interlude (feat. The22archestra),153025
Kaitlyn Aurelia Smith,2022-01-23T15:16:28+00:00,Arthropoda,148144
Daniel Herskedal,2022-01-23T15:11:01+00:00,The Roc,153540
Philip Glass,2022-01-23T22:55:55+00:00,Facades,129597
Agnes Obel,2022-01-23T22:53:21+00:00,Chord Left,148443
Gossamer,2022-01-23T22:49:07+00:00,III. Encounter,153089
Henryk Gorecki,2022-01-23T22:39:43+00:00,"Symphony No. 3, Op. 36, ""Symphony of Sorrowful Songs"": 2. Lento e largo - tranquillissimo",123403
Henrique Eisenmann,2022-01-23T22:31:22+00:00,Jeneupti,153530
Ian Gottlieb,2022-01-23T22:27:31+00:00,Threading Light II.,153194
A Winged Victory for the Sullen,2022-01-23T22:23:11+00:00,Long May It Sustain,151910
Les Filles de Illighadad,2022-01-23T22:17:59+00:00,Surbajo,158992
Mica Levi,2022-01-23T22:10:29+00:00,Alien Loop,159015
Michael Gordon,2022-01-23T22:04:32+00:00,Gene Takes a Drink,142748
Rahim AlHaj,2022-01-23T21:57:57+00:00,A Gift From a Sufi Soul,152831
Hanna Benn,2022-01-23T21:52:06+00:00,Unfasten,151820
Steve Reich,2022-01-23T21:48:37+00:00,Music for 18 Musicians: Pulses,148866
Anna Thorvaldsdottir,2022-01-23T21:37:55+00:00,Ro,140889
John Adams,2022-01-23T21:25:36+00:00,Sri Moonshine,131687
David Bowie (with Brian Eno),2022-01-23T21:19:14+00:00,Warszawa,151964
Abel Selaocoe,2022-01-23T21:13:57+00:00,Eastern Bells ft Beka Reid & Seth Sutton,158694
Clarice Jensen,2022-01-23T21:07:13+00:00,The End,159051
Ballaké Sissoko & Vincent Segal,2022-01-23T23:59:09+00:00,"""Ma-Ma"" FC",129023
Mary Lattimore,2022-01-24T04:51:33+00:00,Wawa By The Ocean,153547
Daniel Wohl,2022-01-24T04:44:40+00:00,Progression,144888
Aphex Twin,2022-01-24T04:41:07+00:00,4,119241
Jon Hopkins,2022-01-24T04:35:17+00:00,Emerald Rush,153372
Nicholas Cords,2022-01-24T04:28:19+00:00,Five Migrations,133525
Hauschka,2022-01-24T04:24:10+00:00,Constant Growth Fails,148317
Jim Fox,2022-01-24T04:21:14+00:00,Colorless sky became fog,131060
The Heliocentrics,2022-01-24T04:17:40+00:00,The Silverback,150133
Henrique Eisenmann,2022-01-24T04:10:57+00:00,Sarabande No. 2,153533
Kate Moore,2022-01-24T04:01:36+00:00,Stories for Ocean Shells,146065
Caroline Shaw,2022-01-24T03:59:38+00:00,Plan & Elevation: IV. The Orangery,154686
Holly Herndon,2022-01-24T03:53:42+00:00,Chorus,153253
Ryuichi Sakamoto,2022-01-24T03:49:50+00:00,Solari,150042
Brian Eno,2022-01-24T03:41:16+00:00,1/2 (arr. David Lang),153878
Shara Nova,2022-01-24T03:37:18+00:00,From the Invisible to the Visible,133130
Monsieur Doumani,2022-01-24T03:32:47+00:00,Thamata,159050
John Mackey,2022-01-24T03:26:47+00:00,Sheltering Sky,148553
Dustin O'Halloran,2022-01-24T03:24:38+00:00,"An Ending, A Beginning",152251
Caleb Burhans,2022-01-24T03:16:03+00:00,The Things Left Unsaid,134749
Emily A. Sprague,2022-01-24T03:08:38+00:00,Water Memory 1,151944
Zoe Keating,2022-01-24T03:04:45+00:00,Icefloe,153470
Jacob Cooper,2022-01-24T02:57:56+00:00,Silver Threads: I. Silver Threads,138153
Philip Glass,2022-01-24T02:50:25+00:00,Metamorphosis Two: Flowing,132381
Quindar,2022-01-24T02:45:28+00:00,Arabella Anita,150056
Joep Beving,2022-01-24T02:40:07+00:00,Hanging D,153537
Nils Frahm,2022-01-24T02:34:13+00:00,Old Thought,125898
Steve Reich,2022-01-24T02:27:14+00:00,Electric Counterpoint: 1. Fast,128505
Damon Locks - Black Monument Ensemble,2022-01-24T02:20:28+00:00,Now (Forever Momentary Space),158653
Duncan Bellamy,2022-01-24T02:13:13+00:00,Life Mask,153460
Jakub Ciupinski,2022-01-24T02:01:06+00:00,Morning Tale,146965
Nicole Mitchell,2022-01-24T01:55:57+00:00,Forest Wall Timewalk,152574
Nirmala Rajasekar - Maithree,2022-01-24T01:50:33+00:00,Mary O'Neil,153849
Glenn Kotche,2022-01-24T01:42:57+00:00,Wild Sound Part 4,154045
Haron,2022-01-24T01:33:12+00:00,Lotuseter,152948
Nubya Garcia,2022-01-24T01:28:56+00:00,La cumbia me esta llamando,158987
Jessie Montgomery,2022-01-24T01:26:04+00:00,Duo for Violin and Cello: III. Presto,159037
Holly Herndon,2022-01-24T01:21:44+00:00,Locker Leak,153257
Cocanha,2022-01-24T01:17:54+00:00,Cotelon,158982
Terry Riley,2022-01-24T01:11:16+00:00,Land's End,101318
dal:um,2022-01-24T01:04:33+00:00,The Waves,158979
Marcos Balter,2022-01-24T00:59:44+00:00,meltDown Upshot: 1. Credo,148494
Poppy Ackroyd,2022-01-24T00:54:29+00:00,Roads,142992
Abel Selaocoe,2022-01-24T00:48:29+00:00,Keld ft Abel Selaocoe & Callum Connell,158695
BON,2022-01-24T00:44:23+00:00,Veritas,159041
Traditional / Rhiannon Giddens,2022-01-24T00:41:14+00:00,Little Margaret,159009
big dog little dog,2022-01-24T00:37:06+00:00,Cipher,159036
Philip Glass,2022-01-24T00:31:23+00:00,Dance II,107782
Laurie Anderson,2022-01-24T00:26:50+00:00,From the Air,112370
Hania Rani,2022-01-24T00:21:16+00:00,Malasana,159045
Patrick Burke,2022-01-24T00:12:20+00:00,Awake,121585
Hatis Noit,2022-01-24T00:04:28+00:00,Illogical Lullaby,153606
