artist,start_time,title,uid
CEP,2022-01-27T05:59:32+00:00,Lilian's Pavilion,153082
Kyle Bobby Dunn,2022-01-27T11:56:57+00:00,An Excrement Suite (For Voices Lost Again),152041
Arvo Part,2022-01-27T11:51:41+00:00,Da Pacem Domine,146897
Haron,2022-01-27T11:41:56+00:00,Lotuseter,152948
Brian Byrne,2022-01-27T11:32:11+00:00,Saxophone Quartet no. 1,144034
Yves Tumor,2022-01-27T11:29:11+00:00,The Feeling When You Walk Away,152801
Hildigunnur Rúnarsdóttir,2022-01-27T11:24:19+00:00,Vocalise,116086
Tortoise,2022-01-27T11:16:44+00:00,Gesceap,148310
Pariah,2022-01-27T11:09:48+00:00,Linnaea,152972
Maisha,2022-01-27T10:57:43+00:00,Osiris,153913
Jakub Ciupinski,2022-01-27T10:45:37+00:00,Morning Tale,146965
Oneohtrix Point Never,2022-01-27T10:41:21+00:00,Boring Angel,148301
Poppy Ackroyd,2022-01-27T10:36:05+00:00,Roads,142992
Melody's Echo Chamber,2022-01-27T10:31:30+00:00,Quand Vas Tu Rentrer,151973
Johann Johannsson,2022-01-27T10:25:07+00:00,Fordlandia: The Rocket Builder (Io Pan!),115673
Philip Glass,2022-01-27T10:21:00+00:00,Satyagraha: Evening Song,149426
Mathew Rosenblum,2022-01-27T10:13:47+00:00,Sharpshooter,136249
GABI,2022-01-27T10:10:48+00:00,Koo Koo,147722
Noveller,2022-01-27T10:05:15+00:00,Deep Shelter,151688
Zoe Keating,2022-01-27T10:00:21+00:00,Flying and Flocking,121236
Shore,2022-01-27T09:54:24+00:00,A Hundred Times,153910
John Adams,2022-01-27T09:49:05+00:00,Fellow Traveler,133560
Torbjorn Omalm,2022-01-27T09:44:32+00:00,Huhta,148385
Bryce Dessner,2022-01-27T09:34:34+00:00,Aheym,135639
Devonte Hynes (Blood Orange),2022-01-27T09:30:04+00:00,Palo Alto: Fred Drives,148795
Lapalux ft. GABI,2022-01-27T09:26:20+00:00,Data Demon,152034
Dan Deacon,2022-01-27T09:23:06+00:00,Rat Film: Rat Poison,153360
Pamela Z,2022-01-27T09:14:44+00:00,The Schmetterling,159035
John Mills-Cockell,2022-01-27T09:09:21+00:00,Hollywood Dream Trip,151113
Sven Helbig,2022-01-27T09:04:48+00:00,Ich Geh' Dir Nach,146428
"Ballake Sissoko, Sona Jobarteh",2022-01-27T08:59:58+00:00,Djourou,159029
Judd Greenstein,2022-01-27T08:52:15+00:00,First Ballade,127687
Les Filles de Illighadad,2022-01-27T08:47:04+00:00,Surbajo,158992
Andy Akiho,2022-01-27T08:41:47+00:00,Kiiro (Yellow),122353
Gwenifer Raymond,2022-01-27T08:34:52+00:00,Strange Lights Over Garth Mountain,158697
Sarah Davachi,2022-01-27T08:25:32+00:00,For Voice,151689
Amanda Berlind,2022-01-27T08:19:13+00:00,Woog,158604
Krallice,2022-01-27T08:11:18+00:00,Quadripartite Mirror Realm,152031
Stephen Scott,2022-01-27T08:04:03+00:00,Music One for Bowed Strings,114904
Masayoshi Fujita,2022-01-27T07:59:39+00:00,It's Magical,152665
Peter Broderick,2022-01-27T07:55:26+00:00,Music for Falling from Trees: Part 6: Electroconvulsive shock,107678
Kate NV,2022-01-27T07:50:59+00:00,??? how,153174
Kirsten Volness,2022-01-27T07:42:55+00:00,River Rising,158601
Eli Keszler,2022-01-27T07:38:03+00:00,Enter the Brist,154529
Susan Alcorn,2022-01-27T07:32:20+00:00,Pedernal,158329
Emilie Simon,2022-01-27T07:29:05+00:00,Baby Penguins,151895
Park Jiha,2022-01-27T07:26:01+00:00,Arrival,154790
Espectrostatic,2022-01-27T07:22:47+00:00,Balete Drive,154071
Steve Tibbetts,2022-01-27T07:18:25+00:00,Life Of Dot,152734
Girlpool,2022-01-27T07:15:46+00:00,I Like That You Can See It,151968
Terry Riley,2022-01-27T07:10:30+00:00,Zinc,112253
Ex Easter Island Head,2022-01-27T07:06:49+00:00,Ten Bells,152656
Gemma Peacocke,2022-01-27T07:02:10+00:00,Bees,154528
John Adams,2022-01-27T06:57:21+00:00,John's Book of Alleged Dances: Habanera,103340
David Lang,2022-01-27T06:52:53+00:00,The Little Match Girl Passion: We Sit and Cry,123340
Glasser,2022-01-27T06:48:46+00:00,Home,153079
Philip Glass,2022-01-27T06:41:23+00:00,Etude 2,140879
Tyondai Braxton,2022-01-27T06:35:47+00:00,The Duck and the Butcher,109845
Metá Metá,2022-01-27T06:27:51+00:00,Logun,152651
Bill Frisell,2022-01-27T06:23:53+00:00,Pretty Stars,152313
Sons of Kemet,2022-01-27T06:17:21+00:00,My Queen is Angela Davis,151934
Eartheater,2022-01-27T06:13:31+00:00,The Internet Is Handmade,151970
Oneohtrix Point Never,2022-01-27T06:10:07+00:00,Age Of,152998
Laurie Anderson,2022-01-27T06:02:39+00:00,Only An Expert,117890
felicita,2022-01-27T13:59:09+00:00,skip blush,152084
David Lang,2022-01-27T13:54:35+00:00,"Amjad ""Sleeping Panorama""",119951
Trio Chemirani,2022-01-27T13:49:19+00:00,Synkathistos,153535
Julianna Barwick,2022-01-27T13:46:12+00:00,Adventurer of the Family,148837
Bell Orchestre,2022-01-27T13:38:01+00:00,As Seen Through Windows,148998
John Adams,2022-01-27T13:33:28+00:00,China Gates,103472
Mica Levi,2022-01-27T13:28:18+00:00,Under the Skin: Love,152466
Jennifer Jolley,2022-01-27T13:25:05+00:00,"Prisoner of Conscience, V. Police and Thieves",152385
Nico Muhly,2022-01-27T13:19:08+00:00,"Mothertongue, part I: Archive",148500
Aphex Twin,2022-01-27T13:17:03+00:00,Avril 14th,148041
Penguin Cafe,2022-01-27T13:12:05+00:00,Aurora,148787
Esmerine,2022-01-27T13:06:14+00:00,19/14,153543
Leon Lowman,2022-01-27T13:02:46+00:00,Narrow River,152080
Judd Greenstein,2022-01-27T12:56:43+00:00,Sing Along,104508
Caroline Shaw,2022-01-27T12:50:52+00:00,Partita for Eight Voices: Passacaglia,130418
A Winged Victory for the Sullen,2022-01-27T12:44:28+00:00,"We Played Some Open Chords and Rejoiced, for the Earth Had Circled the Sun Yet Another Year",148291
Kate NV,2022-01-27T12:39:29+00:00,??? see,153178
John Zorn,2022-01-27T12:36:32+00:00,Bikkurim,154502
Bryce Dessner,2022-01-27T12:34:08+00:00,Murder Ballades: Dark Holler,143692
Gwenifer Raymond,2022-01-27T12:28:18+00:00,Gwaed am Gwaed,158699
Philip Glass,2022-01-27T12:20:01+00:00,Einstein on the Beach: Knee 1,114832
Steve Reich,2022-01-27T12:13:02+00:00,Electric Counterpoint: 1. Fast,128505
Ryuichi Sakamoto,2022-01-27T12:06:36+00:00,Hwit,119734
Nirmala Rajasekar - Maithree,2022-01-27T12:01:12+00:00,Mary O'Neil,153849
Andy Cartwright,2022-01-27T14:59:01+00:00,Figure Afar,152040
Nico Muhly,2022-01-27T20:53:38+00:00,Motion,122386
Lowly,2022-01-27T20:49:12+00:00,Word,152091
Molly Joyce,2022-01-27T20:42:36+00:00,Shapeshifter,151626
Esmerine,2022-01-27T20:38:42+00:00,Translator's Clos I,153541
Automatisme,2022-01-27T20:29:21+00:00,Simultanéité 4,146303
Antemeridian,2022-01-27T20:20:16+00:00,Tuesday AM,151935
Marcos Balter,2022-01-27T20:11:13+00:00,Pessoa,135546
Amon Tobin,2022-01-27T20:06:36+00:00,Bloodstone (In-Concert Recording),137708
Meredith Monk,2022-01-27T20:02:35+00:00,Songs of Ascension: Spring Variation,123081
Robert Rowe,2022-01-27T19:55:56+00:00,Melting the Darkness,140725
Dustin O'Halloran,2022-01-27T19:53:47+00:00,"An Ending, A Beginning",152251
Brian Eno,2022-01-27T19:44:02+00:00,"Discreet Music, part I",144467
Zoe Keating,2022-01-27T19:40:10+00:00,Icefloe,153470
Star Rover,2022-01-27T19:36:41+00:00,Western Winds Bitter Christians,152092
Sufjan Stevens,2022-01-27T19:32:15+00:00,The BQE: Part 3,104741
Valgeir Sigurđsson,2022-01-27T19:28:29+00:00,Dreamland,117379
Ben Neill,2022-01-27T19:17:06+00:00,Posthorn,127854
Arun Ghosh,2022-01-27T19:12:23+00:00,Dagger Dance,152568
Philip Glass,2022-01-27T19:04:51+00:00,Metamorphosis Two: Flowing,132381
Terry Riley,2022-01-27T18:59:10+00:00,Dark Queen Mantra: I. Vizcaino,150195
Astor Piazzolla,2022-01-27T18:49:17+00:00,Tango Suite,100007
serpentwithfeet,2022-01-27T18:42:18+00:00,blisters,152266
Olafur Arnalds,2022-01-27T18:38:28+00:00,ypsilon,153601
Matana Roberts,2022-01-27T18:34:17+00:00,Amma Jerusalem School,151624
Sarah Neufeld,2022-01-27T18:30:47+00:00,Forcelessness,135934
TEEN,2022-01-27T18:26:52+00:00,Tokyo,152085
Max Richter,2022-01-27T18:20:04+00:00,Berlin By Overnight,148790
Son Lux,2022-01-27T18:12:27+00:00,Beautiful Mechanical,123107
Missy Mazzoli,2022-01-27T18:03:39+00:00,Isabelle Eberhardt Dreams of Pianos,118609
Splashgirl,2022-01-27T17:57:07+00:00,Bleak Warm Future,152567
Nils Frahm,2022-01-27T17:50:05+00:00,A Place,150532
Bobby Previte,2022-01-27T17:46:37+00:00,When I Land,151128
Aphex Twin,2022-01-27T17:43:04+00:00,4,119241
Ian Chang,2022-01-27T17:39:00+00:00,Inhaler,151965
Four Tet,2022-01-27T17:34:48+00:00,Two Thousand and Seventeen,150686
David West,2022-01-27T17:29:11+00:00,Polar Light,149318
David Crowell,2022-01-27T17:26:32+00:00,Echolocation,150529
"Lindstrřm, ft. Jenny Hval",2022-01-27T17:19:10+00:00,Bungl (Like a Ghost),152079
Jerusalem In My Heart,2022-01-27T17:14:07+00:00,Bein Ithnein,153506
Caleb Burhans,2022-01-27T17:06:38+00:00,Keymaster,119350
Rachel Grimes,2022-01-27T17:00:22+00:00,"Transverse Plane (Live from Merkin Concert Hall on February 10, 2016)",145037
Philip Glass,2022-01-27T16:53:16+00:00,Einstein on the Beach: Knee 4,114843
Aleksandra Vrebalov,2022-01-27T16:50:59+00:00,The Sea Ranch Songs: Fort Ross Chorale,146787
TootArd,2022-01-27T16:47:14+00:00,Bayati Blues,153503
Sufjan Stevens,2022-01-27T16:43:08+00:00,The Human Plague,139730
Adult Jazz,2022-01-27T16:38:41+00:00,Idiot Mantra,151761
Hauschka,2022-01-27T16:34:32+00:00,Constant Growth Fails,148317
Andy Cartwright,2022-01-27T16:31:02+00:00,It Was Aglow,152042
Steve Reich,2022-01-27T16:19:44+00:00,Tehillim: Part 1,147586
Federico Durand,2022-01-27T16:14:41+00:00,El cascabel de plata,152039
Julianna Barwick,2022-01-27T16:09:00+00:00,Envelop,126243
Hania Rani,2022-01-27T16:01:25+00:00,Spring,159047
Kelly Moran,2022-01-27T15:59:09+00:00,Limonium,148382
Moses Sumney,2022-01-27T15:52:23+00:00,Quarrel,151764
Vijay Iyer,2022-01-27T15:46:07+00:00,Far From Over,152724
Brian Eno,2022-01-27T15:43:08+00:00,The Big Ship,138115
Caroline Shaw,2022-01-27T15:41:11+00:00,Plan & Elevation: IV. The Orangery,154686
John Adams,2022-01-27T15:37:57+00:00,John's Book of Alleged Dances: Rag the Bone,121317
Ryuichi Sakamoto,2022-01-27T15:34:05+00:00,Solari,150042
Julia Kent,2022-01-27T15:28:35+00:00,Invitation to the Voyage,148620
Shara Nova,2022-01-27T15:24:37+00:00,From the Invisible to the Visible,133130
Toby Driver,2022-01-27T15:17:17+00:00,Avignon,152035
Osvaldo Golijov,2022-01-27T15:11:05+00:00,Tenebrae: I.,148505
Philip Glass,2022-01-27T15:02:53+00:00,Koyaanisqatsi: Vessels,129764
Fiona Brice,2022-01-27T22:57:02+00:00,Berlin,152121
Deradoorian,2022-01-27T22:53:09+00:00,A Beautiful Woman,152103
Laura Cannell,2022-01-27T22:49:01+00:00,A New Theory of Eclipse,152119
Qasim Naqvi,2022-01-27T22:47:25+00:00,Aligned,150253
Caroline Shaw,2022-01-27T22:40:25+00:00,Allemande (Daniel Wohl Remix),136244
The Ah,2022-01-27T22:36:32+00:00,I Changed Coulour,151570
Christine Delphine Hedden,2022-01-27T22:31:20+00:00,Kitchen Dance,154664
Phil Kline,2022-01-27T22:26:09+00:00,The Blue Room: March,105121
Clogs,2022-01-27T22:23:28+00:00,5/4,119326
Jennifer Jolley,2022-01-27T22:15:36+00:00,Bullet Time (for 9 Violas),151600
Sarah Neufeld,2022-01-27T22:10:46+00:00,Chase the Bright and Burning,147782
Valgeir Sigurđsson,2022-01-27T22:07:36+00:00,Plainsong,129328
Caleb Burhans,2022-01-27T22:01:59+00:00,Remembrance,146528
Jefre Cantu-Ledesma,2022-01-27T21:59:21+00:00,Echoing Green,152093
Daniel Wohl,2022-01-27T21:53:54+00:00,Corpus,134478
John Adams,2022-01-27T21:38:04+00:00,Hallelujah Junction,130273
Colleen,2022-01-27T21:35:46+00:00,November,152077
Kelly Moran,2022-01-27T21:30:41+00:00,Heliconia,151623
Nils Frahm,2022-01-27T21:26:57+00:00,Ambre,116410
Florent Ghys,2022-01-27T21:21:02+00:00,"Nappe Brodee, ou Tenki",141177
Steve Reich,2022-01-27T21:16:56+00:00,Radio Rewrite: 1. Fast,149071
Philip Glass,2022-01-27T21:10:36+00:00,Einstein on the Beach: Knee 2,114837
Explosions in the Sky,2022-01-27T21:04:18+00:00,Landing Cliffs,149006
Gavin Bryars,2022-01-27T21:01:02+00:00,The Fifth Century: Eternity Magnifies Our Joys Exceedingly,151649
Moondog (Louis Hardin),2022-01-27T23:58:46+00:00,Witch of Endor,102115
Amiina,2022-01-28T04:59:27+00:00,Perth,147778
Roxanna Panufnik,2022-01-28T04:55:05+00:00,The Call,152580
Meg Baird & Mary Lattimore,2022-01-28T04:49:00+00:00,Between Two Worlds,154449
Tyshawn Sorey,2022-01-28T04:44:34+00:00,Cascade in Slow Motion,150934
Kelly Moran,2022-01-28T04:41:31+00:00,Autowave,154448
John Adams,2022-01-28T04:36:54+00:00,Tourist Song,109250
Ólafur Arnalds,2022-01-28T04:33:25+00:00,Another Happy Day: Poland,136808
Keith Jarrett,2022-01-28T04:08:02+00:00,The Koln Concert: Part 1,100433
Nico Muhly,2022-01-28T04:00:40+00:00,Flexible Music,110746
Ital Tek,2022-01-28T03:56:46+00:00,Aquamarine,152176
"Ensemble, Et Al",2022-01-28T03:48:36+00:00,Ondrejko,150359
Philip Glass,2022-01-28T03:41:58+00:00,"Einstein on the Beach: Trial 2, Prison (Ensemble)",144595
James Blake,2022-01-28T03:38:07+00:00,Lullaby For My Insomniac,154455
Vanessa Amara,2022-01-28T03:31:47+00:00,02 20 - 03 - 2017 21 - 12 - 2016 06,152120
Nick Zammuto,2022-01-28T03:26:59+00:00,Fast Pasture,121194
Hildur Ingveldardottir Guonadottir,2022-01-28T03:20:51+00:00,Into Warmer Air,130696
Julianna Barwick,2022-01-28T03:17:19+00:00,One Half,148841
Rebecca Clarke,2022-01-28T03:09:47+00:00,Morpheus,152582
Johann Hieronymus Kapsburger,2022-01-28T03:07:43+00:00,Kapsburger,119324
Caterina Barbieri,2022-01-28T03:01:12+00:00,Rendering Intuitions,154454
Arvo Part,2022-01-28T02:51:06+00:00,Tabula rasa: Ludus,115837
Jean Grae & Quelle Chris,2022-01-28T02:46:02+00:00,My Contribution to This Scam,152199
Belinda Reynolds,2022-01-28T02:38:14+00:00,Circa,108048
Henrique Eisenmann,2022-01-28T02:29:53+00:00,Jeneupti,153530
Ornette Coleman,2022-01-28T02:26:30+00:00,Lonely Woman,108265
Photay,2022-01-28T02:22:29+00:00,Outré Lux,151627
Gossamer,2022-01-28T02:18:14+00:00,III. Encounter,153089
Kaitlyn Aurelia Smith,2022-01-28T02:14:37+00:00,Arthropoda,148144
Mary Lattimore,2022-01-28T02:11:06+00:00,Hello From the Edge of the Earth,153546
Tim Berne's Snakeoil,2022-01-28T02:08:26+00:00,Angles,152572
"Daniel Wohl, recomposer",2022-01-28T02:01:55+00:00,Extra Pressure (Remix of Partita by Caroline Shaw),152714
Amiina,2022-01-28T01:56:31+00:00,Juve & Fandor,147780
Olafur Arnalds,2022-01-28T01:50:27+00:00,re:member,153599
Karen Gwyer,2022-01-28T01:46:34+00:00,Why Is There a Long Line in Front of the Factory?,152131
Steve Reich,2022-01-28T01:41:25+00:00,Music for 18 Musicians: Section IX,148863
John Adams,2022-01-28T01:29:06+00:00,Sri Moonshine,131687
Keith Jarrett,2022-01-28T01:14:06+00:00,Elegy for Violin and String Orchestra,100679
Anna Meredith,2022-01-28T01:09:22+00:00,Scrimshaw,151556
Masayoshi Fujita,2022-01-28T01:05:18+00:00,Spaceship Magical,153021
Evan Ziporyn,2022-01-28T00:56:30+00:00,Be-In,104295
Zoe Keating,2022-01-28T00:51:33+00:00,Forte,153471
Philip Glass,2022-01-28T00:46:16+00:00,Songs and Poems for Solo Cello: Tissue No. 7,148507
David Lang,2022-01-28T00:36:04+00:00,increase,151712
Oneohtrix Point Never,2022-01-28T00:29:30+00:00,Zebra,138130
Rahim AlHaj,2022-01-28T00:22:55+00:00,A Gift From a Sufi Soul,152831
Sophia Loizou,2022-01-28T00:17:28+00:00,Genesis 92: The Awakening,152127
Missy Mazzoli,2022-01-28T00:09:14+00:00,"Dissolve, O My Heart",130632
David Crowell,2022-01-28T00:05:25+00:00,Poly Rush,150530
