artist,start_time,title,uid
Caroline Shaw,2022-01-09T11:57:14+00:00,Partita for Eight Voices: Sarabande,130428
Rafiq Bhatia,2022-01-09T11:52:32+00:00,Hoods Up,154401
Julianna Barwick,2022-01-09T11:48:01+00:00,Someway,148835
Judd Greenstein,2022-01-09T11:41:58+00:00,Sing Along,104508
Yasmin Williams,2022-01-09T11:36:39+00:00,Through the Woods,158511
Philip Glass,2022-01-09T11:26:01+00:00,Metamorphosis Two: Flowing,132381
Astor Piazzolla,2022-01-09T11:15:47+00:00,Tango Suite,100007
Lucy Railton,2022-01-09T11:10:41+00:00,Pinnevik,151911
Tyondai Braxton,2022-01-09T11:10:41+00:00,Casino Trem,142751
Penguin Cafe,2022-01-09T11:05:57+00:00,The Track of the Dull Sun,150312
Lorenzo Senni,2022-01-09T11:01:27+00:00,The Challenge,151909
John Adams,2022-01-09T10:56:41+00:00,China Gates,144258
Rahim AlHaj,2022-01-09T10:50:06+00:00,A Gift From a Sufi Soul,152831
Tangents,2022-01-09T10:42:44+00:00,Jindabyne,152330
A Silver Mt. Zion,2022-01-09T10:35:21+00:00,13 Angels Standing Guard 'round the Side of Your Bed,148201
Ólafur Arnalds,2022-01-09T10:32:05+00:00,Doria,148613
Traditional Bulgarian,2022-01-09T10:26:54+00:00,Kalimankou Denkou,151819
Sarah Neufeld,2022-01-09T10:23:24+00:00,Forcelessness,135934
Kaitlyn Aurelia Smith,2022-01-09T10:12:02+00:00,Existence in the Unfurling,148146
Jessica Meyer,2022-01-09T10:08:23+00:00,Getting Home (I Must Be...),142903
Alva Noto + Ryuichi Sakamoto,2022-01-09T10:04:05+00:00,Ax Mr. L.,151837
Meredith Monk,2022-01-09T10:00:03+00:00,Songs of Ascension: Spring Variation,123081
Bibio,2022-01-09T09:55:47+00:00,Quantock,151893
Anna Meredith,2022-01-09T09:50:40+00:00,Calion,151787
Arvo Part,2022-01-09T09:45:32+00:00,Summa,115836
Visible Cloaks,2022-01-09T09:41:43+00:00,Terrazzo,151119
Blood Orange,2022-01-09T09:36:35+00:00,It is What It Is,153084
Florent Ghys,2022-01-09T09:33:07+00:00,Invitation to Love,141173
Frank Zappa,2022-01-09T09:29:43+00:00,G-Spot Tornado,146043
Francesco Tristano,2022-01-09T09:22:28+00:00,Strings Of Life,121750
serpentwithfeet,2022-01-09T09:17:50+00:00,bless ur heart,152100
Bing & Ruth,2022-01-09T09:11:32+00:00,Starwood Choker,148294
Daniel Wohl,2022-01-09T09:07:12+00:00,Limbs,134475
Jessika Kenney and Eyvind Kang,2022-01-09T08:55:30+00:00,Kidung,154153
Lizzy Mercier Descloux,2022-01-09T08:50:51+00:00,Hard-Boiled Babe,151843
Merrill Garbus,2022-01-09T08:47:09+00:00,Quizassa,130427
Missy Mazzoli,2022-01-09T08:41:48+00:00,A Door Into the Dark,118151
Kate Moore,2022-01-09T08:28:54+00:00,Sliabh Beagh,145014
The Dead Texan,2022-01-09T08:23:10+00:00,"A Chronicle of Early Failures, Part 1",152032
Stella Chiweshe,2022-01-09T08:14:06+00:00,Ndabaiwa,151943
Anna Thorvaldsdottir,2022-01-09T08:06:10+00:00,Hrim,124005
Daniel Herskedal,2022-01-09T08:00:42+00:00,The Roc,153540
Holger Czukay,2022-01-09T07:56:23+00:00,Ode to Perfume,152393
Lubomyr Melnyk,2022-01-09T07:49:10+00:00,Requiem For A Fallen Tree,154302
Darcy James Argue,2022-01-09T07:42:09+00:00,Transit,119372
Jakub Ciupinski,2022-01-09T07:30:02+00:00,Morning Tale,146965
The Daredevil Christopher Wright,2022-01-09T07:27:11+00:00,Divorce,151842
Steve Reich,2022-01-09T07:11:51+00:00,Electric Guitar Phase,105739
Joep Beving,2022-01-09T07:06:30+00:00,Hanging D,153537
Ka Baird,2022-01-09T07:01:43+00:00,You Are Myself,152711
Die Knoedel,2022-01-09T06:58:48+00:00,In The Red Currants (In Die Ribisl),154654
Nicholas Britell,2022-01-09T06:53:37+00:00,Moonlight: End Credits Suite,149477
Max Richter,2022-01-09T06:49:42+00:00,Orlando: Genesis of Poetry,148848
Meredith Monk,2022-01-09T06:45:23+00:00,Gotham Lullaby,105599
Oneohtrix Point Never,2022-01-09T06:41:01+00:00,The Station,154100
Einojuhani Rautavaara,2022-01-09T06:30:46+00:00,"Symphony No. 7 ""Angel of Light,"" mvt. III",148484
Arca,2022-01-09T06:26:52+00:00,Desafío,152410
Haron,2022-01-09T06:17:07+00:00,Lotuseter,152948
Fishbach / (Flora Fishbach),2022-01-09T06:12:49+00:00,Mortel,151841
Zoe Keating,2022-01-09T06:06:15+00:00,Escape Artist,121228
Jessie Montgomery,2022-01-09T06:03:23+00:00,Duo for Violin and Cello: III. Presto,159037
Rachel Grimes,2022-01-09T13:55:18+00:00,"Transverse Plane (Live from Merkin Concert Hall on February 10, 2016)",145037
Marcelo Zarvos,2022-01-09T13:50:25+00:00,Nepomuk's Dances: Arrival,130289
Max Eastley,2022-01-09T13:47:41+00:00,Tenessee,151927
John Luther Adams,2022-01-09T13:34:28+00:00,Dark Wind,113971
Steve Reich,2022-01-09T13:24:55+00:00,Vermont Counterpoint,135545
Julia Holter,2022-01-09T13:12:21+00:00,"Memory Drew Her Portrait (Live from Merkin Concert Hall on February 25, 2015)",141935
David Byrne,2022-01-09T13:10:20+00:00,A Persecution Followed,114895
Richard Reed Parry,2022-01-09T13:05:09+00:00,The Brief and Neverending Blur,150926
Philip Glass,2022-01-09T12:59:24+00:00,Music in Fifths,146135
Zoe Keating,2022-01-09T12:53:24+00:00,Legions (War),121217
Frank Zappa,2022-01-09T12:49:34+00:00,Peaches En Regalia,152725
Haley Heynderickx,2022-01-09T12:45:45+00:00,The Bug Collector,151825
Hildur Ingveldardottir Guonadottir,2022-01-09T12:41:58+00:00,Opaque,130693
Osvaldo Golijov,2022-01-09T12:34:26+00:00,Mariel,104098
Shuta Hasunuma,2022-01-09T12:31:20+00:00,Lal,151925
Aaron Dessner,2022-01-09T12:27:42+00:00,Transpecos: Final Theme,148582
The Hands Free,2022-01-09T12:22:50+00:00,It's She,152000
Mica Levi,2022-01-09T12:15:58+00:00,Lipstick to Void,159013
David Lang,2022-01-09T12:11:35+00:00,Death Speaks: you will return,133701
Brian Eno,2022-01-09T12:07:16+00:00,An Ending (Ascent),127443
Kelly Lee Owens,2022-01-09T12:02:01+00:00,Bird,151981
Lanark Artefax,2022-01-09T14:54:45+00:00,Touch Absence (Intimidating Stillness Mix),151923
Brian Eno,2022-01-09T14:51:46+00:00,The Big Ship,138115
Yasmin Williams,2022-01-09T14:46:45+00:00,Urban Driftwood (ft. Amadou Kouyate),158513
Caleb Burhans,2022-01-09T14:38:04+00:00,The Things Left Unsaid,134749
Hiroshi Yoshimura,2022-01-09T14:31:52+00:00,Water Copy,152792
Jherek Bischoff,2022-01-09T14:26:36+00:00,Closer to Closure,146222
Leah Kardos,2022-01-09T14:23:53+00:00,The Calm Work,150316
Max Richter,2022-01-09T14:18:24+00:00,Black Mirror: The Consolations of Philosophy,148617
Nina Shekhar,2022-01-09T14:09:10+00:00,Quirkhead,151452
Vijay Iyer,2022-01-09T14:01:20+00:00,Dig The Say,140039
Daniel Wohl,2022-01-09T20:57:21+00:00,Progression,144888
Arooj Aftab,2022-01-09T20:49:39+00:00,Mohabbat,159027
Phil Kline,2022-01-09T20:36:32+00:00,The Long Winter,135266
Colin Stetson,2022-01-09T20:33:34+00:00,Red Horse Judges (II),121989
Steve Reich,2022-01-09T20:26:47+00:00,Quartet: I. Fast,151880
John Mackey,2022-01-09T20:20:48+00:00,Sheltering Sky,148553
Anna Thorvaldsdottir,2022-01-09T20:15:03+00:00,Fields,150928
Bell Orchestre,2022-01-09T20:11:38+00:00,Water / Light / Shifts,149001
Arvo Part,2022-01-09T20:02:46+00:00,Wallfahrtslied (Pilgrim's Song),115839
Kaitlyn Aurelia Smith,2022-01-09T19:59:00+00:00,Rare Things Grow,148143
Explosions in the Sky & David Wingo,2022-01-09T19:55:15+00:00,Prince Avalanche: An Old Peasant Like Me,136829
Holger Czukay,2022-01-09T19:44:20+00:00,Breath Taking,151936
Sufjan Stevens,2022-01-09T19:37:11+00:00,Planetarium: Mars,150069
Vijay Iyer,2022-01-09T19:33:42+00:00,Augury,159025
Colin Jacobsen,2022-01-09T19:22:59+00:00,"Beloved, do not let me be discouraged",102458
Valgeir Sigurđsson,2022-01-09T19:18:18+00:00,"Cold Ground, Hot II",117386
Molly Joyce,2022-01-09T19:11:41+00:00,Shapeshifter,151626
Amiina,2022-01-09T18:10:56+00:00,Sexfaldur,147781
Adrianne Lenker,2022-01-09T18:07:22+00:00,From,154451
Philip Glass,2022-01-09T18:01:44+00:00,Madeira River,151003
Meredith Monk,2022-01-09T17:58:40+00:00,Ellis Island,154768
Daniel Wohl,2022-01-09T17:54:06+00:00,Neighborhood,134470
David Crowell,2022-01-09T17:46:33+00:00,Kaleidoscope,137179
Julia Holter,2022-01-09T17:41:08+00:00,Marienbad,148298
Leah Kardos,2022-01-09T17:38:34+00:00,Malio Malio,150315
Trio Chemirani,2022-01-09T17:34:14+00:00,,159031
Eamon Fogarty,2022-01-09T17:30:16+00:00,Katie Dear,151946
Jim O'Rourke,2022-01-09T17:19:03+00:00,I'm Happy,120076
Zoe Keating,2022-01-09T17:13:43+00:00,Nix,153473
Phil Kline,2022-01-09T17:09:27+00:00,The Blue Room: Tarantella,107234
Laurel Halo,2022-01-09T17:05:27+00:00,Mercury,152951
Jacob Cooper,2022-01-09T16:57:12+00:00,Silver Threads III. Antique Windfall,138157
Susumu Yokota,2022-01-09T16:53:17+00:00,Blue Sky and Yellow Sunflower,151980
Okkyung Lee,2022-01-09T16:47:08+00:00,One Hundred Years Old Rain (The Same River Twice),128102
Michael Harrison,2022-01-09T16:34:30+00:00,Hijaz,130412
Kevin Volans,2022-01-09T16:28:52+00:00,Walking Song,108823
A Winged Victory for the Sullen,2022-01-09T16:24:32+00:00,Long May It Sustain,151910
Steve Reich,2022-01-09T16:21:14+00:00,Electric Counterpoint: 2. Slow,109231
Iglew,2022-01-09T16:17:55+00:00,Boxed V - 24 Illuminated,151926
Hanna Benn,2022-01-09T16:12:04+00:00,Unfasten,151820
Nils Frahm & Anne Müller,2022-01-09T16:06:46+00:00,Journey For A Traveller,154688
John Hollenbeck,2022-01-09T16:01:33+00:00,Joys & Desires #3 - The Garden of Love,159030
Sudan Archives,2022-01-09T15:57:50+00:00,Nont for Sale,152895
Arooj Aftab,2022-01-09T15:52:38+00:00,Suroor,159026
Mica Levi,2022-01-09T15:45:17+00:00,Alien Loop,159015
Osvaldo Golijov,2022-01-09T15:39:03+00:00,Wa Habibi,159002
Anna Thorvaldsdottir,2022-01-09T15:28:20+00:00,Ro,140889
David Lang,2022-01-09T15:18:08+00:00,increase,151712
Quest Ensemble,2022-01-09T15:13:06+00:00,Pizz Trance,158432
Julia Wolfe,2022-01-09T15:00:26+00:00,Protest,159004
Daníel Bjarnason,2022-01-09T22:50:06+00:00,Blow Bright,154041
dal:um,2022-01-09T22:43:37+00:00,The Waves,158979
Clogs,2022-01-09T22:40:16+00:00,Bed and Rest,122786
Florent Ghys,2022-01-09T22:37:06+00:00,Air,116369
Poppy Ackroyd,2022-01-09T22:32:25+00:00,Luna,153660
Abel Selaocoe,2022-01-09T22:26:25+00:00,Keld ft Abel Selaocoe & Callum Connell,158695
Glenn Kotche,2022-01-09T22:19:01+00:00,Wild Sound Part 4,154045
Eartheater,2022-01-09T22:15:10+00:00,The Internet Is Handmade,151970
Philip Glass,2022-01-09T22:11:44+00:00,Koyaanisqatsi: Koyaanisqatsi,105594
Julia Wolfe,2022-01-09T22:05:55+00:00,Reeling,142746
Terry Riley,2022-01-09T21:59:00+00:00,The Cusp of Magic: Prayer Circle,100154
Alva Noto,2022-01-09T21:52:11+00:00,Iano,130642
Zoe Keating,2022-01-09T21:47:08+00:00,Don't Worry,121233
Patrick Burke,2022-01-09T21:38:13+00:00,Awake,121585
Osvaldo Golijov,2022-01-09T21:31:40+00:00,"Last Round, mvt. II: Lentissimo",148504
Mason Bates,2022-01-09T21:25:08+00:00,Observer in the Magellanic Cloud,138219
Olga Bell,2022-01-09T21:22:05+00:00,Krasnoyarsk Krai,151549
Nils Frahm,2022-01-09T21:17:08+00:00,Because This Must Be,148826
Colleen,2022-01-09T21:12:14+00:00,Soul Alphabet,151622
Theo Bleckmann,2022-01-09T21:04:14+00:00,Final Answer,151952
Philip Glass,2022-01-09T23:58:23+00:00,Dance II,107782
Lusine,2022-01-09T23:56:43+00:00,Chatter,150038
Makaya McCraven,2022-01-09T23:47:33+00:00,Atlantic Black,153719
John Lennon / arr. Vijay Iyer,2022-01-09T23:43:49+00:00,Imagine,159019
Hatis Noit,2022-01-09T23:35:56+00:00,Illogical Lullaby,153606
Ballaké Sissoko & Vincent Segal,2022-01-09T23:31:52+00:00,Samba Tomora,148629
Olafur Arnalds,2022-01-09T23:27:09+00:00,ekki hugsa,153604
Cocanha,2022-01-09T23:23:19+00:00,Cotelon,158982
Tim Hecker,2022-01-09T23:18:23+00:00,Obsidian Counterpoint,146239
Girlpool,2022-01-09T23:15:44+00:00,I Like That You Can See It,151968
Vivian Fung,2022-01-09T23:11:56+00:00,Pizzicato for String Quartet,102976
Caleb Burhans,2022-01-09T23:07:24+00:00,Nunc dimittis,134750
Sarah Louise,2022-01-09T23:03:17+00:00,Rime,159001
Qasim Naqvi,2022-01-09T23:00:53+00:00,The Cast,150254
Wally Gunn,2022-01-10T04:55:46+00:00,The Fence Is Gone,142560
Ingram Marshall,2022-01-10T04:42:37+00:00,September Canons,112234
David Lang,2022-01-10T04:37:33+00:00,Wed,126323
Tyondai Braxton,2022-01-10T04:27:06+00:00,Platinum Rows,121376
Ted Hearne,2022-01-10T04:23:27+00:00,Law of Mosaics: Excerpts from the middle of something,140550
Ryan Francis,2022-01-10T04:20:41+00:00,"Wind-Up Bird Preludes, 5. What Happened In The Night I",121651
Callie Ryan,2022-01-10T04:17:12+00:00,Orange Notes,152526
Ryuichi Sakamoto,2022-01-10T04:12:36+00:00,Riot in Lagos,119729
Threefifty,2022-01-10T04:08:21+00:00,Crossing State Lines,148982
Hilary Hahn / Hauschka,2022-01-10T04:01:31+00:00,North Atlantic,127924
Julianna Barwick,2022-01-10T03:55:40+00:00,The Harbinger,148843
Bryce Dessner,2022-01-10T03:52:44+00:00,Murder Ballades: Tears For Sister Polly,143696
Resina,2022-01-10T03:47:57+00:00,Trigger,153750
Anna Clyne,2022-01-10T03:37:45+00:00,Roulette,126556
Chris Carter,2022-01-10T03:35:16+00:00,Tone Maps,151907
Tim Hecker,2022-01-10T03:30:18+00:00,Violet Monumental I,146256
Arvo Part,2022-01-10T03:14:03+00:00,Tabula rasa: Silentium,101537
Johann Johannsson,2022-01-10T03:11:35+00:00,The Drowned World,148136
Aleksi Perälä,2022-01-10T03:06:54+00:00,UK74R1721031,152338
Steve Reich,2022-01-10T03:00:55+00:00,The Four Sections: Movement 3,149077
"Ensemble, Et Al",2022-01-10T02:55:32+00:00,Medal Meddle Metal,150360
Terry Riley,2022-01-10T02:48:24+00:00,Half-Wolf Dances Mad in Moonlight,143444
7FO,2022-01-10T02:43:40+00:00,Moment,152337
Jon Hassell,2022-01-10T02:39:18+00:00,Miracle Steps,154152
Tyshawn Sorey,2022-01-10T02:28:35+00:00,Flowers for Prashant,150936
Four Tet,2022-01-10T02:23:18+00:00,Circling,150128
Blank For,2022-01-10T02:17:45+00:00,For Tim,151903
Oneohtrix Point Never,2022-01-10T02:11:11+00:00,Zebra,138130
Aphex Twin,2022-01-10T02:09:06+00:00,Avril 14th,148041
"Ballake Sissoko, Sona Jobarteh",2022-01-10T02:04:00+00:00,Djourou,159029
Andy Akiho,2022-01-10T01:58:52+00:00,Kiiro (Yellow),122353
D.J. Sparr,2022-01-10T01:56:33+00:00,Earthcaster Suite I. Drips,154617
Francesco Tristano,2022-01-10T01:49:31+00:00,A Soft Shell Groove,139738
Sarah Kirkland Snider,2022-01-10T01:43:22+00:00,Pale as Centuries,143226
Shabaka Hutchings,2022-01-10T01:36:24+00:00,"Black Skin, Black Masks",153993
Susan Alcorn,2022-01-10T01:30:41+00:00,Pedernal,158329
Christina Vantzou,2022-01-10T01:17:30+00:00,Remote Polyphony,153613
Colin Stetson,2022-01-10T01:09:53+00:00,Like Wolves on the Fold,150041
Terry Riley,2022-01-10T00:49:11+00:00,In C,112267
Ola Belle Reed / Rhiannon Giddens,2022-01-10T00:45:09+00:00,Letter,159007
Meredith Monk,2022-01-10T00:41:00+00:00,Do You Be,100015
Kelly Moran,2022-01-10T00:37:53+00:00,Optimist,150039
Laurie Anderson,2022-01-10T00:32:38+00:00,Hiawatha,103764
Nubya Garcia,2022-01-10T00:28:22+00:00,La cumbia me esta llamando,158987
Yasmin Williams,2022-01-10T00:22:39+00:00,After the Storm,158514
Krallice,2022-01-10T00:14:45+00:00,Quadripartite Mirror Realm,152031
Kaitlyn Aurelia Smith,2022-01-10T00:11:07+00:00,Arthropoda,148144
Steve Reich,2022-01-10T00:04:21+00:00,Mallet Quartet: 1. Fast,148781
