artist,start_time,title,uid
Caleb Burhans,2022-01-16T05:57:17+00:00,The Things Left Unsaid,134749
Nicholas Britell,2022-01-16T11:59:34+00:00,Moonlight: End Credits Suite,149477
Richard Reed Parry,2022-01-16T11:50:25+00:00,"For Heart, Breath and Orchestra",124386
Julianna Barwick,2022-01-16T11:44:55+00:00,Big Hollow,148833
Philip Glass,2022-01-16T11:40:17+00:00,Koyaanisqatsi: Clouds,101715
Steve Reich,2022-01-16T11:34:18+00:00,The Four Sections: Movement 3,149077
Francesco Cavaliere,2022-01-16T11:30:41+00:00,Bloaji Badejo,152967
David Lang,2022-01-16T11:20:26+00:00,Sunray,125076
John Luther Adams,2022-01-16T11:16:42+00:00,In the White Silence: Letter B,148572
Lubomyr Melnyk,2022-01-16T11:08:17+00:00,Marginal Invitation,136466
Danalogue,2022-01-16T11:03:58+00:00,Sweet B,152655
Jónsi & Alex,2022-01-16T10:54:41+00:00,Happiness,120079
Nils Frahm,2022-01-16T10:49:44+00:00,Because This Must Be,148826
Louis Andriessen,2022-01-16T10:44:56+00:00,La Passione (The Passion): Una forma nera cornuta (A horned black form),108720
Callie Ryan,2022-01-16T10:41:16+00:00,Orange Notes,152526
Jennifer Higdon,2022-01-16T10:36:33+00:00,String Poetic: Nocturne,107359
Laurie Anderson,2022-01-16T10:25:08+00:00,Another Day in America,117892
Meredith Monk,2022-01-16T10:19:34+00:00,Facing North: Long Shadows 2,123354
Jon Hassell,2022-01-16T10:14:13+00:00,Al-Kongo Udu,152881
Phil Kline,2022-01-16T10:01:21+00:00,The Long Winter,135266
Mary Lattimore & Mac McCaughan,2022-01-16T09:53:59+00:00,III,154616
BOTANY,2022-01-16T09:48:57+00:00,Ory (Joyous Toil),153556
Tristan Perich,2022-01-16T09:43:39+00:00,"1-Bit Symphony, movement 1",119083
Helena Espvall & Masaki Batoh,2022-01-16T09:39:07+00:00,Kling Klang,152729
Philip Glass,2022-01-16T09:33:12+00:00,Glassworks: 6. Closing,148588
Paolo Angeli,2022-01-16T09:28:15+00:00,Optimistic,154619
Tyondai Braxton,2022-01-16T09:24:54+00:00,Uffe's Woodshop,109843
Florent Ghys,2022-01-16T09:18:11+00:00,Friday 3pm,146816
The Kraken Quartet,2022-01-16T09:13:28+00:00,Chance The Dog (the song),152667
Terry Riley,2022-01-16T09:03:50+00:00,G Song,116812
Sur Back,2022-01-16T08:59:26+00:00,Valentino,152811
We Like We,2022-01-16T08:56:02+00:00,Endless Harmonies,152664
Valgeir Sigurđsson,2022-01-16T08:50:59+00:00,Past Tundra,117380
Vivian Fung,2022-01-16T08:47:02+00:00,Pizzicato for String Quartet,102976
Ben Johnston,2022-01-16T08:36:27+00:00,"Crossings - The Ascent, String Quartet No. 4, ""Amazing Grace""",154135
Nicholas Britell,2022-01-16T08:33:31+00:00,Moonlight: Little's Theme; The Spot; Chiron's Theme,149476
Sarah Louise,2022-01-16T08:29:34+00:00,Rime,159001
Max Richter,2022-01-16T08:23:29+00:00,Mrs. Dalloway: Meeting Again,148846
Kamaal Williams,2022-01-16T08:22:10+00:00,The Return,152764
Steve Reich,2022-01-16T08:13:06+00:00,Tokyo/Vermont Counterpoint,106520
Esperanza Spalding,2022-01-16T08:06:56+00:00,formwela 2,158988
D.J. Sparr,2022-01-16T08:04:36+00:00,Earthcaster Suite I. Drips,154617
Jaimie Branch,2022-01-16T08:00:21+00:00,Theme 001,152806
Philip Glass,2022-01-16T07:56:55+00:00,Koyaanisqatsi: Koyaanisqatsi,105594
Julianna Barwick,2022-01-16T07:52:30+00:00,Labyrinthine,148840
John Lennon / arr. Vijay Iyer,2022-01-16T07:48:31+00:00,Imagine,159019
Anemone,2022-01-16T07:44:19+00:00,Bout De Toi,154492
Dustin O'Halloran,2022-01-16T07:41:48+00:00,Minim,138832
Ola Belle Reed / Rhiannon Giddens,2022-01-16T07:37:46+00:00,Letter,159007
Ben Lamar Gay,2022-01-16T07:35:18+00:00,"Music For 18 Hairdressers, Braids & Fractals",152761
Aston Family Man Barrett,2022-01-16T07:32:26+00:00,Soul Constitution,152341
Paolo Angeli,2022-01-16T07:27:51+00:00,Hunting Bears (Trilogia del Tempo),154618
Nubya Garcia,2022-01-16T07:23:35+00:00,La cumbia me esta llamando,158987
Penguin Cafe,2022-01-16T07:18:54+00:00,Moonbo,148789
Lucky Dragons,2022-01-16T07:14:12+00:00,Everybody Happy,152795
Cocanha,2022-01-16T07:10:22+00:00,Cotelon,158982
Padma Newsome,2022-01-16T07:08:40+00:00,Song of the Bees (Artifact),154598
Meredith Monk,2022-01-16T07:05:54+00:00,"Book of Days: Travellers 1,2,3",117111
TORRES,2022-01-16T06:57:49+00:00,To Be Given a Body,151836
Stoic,2022-01-16T06:52:19+00:00,Something Vanishing,154591
dal:um,2022-01-16T06:45:50+00:00,The Waves,158979
Matt Marks,2022-01-16T06:40:42+00:00,"The Little Death, Vol. 1: Penetration Overture",121497
Aleksi Perälä,2022-01-16T06:35:55+00:00,UK74R1721031,152338
David Bowie and Brian Eno,2022-01-16T06:30:58+00:00,Moss Garden,153981
Philip Glass,2022-01-16T06:25:15+00:00,Dance II,107782
Oneohtrix Point Never,2022-01-16T06:22:06+00:00,Problem Areas,149999
Caroline Says,2022-01-16T06:18:18+00:00,I Tried,152794
Patrick Burke,2022-01-16T06:09:23+00:00,Awake,121585
Mary Lattimore,2022-01-16T06:05:51+00:00,Hello From the Edge of the Earth,153546
Mount Eerie,2022-01-16T13:50:58+00:00,Spring,152698
Philip Glass,2022-01-16T13:47:29+00:00,"String Quartet No. 3, ""Mishima"": I. 1957: Award Montage",148183
Kate Moore,2022-01-16T13:36:01+00:00,Velvet,146066
Jherek Bischoff,2022-01-16T13:28:18+00:00,The Sea's Son,146237
Ingram Marshall,2022-01-16T13:23:35+00:00,Son of Soe-pa,131048
Nico Muhly,2022-01-16T13:20:26+00:00,A Hudson Cycle,112690
Christina Vantzou,2022-01-16T13:17:39+00:00,At Dawn,153612
Dustin O'Halloran,2022-01-16T13:14:11+00:00,Fragile N.4,128734
A Silver Mt. Zion,2022-01-16T13:06:42+00:00,13 Angels Standing Guard 'round the Side of Your Bed,148201
Ryuichi Sakamoto,2022-01-16T13:03:11+00:00,CHASM,130627
Marielle V Jakobsons,2022-01-16T12:56:30+00:00,Star Core,151785
Brian Eno,2022-01-16T12:54:19+00:00,Emerald and Stone,148289
Jay Crocker,2022-01-16T12:50:01+00:00,Kill Scene,152970
"Oscar Brown, Jr / Rhiannon Giddens",2022-01-16T12:44:55+00:00,Brown Baby,159008
Caroline Shaw,2022-01-16T12:37:15+00:00,Blueprint,153634
Mdou Moctar,2022-01-16T12:33:16+00:00,Taliat,158989
Tortoise,2022-01-16T12:27:23+00:00,Swung from the Gutters,127132
Kaitlyn Aurelia Smith,2022-01-16T12:23:26+00:00,"When I Try, I'm Full",148142
Terry Riley,2022-01-16T12:04:46+00:00,A Rainbow in Curved Air,134160
Philip Glass,2022-01-16T20:53:34+00:00,Koyaanisqatsi: Pruitt Igoe,107552
George Oakley,2022-01-16T20:49:42+00:00,Toccata,154281
Padma Newsome,2022-01-16T20:44:05+00:00,Cloud Theory,153828
Valiska,2022-01-16T20:38:02+00:00,Softness,150223
Bing & Ruth,2022-01-16T20:31:44+00:00,Starwood Choker,148294
Emilie Levienaise-Farrouch,2022-01-16T20:29:09+00:00,Minnesang,148441
Hilary Hahn / Hauschka,2022-01-16T20:22:19+00:00,North Atlantic,127924
Agnes Obel,2022-01-16T20:16:41+00:00,Under Giant Trees,148453
Bryce Dessner,2022-01-16T20:13:45+00:00,Murder Ballades: Tears For Sister Polly,143696
Ryan Francis,2022-01-16T20:07:26+00:00,Remix,146137
Penguin Cafe,2022-01-16T20:02:43+00:00,The Track of the Dull Sun,150312
Eartheater,2022-01-16T19:59:59+00:00,Inclined,152993
Julianna Barwick,2022-01-16T19:55:41+00:00,Crystal Lake,148838
Anna Clyne,2022-01-16T19:45:29+00:00,Roulette,126556
Duncan Bellamy,2022-01-16T19:41:30+00:00,Lines Glow,153458
William Bolcom,2022-01-16T19:37:27+00:00,Graceful Ghost,134308
Steve Reich,2022-01-16T19:26:05+00:00,New York Counterpoint,104670
Meredith Monk,2022-01-16T19:19:58+00:00,On Behalf of Nature: Spider Web Anthem,147108
Ted Hearne,2022-01-16T19:16:20+00:00,Law of Mosaics: Excerpts from the middle of something,140550
David Lang,2022-01-16T19:09:54+00:00,Death Speaks: pain changes,133704
Ryuichi Sakamoto,2022-01-16T19:05:17+00:00,Riot in Lagos,119729
Jherek Bischoff,2022-01-16T18:59:33+00:00,Cistern 1 VRSN2,124284
Arvo Part,2022-01-16T18:43:18+00:00,Tabula rasa: Silentium,101537
Jenny Hval,2022-01-16T18:38:28+00:00,The Dreamer Is Everyone in Her Dream,152985
Gregory Beyer,2022-01-16T18:32:42+00:00,"Berimbau Trio no. 1, ""Harmonia""",153521
Terry Riley,2022-01-16T18:25:35+00:00,Half-Wolf Dances Mad in Moonlight,143444
The Cradle,2022-01-16T18:19:44+00:00,Bag of Holding,153877
Tortoise,2022-01-16T18:14:59+00:00,Four-Day Interval,127144
Jessika Kenney and Eyvind Kang,2022-01-16T18:03:16+00:00,Kidung,154153
Jacob Cooper,2022-01-16T17:56:27+00:00,Silver Threads: I. Silver Threads,138153
Jon Hassell,2022-01-16T17:52:06+00:00,Miracle Steps,154152
Tristan Perich,2022-01-16T17:44:34+00:00,These Are They,119086
Max Richter,2022-01-16T17:37:58+00:00,On The Nature Of Daylight (Orchestral Version),154280
Philip Glass,2022-01-16T17:35:01+00:00,"String Quartet No. 3, ""Mishima,"" mvt. V: Mishima/Closing",148512
Missy Mazzoli,2022-01-16T17:29:40+00:00,A Door Into the Dark,118151
Ned Lagin,2022-01-16T17:25:04+00:00,Seastones 05,152968
Christina Vantzou,2022-01-16T17:18:43+00:00,Remote Polyphony,153613
Four Tet,2022-01-16T17:13:26+00:00,Circling,150128
Ballaké Sissoko & Vincent Segal,2022-01-16T17:08:01+00:00,"""Ma-Ma"" FC",129023
Agnes Obel,2022-01-16T17:04:38+00:00,September Song,148445
Steve Reich,2022-01-16T16:57:52+00:00,Mallet Quartet: 1. Fast,148781
Duncan Bellamy,2022-01-16T16:50:37+00:00,Life Mask,153460
Efterklang,2022-01-16T16:47:37+00:00,Dreams Today,147729
Valiska,2022-01-16T16:43:43+00:00,Heavy Riser,150222
Julia Kent,2022-01-16T16:39:35+00:00,Gardermoen,148619
He Was Eaten By Owls,2022-01-16T16:36:56+00:00,We Shall Oscillate Like A Pendulum,153605
Meredith Monk,2022-01-16T16:32:37+00:00,Gotham Lullaby,105599
Serpente,2022-01-16T16:25:03+00:00,Sob A Palha,152947
Henrik Schwarz,2022-01-16T16:19:01+00:00,AlgoRhythm,152768
Einojuhani Rautavaara,2022-01-16T16:08:46+00:00,"Symphony No. 7 ""Angel of Light,"" mvt. III",148484
Mary Lattimore,2022-01-16T15:57:02+00:00,It Feels Like Floating,153545
Ryuichi Sakamoto,2022-01-16T15:51:28+00:00,20 msec.,130628
Jherek Bischoff,2022-01-16T15:47:02+00:00,Automatism,146221
Philip Glass,2022-01-16T15:40:17+00:00,The Grid,129598
Caleb Burhans,2022-01-16T15:35:45+00:00,Nunc dimittis,134750
Tortoise,2022-01-16T15:29:22+00:00,I Set My Face to the Hillside,127139
Clogs,2022-01-16T15:26:01+00:00,Bed and Rest,122786
Terry Riley,2022-01-16T15:19:22+00:00,The Cusp of Magic: Prayer Circle,100154
Matt Marks,2022-01-16T15:16:49+00:00,"The Little Death, Vol. 1: Sing",122489
Kassem Mosse,2022-01-16T15:11:33+00:00,Silver 94,152946
Kaitlyn Aurelia Smith,2022-01-16T15:07:48+00:00,Rare Things Grow,148143
Steve Reich,2022-01-16T15:01:15+00:00,Double Sextet: 3. Fast,148779
Ingram Marshall,2022-01-16T22:56:13+00:00,September Canons,112234
Tortoise,2022-01-16T22:51:16+00:00,Ten-Day Interval,127136
John Adams,2022-01-16T22:41:41+00:00,Coast,148397
Meredith Monk,2022-01-16T22:38:51+00:00,Quarry Weave,140798
Judd Greenstein,2022-01-16T22:28:43+00:00,"Clearing, Dawn, Dance",123113
Low,2022-01-16T22:24:35+00:00,Quorum,152984
Daniel Bjarnason,2022-01-16T22:09:23+00:00,Emergence,135181
Ryuichi Sakamoto,2022-01-16T22:04:41+00:00,Bibo No Aozora,137777
Tim Hecker,2022-01-16T21:55:49+00:00,This Life,153933
David Longstreth,2022-01-16T21:53:55+00:00,Instructional Video,125079
Steve Reich,2022-01-16T21:43:23+00:00,Different Trains: After the War,108266
Gyorgy Ligeti,2022-01-16T21:41:14+00:00,Etudes for Piano (adapted for player piano) X. Der Zauberlehrling,114204
Angelica Negron,2022-01-16T21:33:39+00:00,Drawings for Meyoko,119351
Kaitlyn Aurelia Smith,2022-01-16T21:22:22+00:00,Existence in the Unfurling,148146
Explosions in the Sky & David Wingo,2022-01-16T21:20:02+00:00,Prince Avalanche: Theme from Prince Avalanche,136828
Brian Eno,2022-01-16T21:11:27+00:00,1/2 (arr. David Lang),153878
Susumu Yokota,2022-01-16T21:07:10+00:00,Fairy Dance of Twinkle and Shadow,154175
Jon Hassell,2022-01-16T21:01:25+00:00,Aurora,152865
Jonny Greenwood,2022-01-17T04:57:34+00:00,Phantom Thread: I'll Follow Tomorrow,151654
Jaimie Branch,2022-01-17T04:52:13+00:00,Theme 002,151822
Penguin Cafe,2022-01-17T04:49:20+00:00,(The Roaring of A) Silent Sun,148788
Caroline Shaw,2022-01-17T04:44:33+00:00,Partita for Eight Voices: Sarabande,130428
Yazz Ahmed,2022-01-17T04:40:33+00:00,The Lost Pearl (Hector Plimmer Remix),153996
Dmitry Evgrafov,2022-01-17T04:36:05+00:00,Consolation,153779
Clogs,2022-01-17T04:30:52+00:00,2:3:5,119327
Julianna Barwick,2022-01-17T04:26:21+00:00,Someway,148835
Joanne Forman,2022-01-17T04:22:52+00:00,The Twittering Machine,153014
Aphex Twin,2022-01-17T04:19:22+00:00,Logon Rock Witch,119236
Johann Johannsson,2022-01-17T04:17:23+00:00,The Theory of Everything: Forces of Attraction,148049
Julia Kent,2022-01-17T04:12:32+00:00,Transportation,148621
Agnes Obel,2022-01-17T04:07:23+00:00,Stretch Your Eyes,148595
Kevin Volans,2022-01-17T04:01:45+00:00,Walking Song,108823
Kelly Moran,2022-01-17T03:59:22+00:00,Freesia,148381
Steve Reich,2022-01-17T03:56:05+00:00,Electric Counterpoint: 2. Slow,109231
Visible Cloaks,2022-01-17T03:52:18+00:00,Bloodstream,151120
Vijay Iyer,2022-01-17T03:45:01+00:00,Touba,159023
Meredith Monk,2022-01-17T03:39:44+00:00,Impermanence: Rocking,104658
Devonte Hynes,2022-01-17T03:26:10+00:00,There Was Nothing,159018
Joakim,2022-01-17T03:19:07+00:00,"Comes (Armand, France)",153013
Kala Ramnath,2022-01-17T03:15:57+00:00,Aalap and Tarana,136308
Michael Gordon,2022-01-17T03:07:10+00:00,Decasia (excerpt),159005
Laurie Spiegel,2022-01-17T02:57:15+00:00,Patchwork,131110
Zeena Parkins and The Adorables,2022-01-17T02:51:53+00:00,Invented,153511
Nils Frahm & Anne Müller,2022-01-17T02:46:35+00:00,Journey For A Traveller,154688
Juana Molina,2022-01-17T02:41:42+00:00,Cosoco,151762
Trio Chemirani,2022-01-17T02:37:22+00:00,,159031
Tropic of Cancer,2022-01-17T02:32:47+00:00,Plant Lilies at My Head,153200
Arooj Aftab,2022-01-17T02:27:35+00:00,Suroor,159026
Angelica Negron,2022-01-17T02:23:05+00:00,Remando en el Mismo Lugar,118470
Osvaldo Golijov,2022-01-17T02:17:23+00:00,Lúa Descolorida (Aria De Las Lágrimas De Pedro),159003
Cool Maritime,2022-01-17T02:12:36+00:00,Forest Bathing (Carlos Nino Trinidad Mix),153010
Holly Herndon,2022-01-17T02:07:41+00:00,An Exit,153258
Yasmin Williams,2022-01-17T02:02:22+00:00,Through the Woods,158511
David Lang,2022-01-17T01:57:54+00:00,Death Speaks: I am walking,133705
Jon Hopkins,2022-01-17T01:51:47+00:00,Neon Pattern Drum,153373
Agnes Obel,2022-01-17T01:47:33+00:00,Aventine,148449
Johann Johannson,2022-01-17T01:44:27+00:00,Odi et Amo,152888
Matt McBane,2022-01-17T01:39:30+00:00,Ride,121399
Ingram Marshall,2022-01-17T01:29:37+00:00,Fog Tropes,144166
Coil,2022-01-17T01:21:37+00:00,Lost Rivers Of London,153009
Aphex Twin,2022-01-17T01:19:09+00:00,Jynweythek Ylow,119245
Steve Reich,2022-01-17T01:10:08+00:00,Different Trains: America - Before the war,108477
Philip Miller,2022-01-17T01:03:36+00:00,9 Drawings for Projection: Weighing and Wanting,115279
waelder,2022-01-17T00:58:25+00:00,Omr,152558
Catrin Finch and Seckou Keita,2022-01-17T00:52:22+00:00,1677,152673
Okkyung Lee,2022-01-17T00:48:55+00:00,Yellow River,128112
Ólafur Arnalds,2022-01-17T00:45:38+00:00,Doria,148613
Visible Cloaks,2022-01-17T00:42:04+00:00,Screen,151122
Christopher Cerrone,2022-01-17T00:34:06+00:00,Hoyt-Schermerhorn,146962
Gavin Bryars,2022-01-17T00:23:04+00:00,The Vespertine Park,121705
Jessica Meyer,2022-01-17T00:19:39+00:00,Source of Joy,142904
Banoffee,2022-01-17T00:15:59+00:00,Ripe,152999
Philip Glass,2022-01-17T00:09:45+00:00,Akhnaten: Hymn To The Sun,149427
Florent Ghys,2022-01-17T00:06:17+00:00,Invitation to Love,141173
