artist,start_time,title,uid
Ingram Marshall,2022-01-12T05:59:39+00:00,Fog Tropes,105438
Zeena Parkins,2022-01-12T11:56:33+00:00,Determined,152128
Stoic,2022-01-12T11:51:03+00:00,Something Vanishing,154591
Kaitlyn Aurelia Smith,2022-01-12T11:47:58+00:00,Stratus,148145
Matt Marks,2022-01-12T11:45:26+00:00,"The Little Death, Vol. 1: Sing",122489
Philip Glass,2022-01-12T11:38:15+00:00,Einstein on the Beach: Knee 4,114843
Steve Reich,2022-01-12T11:31:42+00:00,Double Sextet: 3. Fast,148779
Merrill Garbus,2022-01-12T11:25:59+00:00,Hatari,152908
Public Service Broadcasting,2022-01-12T11:21:13+00:00,People Will Always Need Coal,152208
Jacob Collier,2022-01-12T11:14:23+00:00,In My Room,152396
Mary Lattimore,2022-01-12T11:06:53+00:00,Never Saw Him Again,152812
Motion Graphics,2022-01-12T11:03:40+00:00,Mezzotint Gliss (instrumental),153391
Michael Gordon,2022-01-12T10:57:28+00:00,Tree-Oh,121190
Ben Lamar Gay,2022-01-12T10:46:10+00:00,Lamps,153848
Edgar Meyer,2022-01-12T10:42:11+00:00,1B,138280
Isotope 217,2022-01-12T10:35:56+00:00,La Jetee,148440
Kaija Saariaho,2022-01-12T10:33:26+00:00,"Cloud Trio - I. Calmo, medtitato",154391
David Lang,2022-01-12T10:27:24+00:00,Memory Pieces: Cage,112771
Sam Gendel and Sam Wilkes,2022-01-12T10:23:51+00:00,THEEM AND VARIATIONS,154450
Paul Corley,2022-01-12T10:15:23+00:00,She Is In The Ground,130663
Meg Baird & Mary Lattimore,2022-01-12T10:09:18+00:00,Between Two Worlds,154449
Telefon Tel Aviv,2022-01-12T10:02:29+00:00,Fahrenheit Fair Enough,152327
Rachel's,2022-01-12T09:56:11+00:00,Water from the Same Source,152797
Zoe Keating,2022-01-12T09:52:54+00:00,Possible,153472
Bill Frisell,2022-01-12T09:47:39+00:00,In Line,152048
LEYA,2022-01-12T09:43:53+00:00,Sister,151875
Sarah Kirkland Snider,2022-01-12T09:37:44+00:00,Pale as Centuries,143226
H. Takahashi,2022-01-12T09:34:55+00:00,Elegy,152746
Brian Eno,2022-01-12T09:32:44+00:00,Emerald and Stone,148289
Philip Glass,2022-01-12T09:25:10+00:00,"String Quartet No. 2, ""Company""",108920
Kate Moore,2022-01-12T09:13:43+00:00,Velvet,146066
Marc Mellits,2022-01-12T09:12:21+00:00,Smoke: Movement 7,153229
Ryan Francis,2022-01-12T09:07:23+00:00,"Etudes for Piano, 6. Loop",137784
Erlon Chaves,2022-01-12T09:03:25+00:00,Procura-se Uma Virgem - (Prefixo) Tema De Abertura,152344
Sarah Davachi,2022-01-12T08:57:43+00:00,Gloaming,153721
Tigue,2022-01-12T08:52:57+00:00,Dress Well,152650
Arthur Moon,2022-01-12T08:46:44+00:00,Boxing,152809
Eli Keszler,2022-01-12T08:41:54+00:00,The Tenth Part,154595
Nicholas Britell,2022-01-12T08:39:54+00:00,Moonlight: The Middle of the World,149274
Ben Frost,2022-01-12T08:37:02+00:00,Meg Ryan Eyez,152786
Steve Reich,2022-01-12T08:31:03+00:00,The Four Sections: Movement 3,149077
Victor Daniel / arr. Angelique Kidjo,2022-01-12T08:27:39+00:00,La Vida Es Un Carnaval,159032
Motion Graphics,2022-01-12T08:23:51+00:00,Anyware,153384
Dedekind Cut,2022-01-12T08:18:51+00:00,Tahoe,152585
Kaitlyn Aurelia Smith,2022-01-12T08:13:55+00:00,Envelop,148141
Dennis Bovell,2022-01-12T08:09:58+00:00,Eye Water Dub,152343
Johann Johannsson,2022-01-12T08:07:22+00:00,The Theory of Everything: Domestic Pressures,148048
Kelly Moran,2022-01-12T08:04:19+00:00,Autowave,154448
Penguin Cafe,2022-01-12T07:59:40+00:00,Solaris,148786
Graham Fitkin,2022-01-12T07:49:50+00:00,Stub,139275
Marcos Balter,2022-01-12T07:40:46+00:00,Pessoa,135546
David Lang,2022-01-12T07:37:20+00:00,Born to be Wild,107377
Philip Glass,2022-01-12T07:30:42+00:00,"Einstein on the Beach: Trial 2, Prison (Ensemble)",144595
Lovozero,2022-01-12T07:26:03+00:00,Volosy,153702
Nick Zammuto,2022-01-12T07:21:16+00:00,Fast Pasture,121194
Landlady,2022-01-12T07:13:01+00:00,Share a Tree,152287
Jon Hassell,2022-01-12T07:09:01+00:00,Pastorale Vassant,152882
Mary Lattimore,2022-01-12T06:58:35+00:00,Wawa By The Ocean,153547
Marc Mellits,2022-01-12T06:56:32+00:00,Smoke: Movement 2,153224
Oracle Hysterical,2022-01-12T06:51:53+00:00,Helen,153610
Bill Frisell,2022-01-12T06:45:20+00:00,Rambler,152049
Sarah Davachi,2022-01-12T06:42:48+00:00,Garlands,152374
Julianna Barwick,2022-01-12T06:39:16+00:00,One Half,148841
Mouse On Mars,2022-01-12T06:34:25+00:00,Omnibuzz,153988
Johann Hieronymus Kapsburger,2022-01-12T06:32:21+00:00,Kapsburger,119324
Daniel Hart,2022-01-12T06:29:31+00:00,Bibb County Reprise,150037
Zoe Keating,2022-01-12T06:24:11+00:00,Nix,153473
Dictaphone,2022-01-12T06:19:34+00:00,Lofi Opium,152279
Errollyn Wallen,2022-01-12T06:15:55+00:00,Peace on Earth,158337
Olafur Arnalds,2022-01-12T06:09:52+00:00,re:member,153599
John Adams,2022-01-12T13:58:41+00:00,Fellow Traveler,133560
Efterklang,2022-01-12T13:55:40+00:00,Dreams Today,147729
Joseph Shabason,2022-01-12T13:50:30+00:00,November (feat. Gigi Masin),154222
Nicholas Britell,2022-01-12T13:47:34+00:00,Moonlight: Little's Theme; The Spot; Chiron's Theme,149476
Andy Akiho,2022-01-12T13:42:18+00:00,Kiiro (Yellow),122353
Max Richter,2022-01-12T13:36:13+00:00,Mrs. Dalloway: Meeting Again,148846
"Sam Gendel, Sam Wilkes",2022-01-12T13:30:25+00:00,BOA,154125
Terry Riley,2022-01-12T13:20:48+00:00,G Song,116812
Fjola Evans,2022-01-12T13:10:13+00:00,Shoaling,152400
Brian Eno,2022-01-12T13:06:06+00:00,Needle Click,152752
Paolo Angeli,2022-01-12T13:01:31+00:00,Hunting Bears (Trilogia del Tempo),154618
Dustin O'Halloran,2022-01-12T12:58:45+00:00,Minim,138832
Kate NV,2022-01-12T12:54:48+00:00,??? OAK,153173
Julianna Barwick,2022-01-12T12:50:24+00:00,Labyrinthine,148840
Steve Hauschildt,2022-01-12T12:46:08+00:00,Saccade,152988
Julia Kent,2022-01-12T12:42:00+00:00,Gardermoen,148619
Shida Shahabi,2022-01-12T12:39:06+00:00,Flora,153799
Meredith Monk,2022-01-12T12:34:47+00:00,Gotham Lullaby,105599
France Jobin,2022-01-12T12:29:22+00:00,Graviton,152403
Elena Kats-Chernin,2022-01-12T12:20:05+00:00,Schubert Blues,138999
Einojuhani Rautavaara,2022-01-12T12:09:50+00:00,"Symphony No. 7 ""Angel of Light,"" mvt. III",148484
Hildur Ingveldardottir Guonadottir,2022-01-12T12:03:48+00:00,Elevation,130686
David Lang,2022-01-12T20:57:34+00:00,"Cheating, Lying, Stealing",120799
Meredith Monk,2022-01-12T20:52:00+00:00,Facing North: Long Shadows 2,123354
Aphex Twin,2022-01-12T20:44:41+00:00,Cliffs,119244
Valgeir Sigurđsson,2022-01-12T20:39:37+00:00,Past Tundra,117380
Nicolas Jaar,2022-01-12T20:35:09+00:00,Tourists,152405
Caroline Shaw,2022-01-12T20:29:16+00:00,Valencia,148380
D.J. Sparr,2022-01-12T20:26:57+00:00,Earthcaster Suite I. Drips,154617
Volker Bertelmann,2022-01-12T20:22:45+00:00,My Kids Live on Mars,151147
Kate NV,2022-01-12T20:19:04+00:00,??? you,153175
John Luther Adams,2022-01-12T20:15:20+00:00,In the White Silence: Letter B,148572
Steve Reich,2022-01-12T20:08:18+00:00,2x5,148535
Julianna Barwick,2022-01-12T20:02:48+00:00,Big Hollow,148833
Philip Glass,2022-01-12T19:54:30+00:00,Einstein on the Beach: Knee 5,114845
Jónsi & Alex,2022-01-12T19:45:14+00:00,Happiness,120079
Donnacha Dennehy,2022-01-12T19:40:07+00:00,Pushpulling,148799
Louis Andriessen,2022-01-12T19:35:49+00:00,Prospettive e Retrospettive,140620
Kate Tempest,2022-01-12T19:30:09+00:00,Europe Is Lost (clean edit),152413
Nico Muhly,2022-01-12T19:23:10+00:00,How About Now,107181
Jennifer Higdon,2022-01-12T19:18:27+00:00,String Poetic: Nocturne,107359
Evan Ziporyn,2022-01-12T19:08:35+00:00,Qi: Garden,151096
Mary Lattimore,2022-01-12T19:02:42+00:00,Jimmy V,151240
Nicholas Britell,2022-01-12T18:57:30+00:00,Moonlight: End Credits Suite,149477
Chicago Underground Quartet,2022-01-12T18:52:12+00:00,Tunnel Chrome,148601
Helena Espvall & Masaki Batoh,2022-01-12T18:47:40+00:00,Kling Klang,152729
"Ensemble, Et Al",2022-01-12T18:42:10+00:00,Medal Meddle Metal,150360
Florent Ghys,2022-01-12T18:35:26+00:00,Friday 3pm,146816
Mark Dancigers,2022-01-12T18:28:15+00:00,Everness,139728
Vladimir Martynov,2022-01-12T18:22:44+00:00,The Beatitudes,125072
Jlin,2022-01-12T18:18:06+00:00,Erotic Heat,152411
Sarah Neufeld,2022-01-12T18:14:23+00:00,Wrong Thought,147783
Ben Lamar Gay,2022-01-12T18:11:55+00:00,"Music For 18 Hairdressers, Braids & Fractals",152761
Ljova,2022-01-12T17:59:19+00:00,The Comet,154473
Sven Helbig,2022-01-12T17:54:45+00:00,Ich Geh' Dir Nach,146428
Steve Reich,2022-01-12T17:45:41+00:00,Tokyo/Vermont Counterpoint,106520
Felicia Atkinson,2022-01-12T17:41:57+00:00,I'm Following You,154105
Paolo Angeli,2022-01-12T17:37:00+00:00,Optimistic,154619
Quindar,2022-01-12T17:27:07+00:00,Six Degrees of Freedom,150055
Gemma Peacocke,2022-01-12T17:21:37+00:00,Love,154599
Todd Reynolds,2022-01-12T17:15:08+00:00,TaskForce: Farmlab,121337
Padma Newsome,2022-01-12T17:13:26+00:00,Song of the Bees (Artifact),154598
Jai Paul,2022-01-12T17:09:34+00:00,BTSTU,152441
Kadhja Bonet,2022-01-12T17:05:29+00:00,Joy,153017
The Hands Free,2022-01-12T17:01:04+00:00,Kellam's Reel/Rusty Gully,151986
Kjartan Sveinsson,2022-01-12T16:52:36+00:00,Teil II,147474
John Adams,2022-01-12T16:44:10+00:00,Shaker Loops: I. Shaking and Trembling,148491
Mary Lattimore & Mac McCaughan,2022-01-12T16:36:48+00:00,III,154616
Public Service Broadcasting,2022-01-12T16:32:38+00:00,Tomorrow,150060
Matt Marks,2022-01-12T16:27:29+00:00,"The Little Death, Vol. 1: Penetration Overture",121497
Kate NV,2022-01-12T16:24:36+00:00,??? one,153176
Julianna Barwick,2022-01-12T16:20:27+00:00,Beached,148832
Nicholas Britell,2022-01-12T16:18:36+00:00,Moonlight: The Culmination,149478
Kraftwerk,2022-01-12T16:14:10+00:00,Franz Schubert,153984
Schneider Kacirek,2022-01-12T16:09:03+00:00,Dust (feat. Sofia Jernberg),152404
Kimmo Pohjonen and Samuli Kosminen,2022-01-12T16:03:15+00:00,Uniko: VII. Avara,137726
David Bowie and Brian Eno,2022-01-12T15:58:18+00:00,Moss Garden,153981
Terry Riley,2022-01-12T15:54:32+00:00,Autodreamographical Tales 6: See Them Out There,143423
Bobby McFerrin,2022-01-12T15:51:43+00:00,Monks - The Shepherd,102648
Duncan Bellamy,2022-01-12T15:47:19+00:00,Endless,153459
Massive Attack,2022-01-12T15:44:08+00:00,Danny the Dog: Sam,136930
Dan Deacon,2022-01-12T15:41:29+00:00,Rat Film: Pelican,153354
Philip Glass,2022-01-12T15:35:09+00:00,Einstein on the Beach: Knee 2,114837
Mary Lattimore,2022-01-12T15:30:57+00:00,The Quiet at Night,149277
Nico Muhly,2022-01-12T15:25:38+00:00,Advice to a Young Woman,154278
Ballaké Sissoko & Vincent Segal,2022-01-12T15:19:58+00:00,Oscarine,148628
Mallow,2022-01-12T15:14:20+00:00,Spaceshp Koupe/Could It Be Live,152397
Paul Wiancko,2022-01-12T15:06:28+00:00,Lift: Part III [Galacial - Maniacal - Lift],153659
Jon Hopkins,2022-01-12T15:00:55+00:00,Feel First Life,153375
Anna Clyne,2022-01-12T22:54:33+00:00,Prince of Clouds,139119
Max Richter,2022-01-12T22:47:57+00:00,On The Nature Of Daylight (Orchestral Version),154280
Kate NV,2022-01-12T22:42:49+00:00,??? see,153178
Four Tet,2022-01-12T22:37:32+00:00,Circling,150128
Lyra Pramuk,2022-01-12T22:28:31+00:00,Cradle,158628
Steve Reich,2022-01-12T22:21:45+00:00,Mallet Quartet: 1. Fast,148781
Okkyung Lee,2022-01-12T22:15:08+00:00,The Crow Flew After Yi Sang,152418
Susan Alcorn,2022-01-12T22:07:52+00:00,Pedernal,158330
Caleb Burhans,2022-01-12T22:03:20+00:00,Nunc dimittis,134750
Aleksandra Vrebalov,2022-01-12T21:57:57+00:00,The Sea Ranch Songs: Elements II,146797
Anna Meredith,2022-01-12T21:53:14+00:00,Scrimshaw,151556
Louis Andriessen,2022-01-12T21:48:26+00:00,La Passione (The Passion): Una forma nera cornuta (A horned black form),108720
Joni Mitchell,2022-01-12T21:45:22+00:00,Blue,102561
Jherek Bischoff,2022-01-12T21:40:55+00:00,Automatism,146221
Philip Glass,2022-01-12T21:35:37+00:00,Songs and Poems for Solo Cello: Tissue No. 7,148507
Clogs,2022-01-12T21:32:16+00:00,Bed and Rest,122786
Greg Fox,2022-01-12T21:27:06+00:00,Earth Center Possessing Stream,150274
Dustin O'Halloran,2022-01-12T21:23:38+00:00,Fragile N.4,128734
John Cage,2022-01-12T21:18:38+00:00,HPSCHD: Solo VII,152417
Kjartan Sveinsson,2022-01-12T21:11:45+00:00,Teil III,147475
Ryuichi Sakamoto,2022-01-12T21:08:14+00:00,CHASM,130627
Arun Ghosh,2022-01-13T04:57:36+00:00,Dagger Dance,152568
Stella Chiweshe,2022-01-13T04:52:44+00:00,Nehondo,154800
Missy Mazzoli,2022-01-13T04:43:59+00:00,Still Life With Avalanche,130164
Jessie Montgomery,2022-01-13T04:37:06+00:00,Strum,153749
Moses Sumney,2022-01-13T04:30:05+00:00,Quarrel,151764
Makaya McCraven,2022-01-13T04:27:08+00:00,Black Lion,153720
Bing & Ruth,2022-01-13T04:21:02+00:00,Police Police Police Police Police,144591
Steve Reich,2022-01-13T04:10:30+00:00,Different Trains: After the War,108266
Florist,2022-01-13T04:06:29+00:00,Vacation,152474
Ryan Brown,2022-01-13T04:01:23+00:00,Under the Rug,119354
"Jon Hassell, Brian Eno",2022-01-13T03:57:53+00:00,Delta Rain Dream,152876
Caleb Burhans,2022-01-13T03:45:23+00:00,Beneath,142559
Jennifer Jolley,2022-01-13T03:37:39+00:00,Bullet Time (for 9 Violas),151600
Ben Lukas Boysen,2022-01-13T03:33:08+00:00,Sleepers Beat Theme,152249
Off World,2022-01-13T03:26:20+00:00,Choral Hatch,146295
Stuart Dempster,2022-01-13T03:16:40+00:00,Morning Light,152144
GABI,2022-01-13T03:13:30+00:00,Koo Koo,147722
Christopher Cerrone,2022-01-13T03:02:38+00:00,South Catalina,145364
Andrew Bird,2022-01-13T02:55:54+00:00,Ethio Invention No. 1,148395
Jessica Meyer,2022-01-13T02:52:15+00:00,Getting Home (I Must Be...),142903
La Nińa de los Peines aka Pastora Pavón Cruz,2022-01-13T02:48:51+00:00,Bulerías,152458
Florent Ghys,2022-01-13T02:42:40+00:00,Beaute Plastique,141169
Anna Thorvaldsdottir,2022-01-13T02:28:10+00:00,Trajectories,140892
Kate Moore,2022-01-13T02:18:53+00:00,Sensitive Spot,142344
Bell Orchestre,2022-01-13T02:10:42+00:00,As Seen Through Windows,148998
Aya Nishina,2022-01-13T02:03:08+00:00,White Flower,136516
Bill Frisell,2022-01-13T02:00:25+00:00,John Steinbeck,140047
Laurie Spiegel,2022-01-13T01:53:56+00:00,The Unquestioned Answer,131118
Kate NV,2022-01-13T01:49:20+00:00,??? how,153174
Steve Reich,2022-01-13T01:37:58+00:00,New York Counterpoint,104670
Richard Reed Parry,2022-01-13T01:31:17+00:00,Quartet for Heart and Breath,139135
Arvo Part,2022-01-13T01:29:05+00:00,Fur Alina,145540
Sky Macklay,2022-01-13T01:20:07+00:00,Many Many Cadences,152423
Threefifty,2022-01-13T01:13:59+00:00,Running in a Burning House,148980
Penguin Cafe,2022-01-13T01:09:15+00:00,The Track of the Dull Sun,150312
Makaya McCraven,2022-01-13T01:03:55+00:00,Suite Haus (feat. Nubya Garcia),153995
Kelly Moran,2022-01-13T00:58:51+00:00,Heliconia,151623
Angelica Negron,2022-01-13T00:51:16+00:00,Drawings for Meyoko,119351
Valgeir Sigurđsson,2022-01-13T00:49:07+00:00,Draumaland,129324
Missy Mazzoli,2022-01-13T00:43:46+00:00,A Door Into the Dark,118151
Philip Glass,2022-01-13T00:37:02+00:00,Einstein on the Beach: Knee 3,114839
Ryuichi Sakamoto,2022-01-13T00:32:19+00:00,Bibo No Aozora,137777
John Luther Adams,2022-01-13T00:29:24+00:00,In the White Silence: Letter O,153444
Bing & Ruth,2022-01-13T00:21:26+00:00,Rails,148295
Onyx Ashanti,2022-01-13T00:14:40+00:00,Pulled and Twisted,152415
Dustin O'Halloran,2022-01-13T00:08:23+00:00,"We Played Some Open Chords and Rejoiced, for the Earth Had Circled the Sun Yet Another Year",124018
Nico Muhly,2022-01-13T00:05:14+00:00,A Hudson Cycle,112690
