artist,start_time,title,uid
Valgeir Sigurđsson,2022-01-18T21:20:15+00:00,Draumaland,129324
Caleb Burhans,2022-01-18T11:53:39+00:00,Once In A Blue Moon,154613
Terry Riley,2022-01-18T11:50:07+00:00,Autodreamographical Tales 6: See Them Out There,143423
Vijay Iyer,2022-01-18T11:44:42+00:00,Break Stuff,159022
Nicholas Britell,2022-01-18T11:42:36+00:00,Moonlight: The Culmination,149478
John Hollenbeck,2022-01-18T11:38:16+00:00,"Gray Cottage Study No. 5 ""dustish""",120966
Rhiannon Giddens,2022-01-18T11:35:21+00:00,Ten Thousand Voices,159006
Caroline Shaw,2022-01-18T11:29:27+00:00,Valencia,148380
Les Filles de Illighadad,2022-01-18T11:24:16+00:00,Surbajo,158992
Colleen,2022-01-18T11:20:38+00:00,Everyone Alive Wants Answers,151677
Laurie Anderson,2022-01-18T11:13:11+00:00,Only An Expert,117890
Massive Attack,2022-01-18T11:10:00+00:00,Danny the Dog: Sam,136930
Philip Glass,2022-01-18T11:01:11+00:00,Akhnaten: Funeral,129602
Cate Le Bon,2022-01-18T10:58:15+00:00,Wonderful,152177
Johann Johannsson,2022-01-18T10:55:38+00:00,The Theory of Everything: Domestic Pressures,148048
Kaki King,2022-01-18T10:51:06+00:00,Teek,158703
Anna Clyne,2022-01-18T10:37:18+00:00,Prince of Clouds,139119
Tredici Bacci,2022-01-18T10:33:26+00:00,Columbo,153852
David Lang,2022-01-18T10:23:45+00:00,The So-Called Laws of Nature: Part III,126621
Robert Honstein,2022-01-18T10:19:04+00:00,Olmsted: IV. World's End,154283
Maya Youssef,2022-01-18T10:07:45+00:00,Silver Lining,158734
Andrew York,2022-01-18T10:03:23+00:00,Sunburst,136649
Soojin Suh,2022-01-18T09:58:14+00:00,Colorist lll - Stream Of Consciousness,158706
Kimmo Pohjonen and Samuli Kosminen,2022-01-18T09:52:26+00:00,Uniko: VII. Avara,137726
Gwenifer Raymond,2022-01-18T09:46:12+00:00,Eulogy for Dead French Composer,158698
Booker Stardrum,2022-01-18T09:41:19+00:00,Drim Dram II,154489
Nico Muhly,2022-01-18T09:35:59+00:00,Advice to a Young Woman,154278
Steve Hauschildt,2022-01-18T09:30:09+00:00,Time We Have,152190
Joseph Shabason,2022-01-18T09:24:50+00:00,November (feat. Gigi Masin),154222
Richard Carrick,2022-01-18T09:21:58+00:00,Sinking,138747
Kirsten Volness,2022-01-18T09:13:54+00:00,River Rising,158601
"Sam Gendel, Sam Wilkes",2022-01-18T09:08:06+00:00,BOA,154125
Park Jiha,2022-01-18T09:05:02+00:00,Arrival,154790
Dan Deacon,2022-01-18T09:00:32+00:00,Big Milk,126280
SANS,2022-01-18T08:56:52+00:00,Kulkija - The Walking Song,153680
Makaya McCraven,2022-01-18T08:53:04+00:00,Mantra,154054
Philip Glass,2022-01-18T08:44:53+00:00,Koyaanisqatsi: Vessels,129764
Robbie Lee & Mary Halvorson,2022-01-18T08:42:17+00:00,Seven Of Strong,154493
Kate NV,2022-01-18T08:38:20+00:00,??? OAK,153173
Laurie Anderson,2022-01-18T08:29:56+00:00,O Superman (for Massenet),112363
Elena Kats-Chernin,2022-01-18T08:20:24+00:00,Schubert Blues,138999
Okkyung Lee,2022-01-18T08:16:33+00:00,Story of You and Me,105027
Terry Riley,2022-01-18T07:55:51+00:00,In C,112267
Lyra Pramuk,2022-01-18T07:46:50+00:00,Cradle,158628
Meredith Monk,2022-01-18T07:42:41+00:00,Do You Be,100015
Gavin Bryars,2022-01-18T07:38:36+00:00,The Sinking of the Titanic,108323
David Lang,2022-01-18T07:28:05+00:00,"Cheating, Lying, Stealing",105949
Marc Mellits,2022-01-18T07:25:26+00:00,Smoke: Movement 6,153228
Poppy Ackroyd,2022-01-18T07:20:45+00:00,Luna,153660
J Hacha De Zola,2022-01-18T07:17:29+00:00,On a Saturday,154432
Hildur Ingveldardottir Guonadottir,2022-01-18T07:11:36+00:00,Elevation,130686
Steve Reich,2022-01-18T07:04:50+00:00,Quartet: I. Fast,151880
Dustin O'Halloran,2022-01-18T06:58:17+00:00,"We Played Some Open Chords and Rejoiced, for the Earth Had Circled the Sun Yet Another Year",124018
Third Coast Percussion,2022-01-18T06:55:23+00:00,Paddle to the Sea: The Lighthouse,151016
Ballaké Sissoko & Vincent Segal,2022-01-18T06:51:31+00:00,Super étoile,148630
Michael Gordon,2022-01-18T06:45:34+00:00,Tree-Oh,121190
María Huld Markan Sigfúsdóttir,2022-01-18T06:37:45+00:00,Spirals,154040
Jenny Hval,2022-01-18T06:34:53+00:00,Oslo Oedipus,150061
Tim Hecker,2022-01-18T06:29:57+00:00,Obsidian Counterpoint,146239
Isotope 217,2022-01-18T06:23:41+00:00,La Jetee,148440
Jherek Bischoff,2022-01-18T06:18:25+00:00,Closer to Closure,146222
Alex Lilly,2022-01-18T06:16:01+00:00,Infantile,154430
Paul Corley,2022-01-18T06:07:33+00:00,She Is In The Ground,130663
Anna Thorvaldsdottir,2022-01-18T06:01:49+00:00,Fields,150928
Gwenifer Raymond,2022-01-18T13:56:32+00:00,Hell For Certain,158696
Aphex Twin,2022-01-18T13:49:13+00:00,Cliffs,119244
Kirsten Volness,2022-01-18T13:42:11+00:00,Alone Together,158670
The Books,2022-01-18T13:38:05+00:00,Cello Song,148309
Philip Glass,2022-01-18T13:30:42+00:00,Etude 2,140879
Ljova,2022-01-18T13:18:16+00:00,The Comet,154473
David Lang,2022-01-18T13:14:41+00:00,The Little Match Girl Passion: When It Is Time For Me To Go,135095
Elena Kats-Chernin,2022-01-18T13:05:12+00:00,Variations in a Serious Black Dress,138996
Public Service Broadcasting,2022-01-18T13:01:02+00:00,Tomorrow,150060
Daníel Bjarnason,2022-01-18T12:50:15+00:00,Blow Bright,154041
Mark Dancigers,2022-01-18T12:42:54+00:00,Everness,139728
Agnes Obel,2022-01-18T12:38:24+00:00,Fuel to Fire [David Lynch Remix],148455
BON,2022-01-18T12:34:17+00:00,Veritas,159041
Sarah Neufeld,2022-01-18T12:30:34+00:00,Wrong Thought,147783
big dog little dog,2022-01-18T12:26:26+00:00,Cipher,159036
Eva Quartet,2022-01-18T12:23:27+00:00,"Sto Si Sednala, Done",152101
"Ballake Sissoko, Sona Jobarteh",2022-01-18T12:18:37+00:00,Djourou,159029
Steve Reich,2022-01-18T12:11:40+00:00,Double Sextet: 2. Slow,148778
Einojuhani Rautavaara,2022-01-18T12:06:28+00:00,"Cantus Arcticus, Op. 61: I. The Bog",159024
Nico Muhly,2022-01-18T14:59:31+00:00,How About Now,107181
Aphex Twin,2022-01-18T20:58:01+00:00,Avril 14th,148041
Todd Reynolds,2022-01-18T20:51:32+00:00,TaskForce: Farmlab,121337
Dawn of Midi,2022-01-18T20:45:30+00:00,Io,153542
Catlin Magi,2022-01-18T20:41:15+00:00,Siidisulgis Linnukene,154796
Kjartan Sveinsson,2022-01-18T20:33:02+00:00,Teil II,147474
Daniel Herskedal,2022-01-18T20:27:34+00:00,The Roc,153540
Tess Roby,2022-01-18T20:23:42+00:00,Air Above Mirage,154178
Konrad Kaczmarek,2022-01-18T20:18:10+00:00,Freezing Alt,123724
Joep Beving,2022-01-18T20:12:49+00:00,Hanging D,153537
Makaya McCraven,2022-01-18T20:07:44+00:00,Suite Haus (feat. Nubya Garcia),153995
Collectress,2022-01-18T20:04:15+00:00,Woodenheart,153536
Angelica Negron,2022-01-18T19:59:49+00:00,Aventuras en el Agua,118469
Trio Chemirani,2022-01-18T19:54:33+00:00,Synkathistos,153535
Shabaka Hutchings,2022-01-18T19:47:34+00:00,"Black Skin, Black Masks",153993
Esmerine,2022-01-18T19:43:40+00:00,Translator's Clos I,153541
Tamayugé,2022-01-18T19:38:39+00:00,Jyu Hantai,154713
Aleksandra Vrebalov,2022-01-18T19:33:32+00:00,The Sea Ranch Songs: Elements II,146797
Philip Glass,2022-01-18T19:20:51+00:00,"Powaqqatsi: Video Dream, New Cities in Ancient Lands",129722
Bill Frisell,2022-01-18T19:17:53+00:00,John Steinbeck,140047
Laurie Spiegel,2022-01-18T19:15:49+00:00,A Folk Study,131113
Issam Rafea and Gao Hong,2022-01-18T19:11:24+00:00,Chasing Butterflies,153531
Ingram Marshall,2022-01-18T19:01:20+00:00,Fog Tropes,105438
Caroline Shaw,2022-01-18T18:55:28+00:00,Partita for Eight Voices: Passacaglia,130418
Andy Akiho,2022-01-18T18:50:21+00:00,KARakurENAI,143677
Ryuichi Sakamoto,2022-01-18T18:46:29+00:00,Solari,150042
Andrew Bird,2022-01-18T18:39:45+00:00,Ethio Invention No. 1,148395
John Zorn,2022-01-18T18:36:48+00:00,Bikkurim,154502
Gemma Peacocke,2022-01-18T18:31:53+00:00,Bees,154600
Kate Moore,2022-01-18T18:22:51+00:00,Sensitive Spot,142344
Hildigunnur Rúnarsdóttir,2022-01-18T18:17:59+00:00,Vocalise,116086
Florent Ghys,2022-01-18T18:11:38+00:00,Beaute Plastique,141169
Andrew Norman,2022-01-18T18:04:25+00:00,Music in Circles: Part II,139722
Shara Nova,2022-01-18T18:00:27+00:00,From the Invisible to the Visible,133130
Evan Ziporyn,2022-01-18T17:53:08+00:00,Qi: Transport,151097
Noveller,2022-01-18T17:47:35+00:00,Deep Shelter,151688
Colin Stetson,2022-01-18T17:45:03+00:00,From No Part of Me Could I Summon a Voice,144597
Shore,2022-01-18T17:39:07+00:00,A Hundred Times,153910
John Luther Adams,2022-01-18T17:36:12+00:00,In the White Silence: Letter O,153444
Philip Glass,2022-01-18T17:30:59+00:00,Etude 6,140883
Daniel Thorne,2022-01-18T17:25:16+00:00,From the Other Side Of The World,154615
Joni Mitchell,2022-01-18T17:22:12+00:00,Blue,102561
Steve Tibbetts,2022-01-18T17:17:50+00:00,Life Of Dot,152734
Greg Fox,2022-01-18T17:12:25+00:00,Earth Center Possessing Stream,150274
Liima,2022-01-18T17:08:04+00:00,Woods,148026
Nirmala Rajasekar - Maithree,2022-01-18T17:02:40+00:00,Mary O'Neil,153849
Kjartan Sveinsson,2022-01-18T16:55:47+00:00,Teil III,147475
Abel Selaocoe,2022-01-18T16:50:30+00:00,Eastern Bells ft Beka Reid & Seth Sutton,158694
William Brittelle,2022-01-18T16:45:00+00:00,The Colossus,153930
Gwenifer Raymond,2022-01-18T16:38:05+00:00,Strange Lights Over Garth Mountain,158697
Volker Bertelmann,2022-01-18T16:34:34+00:00,I Can't Express My Deep Love,151148
Laurie Anderson,2022-01-18T16:30:01+00:00,From the Air,112370
Anna Webber,2022-01-18T16:19:45+00:00,Array,154597
Padma Newsome,2022-01-18T16:17:55+00:00,The Creatures in the Garden of Lady Walton: Cocodrillo,119564
Terry Riley,2022-01-18T16:11:17+00:00,Land's End,101318
Kevin Puts,2022-01-18T16:04:40+00:00,If I Were a Swan,134802
Angelica Negron,2022-01-18T16:00:36+00:00,Otro Dia Mas,118465
Torbjorn Omalm,2022-01-18T15:56:03+00:00,Huhta,148385
Harold Budd & Robin Guthrie,2022-01-18T15:50:08+00:00,Perfect Fire,158325
Devonte Hynes (Blood Orange),2022-01-18T15:45:37+00:00,Palo Alto: Fred Drives,148795
Resina,2022-01-18T15:41:43+00:00,Glimmer,153751
Philip Glass,2022-01-18T15:37:36+00:00,Satyagraha: Evening Song,149426
Scott L. Miller,2022-01-18T15:28:03+00:00,Admiration,154286
Foday Musa Suso,2022-01-18T15:21:57+00:00,Summer Time,128649
Eli Keszler,2022-01-18T15:16:40+00:00,Enter the Bristle Strum,154596
Caroline Shaw,2022-01-18T15:11:07+00:00,So Quietly,154277
David Lang,2022-01-18T15:06:39+00:00,The Little Match Girl Passion: We Sit and Cry,123340
Haron,2022-01-18T22:52:42+00:00,Lotuseter,152948
Panorama Sound,2022-01-18T22:49:28+00:00,Everywhere,154716
Ryan Brown,2022-01-18T22:44:21+00:00,Under the Rug,119354
John Zorn,2022-01-18T22:40:27+00:00,Kochot,154503
Caleb Burhans,2022-01-18T22:27:51+00:00,Beneath,142559
Aka Pygmies,2022-01-18T22:23:56+00:00,Dikoboda Sombe ii,152535
Esmerine,2022-01-18T22:18:05+00:00,19/14,153543
Off World,2022-01-18T22:11:17+00:00,Choral Hatch,146295
Jessie Montgomery,2022-01-18T22:08:25+00:00,Duo for Violin and Cello: III. Presto,159037
John Adams,2022-01-18T21:57:54+00:00,Hoodoo Zephyr,112392
Lubomyr Melnyk,2022-01-18T21:50:40+00:00,Requiem For A Fallen Tree,154302
Richard Reed Parry,2022-01-18T21:43:59+00:00,Quartet for Heart and Breath,139135
Gwenifer Raymond,2022-01-18T21:38:09+00:00,Gwaed am Gwaed,158699
Bambi Lou,2022-01-18T21:35:05+00:00,President,154685
Threefifty,2022-01-18T21:28:57+00:00,Running in a Burning House,148980
Philip Glass,2022-01-18T21:22:34+00:00,Glassworks: 1. Opening,148583
Valgeir Sigurđsson,2022-01-18T21:20:15+00:00,Draumaland,129324
Ryuichi Sakamoto,2022-01-18T21:15:20+00:00,World Citizen/re-cycled,130629
Sarah Davachi,2022-01-18T21:09:52+00:00,Evensong,153722
Felicia Atkinson,2022-01-18T21:06:09+00:00,I'm Following You,154105
MIA,2022-01-18T21:03:28+00:00,Galang (Trio Riot Version),159020
Johann Johannsson,2022-01-18T21:00:07+00:00,Odi et Amo,120002
Erkki-Sven Tuur,2022-01-18T23:59:44+00:00,Dedication,144404
Kevin Volans,2022-01-19T04:59:03+00:00,This is how it is,113104
Philip Glass,2022-01-19T04:50:49+00:00,Piano Concerto No. 3: Movement I,152053
Childish Japes,2022-01-19T04:46:56+00:00,Before You Die,152588
David Lang,2022-01-19T04:34:09+00:00,Just (After Song of Songs),151804
Rahul Dev Burman,2022-01-19T04:29:09+00:00,Aaj Ki Raat (Tonight is the Night),108661
Steve Reich,2022-01-19T04:23:02+00:00,Dance Patterns,123453
Arca,2022-01-19T04:19:09+00:00,Desafío,152410
Johann Johannsson,2022-01-19T04:12:43+00:00,Flight from the City,147948
Sussan Deyhim,2022-01-19T04:06:26+00:00,Majoun,154801
Squarepusher,2022-01-19T04:00:54+00:00,Iambic 5 Poetry,152328
Astor Piazzolla,2022-01-19T03:51:02+00:00,Tango Suite,100007
Anna & Elizabeth,2022-01-19T03:47:14+00:00,Hop High,151974
Anna Thorvaldsdottir,2022-01-19T03:41:11+00:00,thann heilaga kross,152334
Olafur Arnalds,2022-01-19T03:37:20+00:00,ypsilon,153601
Daniel Brandt,2022-01-19T03:31:46+00:00,On The Move,151861
Four Tet,2022-01-19T03:27:34+00:00,Two Thousand and Seventeen,150686
Dumisani Maraire,2022-01-19T03:20:35+00:00,Mai Nozipo (Mother Nozipo),108330
David Crowell,2022-01-19T03:17:55+00:00,Echolocation,150529
Kelly Lee Owens,2022-01-19T03:14:43+00:00,S.O,152129
Fiona Brice,2022-01-19T03:10:14+00:00,Berlin,152121
Sona Jobarteh,2022-01-19T03:05:12+00:00,Gainaako,154795
Jacaszek,2022-01-19T03:02:07+00:00,Even Not Within Seeing Of The Sun,152785
Qasim Naqvi,2022-01-19T03:00:30+00:00,Aligned,150253
Steve Reich,2022-01-19T02:53:19+00:00,2x5,148535
Robert Wyatt,2022-01-19T02:45:23+00:00,Gharbzadegi,152730
Marcus Fischer & Simon Scott,2022-01-19T02:36:02+00:00,Thorns,153857
Zoe Keating,2022-01-19T02:29:28+00:00,Escape Artist,121228
Moses Sumney,2022-01-19T02:26:22+00:00,Worth It,153855
Hermeto Pascoal,2022-01-19T02:21:49+00:00,Mercosom,152731
Christine Delphine Hedden,2022-01-19T02:16:37+00:00,Kitchen Dance,154664
Valerie Coleman,2022-01-19T02:13:49+00:00,Umoja,122853
Aleksandra Vrebalov,2022-01-19T02:11:32+00:00,The Sea Ranch Songs: Fort Ross Chorale,146787
Panorama Sound,2022-01-19T02:08:14+00:00,Wander (feat. Pilar),154715
Kirsten Volness,2022-01-19T02:04:43+00:00,Gaia,137974
Clogs,2022-01-19T02:02:03+00:00,5/4,119326
Alexander Balanescu,2022-01-19T01:58:32+00:00,Angels & Insects: Waltz,148625
Traditional,2022-01-19T01:55:42+00:00,Erghan Diado (Song of Schopsko),152680
Sufjan Stevens,2022-01-19T01:51:36+00:00,The Human Plague,139730
Kelly Moran,2022-01-19T01:48:44+00:00,Aster,152245
Sarah Neufeld,2022-01-19T01:43:53+00:00,Chase the Bright and Burning,147782
Dan Deacon,2022-01-19T01:42:04+00:00,Rat Film: Seagull,153358
Caleb Burhans,2022-01-19T01:36:27+00:00,Remembrance,146528
Vula Viel,2022-01-19T01:32:06+00:00,Do Not Be Afraid,154047
Explosions in the Sky,2022-01-19T01:28:25+00:00,"So Long, Lonesome",149010
Sussan Deyhim,2022-01-19T01:23:03+00:00,The Candle And The Moth,154802
Anna Meredith,2022-01-19T01:17:33+00:00,Nautilus,147726
Vijay Iyer,2022-01-19T01:11:17+00:00,Far From Over,152724
Julia Holter,2022-01-19T01:04:21+00:00,Words I Heard,154110
itsnotyouitsme,2022-01-19T00:57:14+00:00,always look up (always look up),123674
Steve Reich,2022-01-19T00:45:56+00:00,Tehillim: Part 1,147586
Laraaji,2022-01-19T00:42:33+00:00,Laraajazzi (Natureboy Flako Remix),154098
Jennifer Jolley,2022-01-19T00:39:20+00:00,"Prisoner of Conscience, V. Police and Thieves",152385
Alva Noto,2022-01-19T00:33:08+00:00,Moon,130645
Nils Frahm,2022-01-19T00:29:37+00:00,Keep,125894
Richard Reed Parry,2022-01-19T00:27:41+00:00,Farewell Ceremony,153985
Jakub Ciupinski,2022-01-19T00:21:49+00:00,The Architect's Brother,125181
Catilin Magi,2022-01-19T00:18:11+00:00,Lüttat-Tüttat,154797
Ramallah Underground,2022-01-19T00:14:47+00:00,Tashweesh (Interference),105254
Hania Rani,2022-01-19T00:07:12+00:00,Spring,159047
