artist,start_time,title,uid
Christina Vantzou,2022-01-14T05:57:59+00:00,Some Limited and Waning Memory,152028
SANS,2022-01-14T11:59:49+00:00,Kulkija - The Walking Song,153680
Max Richter,2022-01-14T11:53:01+00:00,Berlin By Overnight,148790
Tomaga,2022-01-14T11:48:24+00:00,The Inexorable Sadness of Pencils,152658
Four Tet,2022-01-14T11:43:44+00:00,She Just Likes To Fight,150129
Ex Easter Island Head,2022-01-14T11:40:04+00:00,Ten Bells,152656
Sufjan Stevens,2022-01-14T11:35:38+00:00,The BQE: Part 3,104741
Philip Glass,2022-01-14T11:29:20+00:00,Facades,129597
BC Camplight,2022-01-14T11:24:37+00:00,You Should've Gone to School,152699
Colleen,2022-01-14T11:22:29+00:00,November,152077
Glenn Kotche,2022-01-14T11:15:04+00:00,Wild Sound Part 4,154045
Missy Mazzoli,2022-01-14T11:06:11+00:00,Isabelle Eberhardt Dreams of Pianos,118609
Dan Deacon,2022-01-14T11:03:18+00:00,Wet Wings,120874
Poppy Ackroyd,2022-01-14T10:58:37+00:00,Luna,153660
Valgeir Sigurđsson,2022-01-14T10:55:28+00:00,Plainsong,129328
Foday Musa Suso,2022-01-14T10:49:22+00:00,Summer Time,128649
MAE.SUN,2022-01-14T10:46:03+00:00,Continuous Recognition,152280
David Lang,2022-01-14T10:41:36+00:00,The Little Match Girl Passion: We Sit and Cry,123340
Jerusalem In My Heart,2022-01-14T10:36:33+00:00,Bein Ithnein,153506
G Y D A,2022-01-14T10:30:15+00:00,Í Annarri Vídd,154038
Felicia Atkinson,2022-01-14T10:25:04+00:00,Lighter Than Aluminium (EXCERPT for ODD THEORY),152692
Terry Riley,2022-01-14T10:19:48+00:00,Zinc,112253
Osvaldo Golijov,2022-01-14T10:13:15+00:00,"Last Round, mvt. II: Lentissimo",148504
Gavin Bryars,2022-01-14T10:09:45+00:00,The Fifth Century: Eternity Magnifies Our Joys Exceedingly,151649
Paula Matthusen,2022-01-14T10:04:43+00:00,on the attraction for felicitous amplitude,151100
Laurie Anderson,2022-01-14T09:59:28+00:00,Hiawatha,103764
David West,2022-01-14T09:53:51+00:00,Polar Light,149318
Angel Deradoorian,2022-01-14T09:45:35+00:00,Return-Transcend,151789
Todd Reynolds,2022-01-14T09:42:28+00:00,Centrifuge,121338
Nnamdi Ogbonnaya,2022-01-14T09:37:50+00:00,Freeze,154042
Richard Reed Parry,2022-01-14T09:33:23+00:00,Duet for Heart and Breath,139134
Florent Ghys,2022-01-14T09:26:07+00:00,Teamwork,141176
Susie Ibarra,2022-01-14T09:23:40+00:00,Pulse,152648
Matana Roberts,2022-01-14T09:19:29+00:00,Amma Jerusalem School,151624
Max Richter,2022-01-14T09:13:14+00:00,On The Nature of Daylight,134724
Steve Reich,2022-01-14T08:51:14+00:00,Double Sextet: 1. Fast,146131
Molly Joyce,2022-01-14T08:44:38+00:00,Shapeshifter,151626
Daníel Bjarnason,2022-01-14T08:33:51+00:00,Blow Bright,154041
Smerz,2022-01-14T08:30:33+00:00,Because,152606
Kaitlyn Aurelia Smith,2022-01-14T08:26:56+00:00,Arthropoda,148144
Olafur Arnalds,2022-01-14T08:22:14+00:00,ekki hugsa,153604
Kelly Moran,2022-01-14T08:19:57+00:00,Limonium,148382
Annie Clark,2022-01-14T08:12:40+00:00,Proven Badlands,123108
Judd Greenstein,2022-01-14T08:01:25+00:00,City Boy,143228
Brian Eno,2022-01-14T07:58:26+00:00,The Big Ship,138115
Poppy Ackroyd,2022-01-14T07:53:52+00:00,Paper,153635
Kendrick Lamar,2022-01-14T07:49:13+00:00,u,152414
Lubomyr Melnyk,2022-01-14T07:43:57+00:00,Evertina,142985
Jerusalem In My Heart,2022-01-14T07:36:48+00:00,A Granular Buzuk,153505
Hatis Noit,2022-01-14T07:28:56+00:00,Illogical Lullaby,153606
Charlie Parker,2022-01-14T07:23:57+00:00,"Dewey Square, arr. M. Parson",152591
Osvaldo Golijov,2022-01-14T07:17:45+00:00,Tenebrae: I.,148505
Meredith Monk,2022-01-14T07:13:23+00:00,Facing North: Hocket,152537
Rachel Grimes,2022-01-14T07:07:07+00:00,"Transverse Plane (Live from Merkin Concert Hall on February 10, 2016)",145037
Mary Lattimore,2022-01-14T07:02:42+00:00,We Just Found Out She Died,149278
Marcelo Zarvos,2022-01-14T06:57:49+00:00,Nepomuk's Dances: Arrival,130289
Julia Kent,2022-01-14T06:52:20+00:00,Invitation to the Voyage,148620
Steve Reich,2022-01-14T06:45:28+00:00,"Variations for Vibes, Piano and Strings: 2. Slow",105335
Anna Meredith,2022-01-14T06:41:37+00:00,Heal You,139379
Nico Muhly,2022-01-14T06:36:57+00:00,Comfortable Cruising Altitude,150923
TootArd,2022-01-14T06:33:03+00:00,Laissez Passer,153501
Arvo Part,2022-01-14T06:24:12+00:00,Wallfahrtslied (Pilgrim's Song),115839
Man Forever featuring Laurie Anderson,2022-01-14T06:14:09+00:00,Twin Torches featuring Laurie Anderson,152584
Tigran Hamasyan,2022-01-14T06:08:30+00:00,The Cave of Rebirth,152579
Colleen,2022-01-14T06:03:36+00:00,Soul Alphabet,151622
Missy Mazzoli,2022-01-14T13:53:03+00:00,"Dissolve, O My Heart",130632
Steve Tibbetts,2022-01-14T13:48:42+00:00,Life Of Dot,152734
Okay Kaya,2022-01-14T13:45:25+00:00,La Meg,152702
Joshua Abrams & Natural Information Society,2022-01-14T13:40:59+00:00,St. Cloud,150045
Philip Glass,2022-01-14T13:28:18+00:00,"Powaqqatsi: Video Dream, New Cities in Ancient Lands",129722
Florent Ghys,2022-01-14T13:22:08+00:00,"Nappe Brodee, ou Tenki",141177
Son Lux,2022-01-14T13:19:13+00:00,Flowers,129435
David Lang,2022-01-14T13:09:32+00:00,The So-Called Laws of Nature: Part III,126621
Terry Riley,2022-01-14T13:03:50+00:00,Dark Queen Mantra: I. Vizcaino,150195
Masayoshi Fujita,2022-01-14T12:59:26+00:00,It's Magical,152665
John Zorn,2022-01-14T12:52:50+00:00,Sacred Rites of the Left Hand Path,135366
Steve Hauschildt,2022-01-14T12:47:00+00:00,Time We Have,152190
Automatisme,2022-01-14T12:37:54+00:00,Simultanéité 4,146303
Laurie Anderson,2022-01-14T12:29:30+00:00,O Superman (for Massenet),112363
Hospitality,2022-01-14T12:26:14+00:00,Friends of Friends,152701
Andy Cartwright,2022-01-14T12:22:44+00:00,It Was Aglow,152042
Nora Morrow,2022-01-14T12:16:22+00:00,Rose Moon,155627
Amon Tobin,2022-01-14T12:11:37+00:00,Bloodstone (In-Concert Recording),137708
Francesco Tristano,2022-01-14T12:03:29+00:00,Ludepre (Version),138845
Hammock,2022-01-14T14:58:18+00:00,I Can Almost See You,148591
Gwenifer Raymond,2022-01-14T20:56:15+00:00,Strange Lights Over Garth Mountain,158697
Judd Greenstein,2022-01-14T20:49:59+00:00,Aeiou,130423
Philip Glass,2022-01-14T20:41:11+00:00,Akhnaten: Funeral,129602
Tim Hecker,2022-01-14T20:38:05+00:00,Live Leak Instrumental,146253
David Lang,2022-01-14T20:30:02+00:00,Lost Objects: I Lost a Sock,107810
Sarah Neufeld & Colin Stetson,2022-01-14T20:22:30+00:00,The Sun Roars Into View,148307
Marc Mellits,2022-01-14T20:19:45+00:00,Smoke: Movement 5,153227
Batu,2022-01-14T20:16:01+00:00,Don't,152705
Nico Muhly,2022-01-14T20:07:13+00:00,Wish You Were Here,124385
Ballaké Sissoko & Vincent Segal,2022-01-14T20:03:22+00:00,Super étoile,148630
James Blake,2022-01-14T19:59:25+00:00,Lullaby For My Insomniac,154455
Andrew Bird,2022-01-14T19:57:56+00:00,Dance of Death,148396
Rhiannon Giddens,2022-01-14T19:55:00+00:00,Ten Thousand Voices,159006
Hildur Ingveldardottir Guonadottir,2022-01-14T19:48:52+00:00,Into Warmer Air,130696
Pamela Z,2022-01-14T19:40:30+00:00,The Schmetterling,159035
Alva Noto,2022-01-14T19:34:51+00:00,Morning,130647
"Ballake Sissoko, Sona Jobarteh",2022-01-14T19:30:01+00:00,Djourou,159029
Caterina Barbieri,2022-01-14T19:23:29+00:00,Rendering Intuitions,154454
Kaki King,2022-01-14T19:18:57+00:00,Teek,158703
Lighter Than Aluminium,2022-01-14T19:03:48+00:00,Felicia Atkinson,152679
Belinda Reynolds,2022-01-14T18:56:00+00:00,Circa,108048
Kirsten Volness,2022-01-14T18:48:58+00:00,Alone Together,158670
Ornette Coleman,2022-01-14T18:45:41+00:00,Lonely Woman,108265
Laura Gibson,2022-01-14T18:39:57+00:00,Tall Grass Darkstar,127235
MIA,2022-01-14T18:37:16+00:00,Galang (Trio Riot Version),159020
Amiina,2022-01-14T18:31:51+00:00,Juve & Fandor,147780
Philip Glass,2022-01-14T18:27:52+00:00,Etude 5,121808
Angelica Negron,2022-01-14T18:16:27+00:00,The Peculiar Pie-Man of Porcupine Peak Electronics,126010
Gian Carlo Menotti / Rhiannon Giddens,2022-01-14T18:12:11+00:00,Black Swan,159010
Keith Jarrett,2022-01-14T17:57:25+00:00,Elegy for Violin and String Orchestra,100679
Les Filles de Illighadad,2022-01-14T17:52:13+00:00,Surbajo,158992
Sheron,2022-01-14T17:51:18+00:00,Lost Boys,152678
A Winged Victory for the Sullen,2022-01-14T17:45:04+00:00,"We Played Some Open Chords and Rejoiced, for the Earth Had Circled the Sun Yet Another Year",148291
Maya Youssef,2022-01-14T17:33:45+00:00,Silver Lining,158734
Caroline Shaw,2022-01-14T17:26:46+00:00,Allemande (Daniel Wohl Remix),136244
Park Jiha,2022-01-14T17:20:40+00:00,Philos,154791
Gwenifer Raymond,2022-01-14T17:14:49+00:00,Gwaed am Gwaed,158699
Phil Kline,2022-01-14T17:09:38+00:00,The Blue Room: March,105121
Metá Metá,2022-01-14T17:01:41+00:00,Logun,152651
Marcos Balter,2022-01-14T16:54:50+00:00,Strohbass,136142
Amanda Berlind,2022-01-14T16:48:31+00:00,Woog,158604
Olafur Arnalds,2022-01-14T16:42:02+00:00,undir,153603
Delia Gonzalez,2022-01-14T16:35:54+00:00,In Through The Light,152113
Bibio,2022-01-14T16:32:38+00:00,Puddled in the Morning,152677
Zoe Keating,2022-01-14T16:27:44+00:00,Flying and Flocking,121236
Sons of Kemet,2022-01-14T16:21:12+00:00,My Queen is Angela Davis,151934
Daniel Wohl,2022-01-14T16:15:30+00:00,Corpus,134478
Laurie Spiegel,2022-01-14T16:08:12+00:00,Pentachrome,131112
Philip Glass,2022-01-14T16:01:48+00:00,Glassworks: 1. Opening,148583
Laura Cannell,2022-01-14T15:57:40+00:00,A New Theory of Eclipse,152119
Terry Riley,2022-01-14T15:36:58+00:00,In C,112267
Iva Bittova,2022-01-14T15:32:05+00:00,River of Milk (Proudem Mleka),100238
Meredith Monk,2022-01-14T15:27:56+00:00,Do You Be,100015
Steve Reich,2022-01-14T15:22:48+00:00,Music for 18 Musicians: Section IX,148863
Poppy Ackroyd,2022-01-14T15:18:33+00:00,Resolve,153661
Blank For,2022-01-14T15:14:57+00:00,Sunny Rain,152676
Moondog (Louis Hardin),2022-01-14T15:08:28+00:00,Witch of Endor,102115
Anna Thorvaldsdottir,2022-01-14T15:02:43+00:00,Fields,150928
Tyshawn Sorey,2022-01-14T22:53:37+00:00,Flowers for Prashant,150936
Philip Glass,2022-01-14T22:45:25+00:00,Koyaanisqatsi: Vessels,129764
Seaven Teares,2022-01-14T22:38:29+00:00,Meet Me,152700
Ben Neill,2022-01-14T22:27:21+00:00,Posthorn,127854
Jakub Ciupinski,2022-01-14T22:15:14+00:00,Morning Tale,146965
Aleksandra Vrebalov,2022-01-14T22:10:53+00:00,The Sea Ranch Songs: Elements I,146793
"Laura Gibson, Ethan Rose",2022-01-14T22:07:47+00:00,Leaving Believing,127230
Noveller,2022-01-14T22:02:14+00:00,Deep Shelter,151688
"Ensemble, Et Al",2022-01-14T21:56:51+00:00,Medal Meddle Metal,150360
Shore,2022-01-14T21:50:54+00:00,A Hundred Times,153910
Hauschka,2022-01-14T21:45:46+00:00,I Need Exile,148318
Torbjorn Omalm,2022-01-14T21:41:12+00:00,Huhta,148385
Bobby Previte,2022-01-14T21:37:44+00:00,When I Land,151128
Devonte Hynes (Blood Orange),2022-01-14T21:33:14+00:00,Palo Alto: Fred Drives,148795
Connie Converse,2022-01-14T21:30:34+00:00,Talkin' Like You (Two Tall Mountains),152707
Brian Eno,2022-01-14T21:20:49+00:00,"Discreet Music, part I",144467
Vijay Iyer,2022-01-14T21:15:23+00:00,Break Stuff,159022
Amiina,2022-01-14T21:11:15+00:00,Perth,147778
Angelica Negron,2022-01-14T21:03:10+00:00,The Little Things,134932
Owen Pallett,2022-01-15T04:57:58+00:00,Chorale,142542
Jan Jelinek,2022-01-15T04:55:23+00:00,"Lady Gaga, you once said in an interview that you write music for the fashion industry. Is fashion as important to you as music?",152750
Traditional Bulgarian,2022-01-15T04:50:12+00:00,Kalimankou Denkou,151819
Goran Bregovic,2022-01-15T04:44:59+00:00,Underground Tango,153808
Anna Meredith,2022-01-15T04:39:37+00:00,Calion,151787
Kris Davis,2022-01-15T04:32:05+00:00,Ten Exorcists,152424
Steve Reich,2022-01-15T04:28:00+00:00,Radio Rewrite: 1. Fast,149071
Yann Tiersen,2022-01-15T04:23:33+00:00,Pern,148817
Explosions in the Sky,2022-01-15T04:17:15+00:00,Landing Cliffs,149006
Park Jiha,2022-01-15T04:10:29+00:00,Accumulation Of Time,152319
John Adams,2022-01-15T03:54:39+00:00,Hallelujah Junction,130273
Visible Cloaks,2022-01-15T03:50:59+00:00,Terrazzo,151119
Dawn of Midi,2022-01-15T03:44:57+00:00,Io,153542
"Sonung, Bashim",2022-01-15T03:38:58+00:00,"Tomung Gingong, Bosmun",152749
Daniel Wohl,2022-01-15T03:34:39+00:00,Limbs,134475
Lubomyr Melnyk,2022-01-15T03:27:26+00:00,Requiem For A Fallen Tree,154302
Ursula K. Le Guin,2022-01-15T03:23:08+00:00,Music and Poetry of The Kesh: Heron Song,150873
Ibibio Sound Machine,2022-01-15T03:19:13+00:00,Uyai,152275
Esmerine,2022-01-15T03:13:21+00:00,19/14,153543
Tyondai Braxton,2022-01-15T03:06:02+00:00,Casino Trem,142751
Daniel Herskedal,2022-01-15T03:00:34+00:00,The Roc,153540
Svarte Greiner,2022-01-15T02:51:58+00:00,Last Light,154073
BON,2022-01-15T02:47:51+00:00,Veritas,159041
Wally Gunn,2022-01-15T02:40:35+00:00,Surviving Death,142564
big dog little dog,2022-01-15T02:36:28+00:00,Cipher,159036
Jun Arasaki and Nine Sheep,2022-01-15T02:31:24+00:00,Kajyadhi Fu Bushi (Visible Cloaks Remix),152745
Darcy James Argue,2022-01-15T02:20:23+00:00,Phobos,119370
Philip Glass,2022-01-15T02:13:00+00:00,Etude 2,140879
Steve Reich,2022-01-15T01:57:24+00:00,Electric Guitar Phase,105739
Collectress,2022-01-15T01:53:55+00:00,Woodenheart,153536
Yves Tumor,2022-01-15T01:51:28+00:00,Role In Creation,151784
Poppy Ackroyd,2022-01-15T01:46:13+00:00,Roads,142992
Shara Nova,2022-01-15T01:43:09+00:00,"A Whistle, A Tune, A Macaroon",123110
David Lang,2022-01-15T01:32:38+00:00,"Cheating, Lying, Stealing",105949
Luke Temple,2022-01-15T01:27:27+00:00,Smashing Glass,152713
Veljo Tormis,2022-01-15T01:21:58+00:00,Singing Aboard Ship,101307
Issam Rafea and Gao Hong,2022-01-15T01:17:33+00:00,Chasing Butterflies,153531
Rebecca Oswald,2022-01-15T01:12:22+00:00,"Sleep, Child",139416
John Hollenbeck,2022-01-15T01:06:02+00:00,"Gray Cottage Study No. 7 ""tax penalty payment approaching""",120967
Einojuhani Rautavaara,2022-01-15T01:00:51+00:00,"Cantus Arcticus, Op. 61: I. The Bog",159024
Belinda Reynolds,2022-01-15T00:53:15+00:00,Yawp,106576
Soojin Suh,2022-01-15T00:48:06+00:00,Colorist lll - Stream Of Consciousness,158706
Vijay Iyer,2022-01-15T00:41:33+00:00,Accumulated Gestures,143672
Gwenifer Raymond,2022-01-15T00:35:18+00:00,Eulogy for Dead French Composer,158698
Mary Ellen Childs,2022-01-15T00:27:29+00:00,Hocket,106325
Philip Glass,2022-01-15T00:23:22+00:00,Satyagraha: Evening Song,149426
SMX,2022-01-15T00:14:50+00:00,Sleep,152501
Tigue,2022-01-15T00:08:58+00:00,Cranes,153091
Laurie Anderson,2022-01-15T00:01:30+00:00,Only An Expert,117890
