artist,start_time,title,uid
Louis Andriessen,2022-01-25T05:58:20+00:00,Bells For Haarlem,109033
Anna Thorvaldsdottir,2022-01-25T16:58:58+00:00,Trajectories,140892
Kate NV,2022-01-25T11:48:45+00:00,??? bug,153177
Jace Clayton,2022-01-25T11:44:01+00:00,Lethe's Children,150921
Francesco Tristano,2022-01-25T11:36:46+00:00,Strings Of Life,121750
Jon Hassell,2022-01-25T11:30:13+00:00,Secretly Happy,152885
Ingram Marshall,2022-01-25T11:17:04+00:00,September Canons,112234
Laurie Spiegel,2022-01-25T11:06:53+00:00,The Orient Express,131119
Steve Reich,2022-01-25T10:56:21+00:00,Different Trains: After the War,108266
Benjamin Louis Brody + Ian Chang,2022-01-25T10:51:59+00:00,ASMR II,158326
Ted Hearne,2022-01-25T10:48:20+00:00,Law of Mosaics: Excerpts from the middle of something,140550
Chico Buraque and Milton Nascimento,2022-01-25T10:43:56+00:00,Calice,154161
Dustin O'Halloran,2022-01-25T10:41:10+00:00,Requiem for the Static King: Part One,124019
Ryuichi Sakamoto,2022-01-25T10:36:34+00:00,Riot in Lagos,119729
Harold Budd & Robin Guthrie,2022-01-25T10:30:24+00:00,Perfect Fire,158325
Juana Molina,2022-01-25T10:24:43+00:00,Sin Domes,148989
Hilary Hahn / Hauschka,2022-01-25T10:17:53+00:00,North Atlantic,127924
Caroline Shaw,2022-01-25T10:08:56+00:00,Taxidermy,158322
Bryce Dessner,2022-01-25T10:06:00+00:00,Murder Ballades: Tears For Sister Polly,143696
Bjork,2022-01-25T10:02:21+00:00,Unravel,138096
Anna Clyne,2022-01-25T09:52:10+00:00,Roulette,126556
Marc Mellits,2022-01-25T09:49:00+00:00,Smoke: Movement 3,153225
Arvo Part,2022-01-25T09:32:46+00:00,Tabula rasa: Silentium,101537
Julia Holter,2022-01-25T09:26:24+00:00,Colligere,154111
Emily Glass,2022-01-25T09:23:45+00:00,Gentle Sanctuary,153798
Jessika Kenney and Eyvind Kang,2022-01-25T09:12:02+00:00,Kidung,154153
Shida Shahabi,2022-01-25T09:08:58+00:00,Flora,153799
Padma Newsome,2022-01-25T09:04:58+00:00,On the Edge,119566
Explosions in the Sky & David Wingo,2022-01-25T09:02:38+00:00,Prince Avalanche: Theme from Prince Avalanche,136828
Oliver Coates,2022-01-25T08:57:07+00:00,Sky with Four Moons,153209
Terry Riley,2022-01-25T08:49:59+00:00,Half-Wolf Dances Mad in Moonlight,143444
Johann Johannsson,2022-01-25T08:46:30+00:00,Orphic Hymn,148138
Susumu Yokota,2022-01-25T08:42:12+00:00,Fairy Dance of Twinkle and Shadow,154175
Kate NV,2022-01-25T08:37:32+00:00,yxo EAR,153171
Jon Hassell,2022-01-25T08:33:11+00:00,Miracle Steps,154152
Charles Rumback & Ryley Walker,2022-01-25T08:22:41+00:00,Cannots,154162
Rachel Grimes,2022-01-25T08:19:41+00:00,Bloodroot,152248
Julianna Barwick,2022-01-25T08:14:11+00:00,Big Hollow,148833
Steve Reich,2022-01-25T08:09:27+00:00,Electric Counterpoint: 3. Fast,135253
David Byrne,2022-01-25T08:07:26+00:00,A Persecution Followed,114895
George Oakley,2022-01-25T08:03:33+00:00,Toccata,154281
The Dreebs,2022-01-25T08:00:01+00:00,De Beers,152932
Jennifer Higdon,2022-01-25T07:55:18+00:00,String Poetic: Nocturne,107359
Michael Harrison,2022-01-25T07:42:39+00:00,Hijaz,130412
Julia Kent,2022-01-25T07:38:31+00:00,Gardermoen,148619
Nico Muhly,2022-01-25T07:30:27+00:00,Pillaging Music,103954
Meredith Monk,2022-01-25T07:26:08+00:00,Gotham Lullaby,105599
Kyle Dixon & Michael Stein,2022-01-25T07:21:43+00:00,Sick Of Cow,154060
Mary Lattimore,2022-01-25T07:14:12+00:00,Never Saw Him Again,152812
Einojuhani Rautavaara,2022-01-25T07:03:57+00:00,"Symphony No. 7 ""Angel of Light,"" mvt. III",148484
Jane Antonia Cornish,2022-01-25T07:01:09+00:00,Into Silence II,151143
Glenn Kotche,2022-01-25T06:58:35+00:00,Anomaly mvt. 1,137648
Max Richter,2022-01-25T06:51:59+00:00,On The Nature Of Daylight (Orchestral Version),154280
Oneohtrix Point Never,2022-01-25T06:48:31+00:00,Power of Persuasion,152094
Efterklang,2022-01-25T06:45:30+00:00,Dreams Today,147729
Angelo Badalamenti,2022-01-25T06:36:03+00:00,The City of Lost Children: Suite,115978
Valgeir Sigurđsson,2022-01-25T06:30:59+00:00,Past Tundra,117380
Kaitlyn Aurelia Smith,2022-01-25T06:27:51+00:00,Riparian,153895
Steve Reich,2022-01-25T06:18:46+00:00,Tokyo/Vermont Counterpoint,106520
Robert Honstein,2022-01-25T06:11:08+00:00,"Fast Notes, Long Tones",153684
Colleen,2022-01-25T06:07:40+00:00,Humming Fields,153894
Motion Graphics,2022-01-25T06:04:27+00:00,Mezzotint Gliss (instrumental),153391
Errollyn Wallen,2022-01-25T13:58:03+00:00,Pace,158336
Lusine,2022-01-25T13:56:23+00:00,Chatter,150038
Nik Bartsch's Ronin,2022-01-25T13:47:33+00:00,Modul 34,152662
Susan Alcorn,2022-01-25T13:40:17+00:00,Pedernal,158330
Johann Johannson,2022-01-25T13:37:11+00:00,Odi et Amo,152888
Paul de Jong,2022-01-25T13:33:24+00:00,Inward Bound,121191
Missy Mazzoli,2022-01-25T13:28:02+00:00,A Door Into the Dark,118151
Max Richter,2022-01-25T13:23:25+00:00,Space 21,145185
Steve Reich,2022-01-25T13:17:33+00:00,Tehillim: Part 2,109464
PJ Harvey,2022-01-25T13:15:00+00:00,Man-Sized Sextet,154160
Arvo Part,2022-01-25T13:07:23+00:00,Spiegel im Spiegel (Mirror in the Mirror),101557
Ben Lukas Boysen,2022-01-25T13:02:52+00:00,Sleepers Beat Theme,152249
Marc Mellits,2022-01-25T13:00:54+00:00,Smoke: Movement 2,153224
Thomas Newman,2022-01-25T12:57:42+00:00,Unstrung Heroes: Is Unstrung,137082
Stuart Dempster,2022-01-25T12:48:02+00:00,Morning Light,152144
Scott Lee,2022-01-25T12:44:02+00:00,Through the Mangrove Tunnels,158327
Ólafur Arnalds,2022-01-25T12:40:46+00:00,Doria,148613
Blind Willie Johnson,2022-01-25T12:36:43+00:00,Dark Was the Night,133508
Christopher Cerrone,2022-01-25T12:25:51+00:00,South Catalina,145364
Oliver Coates,2022-01-25T12:21:05+00:00,Sky with Nameless Colors,153211
Florent Ghys,2022-01-25T12:17:37+00:00,Invitation to Love,141173
Circuit Des Yeux,2022-01-25T12:12:04+00:00,Paper Bag,154159
Julianna Barwick,2022-01-25T12:07:46+00:00,Crystal Lake,148838
Matthew Barnes,2022-01-25T20:58:43+00:00,War It,151782
Meredith Monk,2022-01-25T20:52:38+00:00,Mercy: Urban March,140786
Arvo Part,2022-01-25T20:50:26+00:00,Fur Alina,145540
Kate NV,2022-01-25T20:46:14+00:00,??? OAK,153173
Greg Fox,2022-01-25T20:39:41+00:00,My House of Equalizing Predecessors,150275
The Hands Free,2022-01-25T20:34:49+00:00,It's She,152000
Elena Kats-Chernin,2022-01-25T20:25:32+00:00,Schubert Blues,138999
Kevin Volans,2022-01-25T20:19:54+00:00,Walking Song,108823
Carla Kihlstedt,2022-01-25T20:17:27+00:00,Rooting For The Shy Librarian,148456
Steve Reich,2022-01-25T20:14:09+00:00,Electric Counterpoint: 2. Slow,109231
Lyra Pramuk,2022-01-25T20:05:08+00:00,Cradle,158628
Yasmin Williams,2022-01-25T19:59:25+00:00,After the Storm,158514
Lhasa de Sela,2022-01-25T19:54:19+00:00,Soon This Space Will Be Too Small,151826
Hildur Ingveldardottir Guonadottir,2022-01-25T19:48:27+00:00,Elevation,130686
Caroline Shaw,2022-01-25T19:43:39+00:00,Partita for Eight Voices: Sarabande,130428
Dustin O'Halloran,2022-01-25T19:37:07+00:00,"We Played Some Open Chords and Rejoiced, for the Earth Had Circled the Sun Yet Another Year",124018
Paula Matthusen,2022-01-25T19:31:17+00:00,the ontology of an echo,150924
Dmitry Evgrafov,2022-01-25T19:26:49+00:00,Consolation,153779
Isotope 217,2022-01-25T19:20:33+00:00,La Jetee,148440
Julianna Barwick,2022-01-25T19:16:02+00:00,Someway,148835
Robert Honstein,2022-01-25T19:07:42+00:00,I am hidden my dear for you!!!!!!!,138015
Johann Johannsson,2022-01-25T19:05:42+00:00,The Theory of Everything: Forces of Attraction,148049
Dedekind Cut,2022-01-25T19:00:42+00:00,Tahoe,152585
Nils Frahm & Anne Müller,2022-01-25T18:55:24+00:00,Journey For A Traveller,154688
Avalon Emerson,2022-01-25T18:48:49+00:00,One More Fluorescent Rush,151783
Kadhja Bonet,2022-01-25T18:44:44+00:00,Joy,153017
Trio Chemirani,2022-01-25T18:40:24+00:00,,159031
Marc Mellits,2022-01-25T18:38:53+00:00,Smoke: Movement 7,153229
Colleen,2022-01-25T18:34:34+00:00,Sun Against My Eyes,134163
Arooj Aftab,2022-01-25T18:29:22+00:00,Suroor,159026
Merrill Garbus,2022-01-25T18:23:39+00:00,Hatari,152908
Devonte Hynes,2022-01-25T18:10:06+00:00,There Was Nothing,159018
Flying Lotus,2022-01-25T18:08:39+00:00,Clock Catcher,132321
Michael Gordon,2022-01-25T17:59:52+00:00,Decasia (excerpt),159005
Brian Eno,2022-01-25T17:55:46+00:00,Needle Click,152752
Osvaldo Golijov,2022-01-25T17:50:03+00:00,Lúa Descolorida (Aria De Las Lágrimas De Pedro),159003
Ann Southam,2022-01-25T17:42:36+00:00,Glass Houses #14,142381
H. Takahashi,2022-01-25T17:39:46+00:00,Elegy,152746
Jessica Meyer,2022-01-25T17:36:21+00:00,Source of Joy,142904
Paul Wiancko,2022-01-25T17:28:15+00:00,Lift: Part III [Galacial - Maniacal - Lift],153659
Kelly Moran,2022-01-25T17:25:16+00:00,Optimist,150039
Vijay Iyer,2022-01-25T17:17:59+00:00,Touba,159023
Echo Collective,2022-01-25T17:13:28+00:00,Inflection Point,158343
Anna Thorvaldsdottir,2022-01-25T16:58:58+00:00,Trajectories,140892
Ballaké Sissoko & Vincent Segal,2022-01-25T16:54:58+00:00,Samba Tomora,148629
Julia Wolfe,2022-01-25T16:42:17+00:00,Protest,159004
Sarah Davachi,2022-01-25T16:36:36+00:00,Gloaming,153721
Kaki King,2022-01-25T16:33:24+00:00,Great Round Burn,158705
Andrzej Panufnik,2022-01-25T16:21:26+00:00,"String Sextet, ""Song to the Virgin Mary""",124697
Kaitlyn Aurelia Smith,2022-01-25T16:18:21+00:00,Stratus,148145
Yasmin Williams,2022-01-25T16:14:31+00:00,Juvenescence,158507
Bill Frisell,2022-01-25T16:09:16+00:00,In Line,152048
Qasim Naqvi,2022-01-25T16:06:52+00:00,The Cast,150254
John Adams,2022-01-25T15:57:17+00:00,Coast,148397
Errollyn Wallen,2022-01-25T15:53:38+00:00,Peace on Earth,158337
Bing & Ruth,2022-01-25T15:47:20+00:00,Starwood Choker,148294
Mason Bates,2022-01-25T15:40:49+00:00,Observer in the Magellanic Cloud,138219
Judd Greenstein,2022-01-25T15:30:41+00:00,"Clearing, Dawn, Dance",123113
Julianna Barwick,2022-01-25T15:25:08+00:00,Nebula,148834
Penguin Cafe,2022-01-25T15:20:25+00:00,The Track of the Dull Sun,150312
Glenn Branca,2022-01-25T15:11:45+00:00,Lesson No.1 For Electric Guitar,154155
Marc Mellits,2022-01-25T15:09:05+00:00,Smoke: Movement 6,153228
Angelica Negron,2022-01-25T15:01:31+00:00,Drawings for Meyoko,119351
Paul Corley,2022-01-25T22:54:34+00:00,She Is In The Ground,130663
Vessel,2022-01-25T22:51:37+00:00,Arcanum (For Christalla),154494
Blonde Redhead,2022-01-25T22:45:23+00:00,In Particular,152258
Makaya McCraven,2022-01-25T22:42:27+00:00,Black Lion,153720
Rachel's,2022-01-25T22:36:08+00:00,Water from the Same Source,152797
Steve Reich,2022-01-25T22:24:47+00:00,New York Counterpoint,104670
Seval,2022-01-25T22:18:22+00:00,Details,154154
Ben Frost,2022-01-25T22:15:31+00:00,Meg Ryan Eyez,152786
Catrin Finch & Seckou Keita,2022-01-25T22:09:34+00:00,Hinna-Djulo,153513
Quest Ensemble,2022-01-25T22:03:36+00:00,Drops,158428
Pierre Arvay,2022-01-25T22:00:51+00:00,Skyway,154123
Arooj Aftab,2022-01-25T21:53:08+00:00,Mohabbat,159027
Laraaji,2022-01-25T21:45:54+00:00,Through Luminous Eyes 1,158331
Aya Nishina,2022-01-25T21:38:20+00:00,White Flower,136516
Maria Huld Markan Sigfusdottir,2022-01-25T21:26:03+00:00,Aequora,148285
Jessica Meyer,2022-01-25T21:22:24+00:00,Getting Home (I Must Be...),142903
Ryuichi Sakamoto,2022-01-25T21:18:31+00:00,Reversing,114099
Anna Thorvaldsdottir,2022-01-25T21:04:59+00:00,Aeriality,140890
"Sam Gendel, Sam Wilkes",2022-01-25T23:59:46+00:00,BOA,154125
Steve Reich,2022-01-26T04:57:08+00:00,Double Sextet: 1. Fast,146131
Donnacha Dennehy,2022-01-26T04:52:01+00:00,Pushpulling,148799
Jherek Bischoff,2022-01-26T04:46:45+00:00,Closer to Closure,146222
The Daredevil Christopher Wright,2022-01-26T04:43:53+00:00,Divorce,151842
Sarah Neufeld,2022-01-26T04:40:10+00:00,Wrong Thought,147783
Max Richter,2022-01-26T04:34:42+00:00,Black Mirror: The Consolations of Philosophy,148617
Chicago Underground Quartet,2022-01-26T04:29:08+00:00,Tunnel Chrome,148601
Laurie Spiegel,2022-01-26T04:23:48+00:00,Appalachian Grove I,131155
Meredith Monk,2022-01-26T04:19:26+00:00,Facing North: Hocket,152537
Mark Dancigers,2022-01-26T04:12:15+00:00,Everness,139728
Richard Reed Parry,2022-01-26T04:07:05+00:00,The Brief and Neverending Blur,150926
Shinya Fukumori,2022-01-26T04:03:57+00:00,For 2 Akis,151635
Vijay Iyer,2022-01-26T03:56:07+00:00,Dig The Say,140039
Ljova,2022-01-26T03:43:40+00:00,The Comet,154473
Marcelo Zarvos,2022-01-26T03:38:47+00:00,Nepomuk's Dances: Arrival,130289
Fishbach / (Flora Fishbach),2022-01-26T03:34:42+00:00,Mortel,151841
Public Service Broadcasting,2022-01-26T03:30:32+00:00,Tomorrow,150060
Ann Southam,2022-01-26T03:27:06+00:00,Glass Houses #1,142972
Felicia Atkinson,2022-01-26T03:23:12+00:00,I'm Following You,154105
Mary Lattimore,2022-01-26T03:17:20+00:00,Jimmy V,151240
David Crowell,2022-01-26T03:13:37+00:00,Green Arrow,150066
Aphex Twin,2022-01-26T03:06:17+00:00,Cliffs,119244
Steve Reich,2022-01-26T02:56:45+00:00,Vermont Counterpoint,135545
Traditional Arabic,2022-01-26T02:53:29+00:00,Wa Habibi (Beloved),102444
Jónsi & Alex,2022-01-26T02:46:09+00:00,Atlas Song,120080
Todd Reynolds,2022-01-26T02:39:40+00:00,TaskForce: Farmlab,121337
Nico Muhly,2022-01-26T02:35:00+00:00,Comfortable Cruising Altitude,150923
John Maus,2022-01-26T02:31:08+00:00,The Combine,151838
Anna Clyne,2022-01-26T02:17:34+00:00,Prince of Clouds,139119
Cameron Britt,2022-01-26T02:11:55+00:00,Gossamer Albatross,119352
Nicholas Britell,2022-01-26T02:09:50+00:00,Moonlight: The Culmination,149478
Andrew Norman,2022-01-26T01:59:58+00:00,The Companion Guide to Rome: IX. Sabina,140549
Zoe Keating,2022-01-26T01:54:54+00:00,Don't Worry,121233
Caroline Shaw,2022-01-26T01:49:01+00:00,Valencia,148380
Christopher Cerrone,2022-01-26T01:41:04+00:00,Hoyt-Schermerhorn,146962
Laurie Spiegel,2022-01-26T01:36:07+00:00,Dirge Part I-II,131121
Carolyn Yarnell,2022-01-26T01:28:31+00:00,Lapis Lazuli,108955
Kimmo Pohjonen and Samuli Kosminen,2022-01-26T01:22:43+00:00,Uniko: VII. Avara,137726
Meredith Monk,2022-01-26T01:20:42+00:00,Impermanence: Maybe 1,112757
Jlin,2022-01-26T01:16:50+00:00,Nandi,151834
Kjartan Sveinsson,2022-01-26T01:08:38+00:00,Teil II,147474
Okkyung Lee,2022-01-26T01:02:28+00:00,One Hundred Years Old Rain (The Same River Twice),128102
Kevin Puts,2022-01-26T00:55:51+00:00,If I Were a Swan,134802
Robert Een,2022-01-26T00:53:47+00:00,Censored,111799
Julia Holter,2022-01-26T00:48:22+00:00,Marienbad,148298
Valgeir Sigurđsson,2022-01-26T00:46:13+00:00,Draumaland,129324
Jaimie Branch,2022-01-26T00:40:53+00:00,Theme 002,151822
Alva Noto,2022-01-26T00:33:57+00:00,Iano,130642
Vijay Iyer,2022-01-26T00:30:28+00:00,Augury,159025
Massive Attack,2022-01-26T00:27:17+00:00,Danny the Dog: Sam,136930
Osvaldo Golijov,2022-01-26T00:21:03+00:00,Wa Habibi,159002
Space Captain,2022-01-26T00:18:16+00:00,Sycamore - A Cappella,151830
Terry Riley,2022-01-26T00:14:45+00:00,Autodreamographical Tales 6: See Them Out There,143423
Steve Reich,2022-01-26T00:05:43+00:00,Different Trains: America - Before the war,108477
