artist,start_time,title,uid
David Crowell,2022-01-03T11:58:44+00:00,Echolocation,150529
Odalie,2022-01-03T11:49:50+00:00,Camille,159082
Beverly Glenn-Copeland,2022-01-03T11:42:42+00:00,Ever New,152577
Sufjan Stevens,2022-01-03T11:38:36+00:00,The Human Plague,139730
Terry Riley,2022-01-03T11:31:41+00:00,The Cusp of Magic: Prayer Circle,100154
Yves Tumor,2022-01-03T11:26:45+00:00,Economy of Freedom,154176
Marcus Fischer & Simon Scott,2022-01-03T11:17:25+00:00,Thorns,153857
Padma Newsome,2022-01-03T11:13:00+00:00,To Hugo,119571
Aphex Twin,2022-01-03T11:09:27+00:00,4,119241
Loose Fur,2022-01-03T11:01:43+00:00,Chinese Apple,154156
Steve Reich,2022-01-03T10:57:37+00:00,Radio Rewrite: 1. Fast,149071
Leah Kardos,2022-01-03T10:55:03+00:00,Malio Malio,150315
John Adams,2022-01-03T10:50:30+00:00,China Gates,103472
Yasmin Williams,2022-01-03T10:46:43+00:00,Jarabi,158512
Philip Glass,2022-01-03T10:40:57+00:00,Music in Fifths,146135
Esmerine,2022-01-03T10:37:03+00:00,Translator's Clos I,153541
Colin Jacobsen,2022-01-03T10:26:15+00:00,"Beloved, do not let me be discouraged",102458
Agnes Obel,2022-01-03T10:20:47+00:00,Fuel to Fire,148442
Vijay Iyer,2022-01-03T10:15:22+00:00,Break Stuff,159022
Daniel Wohl,2022-01-03T10:08:29+00:00,Progression,144888
Caroline Shaw,2022-01-03T10:02:38+00:00,Partita for Eight Voices: Passacaglia,130418
Yazz Ahmed,2022-01-03T09:58:35+00:00,The Lost Pearl (Hector Plimmer Remix),153996
Ryuichi Sakamoto,2022-01-03T09:54:43+00:00,Solari,150042
John Mackey,2022-01-03T09:48:44+00:00,Sheltering Sky,148553
Gwenifer Raymond,2022-01-03T09:42:52+00:00,Hell For Certain,158696
Damon Locks - Black Monument Ensemble,2022-01-03T09:36:06+00:00,Now (Forever Momentary Space),158653
Amiina,2022-01-03T09:31:22+00:00,Sexfaldur,147781
John Zorn,2022-01-03T09:28:25+00:00,Bikkurim,154502
Meredith Monk,2022-01-03T09:25:11+00:00,Ellis Island,154768
David Lang,2022-01-03T09:18:53+00:00,Death Speaks: pain changes,133704
Pariah,2022-01-03T09:11:57+00:00,Linnaea,152972
Phil Kline,2022-01-03T08:59:05+00:00,The Long Winter,135266
Shore,2022-01-03T08:53:09+00:00,A Hundred Times,153910
Ai Messiah,2022-01-03T08:47:31+00:00,Sentience & Sapience,152941
Devonte Hynes (Blood Orange),2022-01-03T08:43:01+00:00,Palo Alto: Fred Drives,148795
Nils Frahm,2022-01-03T08:38:04+00:00,Because This Must Be,148826
big dog little dog,2022-01-03T08:33:56+00:00,Cipher,159036
Meriheini Luoto,2022-01-03T08:26:42+00:00,Metsänpeitto IX,158519
Osvaldo Golijov,2022-01-03T08:22:38+00:00,The Man Who Cried: Close Your Eyes,137772
Philip Glass,2022-01-03T08:17:26+00:00,Etude 6,140883
Leah Kardos,2022-01-03T08:14:28+00:00,The Calm Work,150316
Tropic of Cancer,2022-01-03T08:07:26+00:00,I Woke Up and the Storm Was Over,152267
Noveller,2022-01-03T08:01:53+00:00,Deep Shelter,151688
Julia Holter,2022-01-03T07:49:34+00:00,"Memory Drew Her Portrait (Live from Merkin Concert Hall on February 25, 2015)",141935
Hania Rani,2022-01-03T07:41:59+00:00,Spring,159047
Visible Cloaks,2022-01-03T07:38:10+00:00,Bloodstream,151120
Angel Deradoorian,2022-01-03T07:29:54+00:00,Return-Transcend,151789
Hildur Ingveldardottir Guonadottir,2022-01-03T07:26:07+00:00,Opaque,130693
Pamela Z,2022-01-03T07:17:45+00:00,The Schmetterling,159035
Simon Knighton,2022-01-03T07:11:54+00:00,Monster Ballet,158656
Steve Reich,2022-01-03T07:00:22+00:00,Cello Counterpoint,106794
"Ballake Sissoko, Sona Jobarteh",2022-01-03T06:55:32+00:00,Djourou,159029
Kaitlyn Aurelia Smith,2022-01-03T06:51:32+00:00,Rare Things Grow,148143
Valiska,2022-01-03T06:45:29+00:00,Softness,150223
Einojuhani Rautavaara,2022-01-03T06:40:17+00:00,"Cantus Arcticus, Op. 61: I. The Bog",159024
David Lang,2022-01-03T06:35:43+00:00,"Amjad ""Sleeping Panorama""",119951
MIA,2022-01-03T06:33:02+00:00,Galang (Trio Riot Version),159020
Agnes Obel,2022-01-03T06:29:32+00:00,September Song,148445
Gian Carlo Menotti / Rhiannon Giddens,2022-01-03T06:25:15+00:00,Black Swan,159010
Aaron Dessner,2022-01-03T06:21:38+00:00,Transpecos: Final Theme,148582
Philip Glass,2022-01-03T06:17:31+00:00,Satyagraha: Evening Song,149426
Yasmin Williams,2022-01-03T06:12:42+00:00,Adrift (ft. Taryn Wood),158510
Phil Kline,2022-01-03T06:08:40+00:00,The Blue Room: Tarantella,107234
Padma Newsome,2022-01-03T06:02:35+00:00,Pencil Stick,119336
Marcelo Zarvos,2022-01-03T13:58:46+00:00,Nepomuk's Dances: Arrival,130289
Imarhan,2022-01-03T13:53:25+00:00,Tarha Nam,153875
Rafiq Bhatia,2022-01-03T13:48:33+00:00,Open Spaces;  Open Minds,150057
Kaitlyn Aurelia Smith,2022-01-03T13:43:55+00:00,First Flight,148139
Kelly Lee Owens,2022-01-03T13:38:41+00:00,Bird,151981
G Y D A,2022-01-03T13:32:23+00:00,Í Annarri Vídd,154038
Bobby Previte,2022-01-03T13:25:18+00:00,Casting Off,151126
Steve Reich,2022-01-03T13:20:42+00:00,Duet,106562
Jherek Bischoff,2022-01-03T13:17:00+00:00,Celebration (Featuring The Celebration Choir),153860
Valgeir Sigurđsson,2022-01-03T13:14:51+00:00,Draumaland,129324
Meriheini Luoto,2022-01-03T13:05:10+00:00,Metsänpeitto VIII,158518
John Luther Adams,2022-01-03T12:48:48+00:00,Dream in White on White,118622
Caleb Burhans,2022-01-03T12:41:20+00:00,Keymaster,119350
Michael Gordon,2022-01-03T12:36:25+00:00,River,151748
Anna Meredith,2022-01-03T12:31:28+00:00,Paramour,159014
Olafur Arnalds,2022-01-03T12:27:37+00:00,ypsilon,153601
Meredith Monk,2022-01-03T12:22:32+00:00,Impermanence: Mieke's Melody #5,105999
Nils Frahm,2022-01-03T12:15:30+00:00,A Place,150532
Elena Kats-Chernin,2022-01-03T12:10:47+00:00,Dance of the Paper Umbrellas,154885
Four Tet,2022-01-03T12:06:35+00:00,Two Thousand and Seventeen,150686
Phil Kline,2022-01-03T12:01:24+00:00,The Blue Room: March,105121
Cocanha,2022-01-03T20:56:25+00:00,Cotelon,158982
Tunde Jegede,2022-01-03T20:48:48+00:00,Song of the Waterfall,148983
Moses Sumney,2022-01-03T20:45:43+00:00,Worth It,153855
Terry Riley,2022-01-03T20:27:03+00:00,A Rainbow in Curved Air,134160
Christine Delphine Hedden,2022-01-03T20:21:50+00:00,Kitchen Dance,154664
Yoshio Machida,2022-01-03T20:17:52+00:00,Valley of Wind,128201
Aleksandra Vrebalov,2022-01-03T20:15:35+00:00,The Sea Ranch Songs: Fort Ross Chorale,146787
Philip Glass,2022-01-03T20:09:52+00:00,Dance II,107782
Clogs,2022-01-03T20:07:12+00:00,5/4,119326
Caroline Shaw,2022-01-03T19:47:31+00:00,Narrow Sea,158633
David Lang,2022-01-03T19:37:15+00:00,Sunray,125076
Caleb Burhans,2022-01-03T19:31:38+00:00,Remembrance,146528
Quest Ensemble,2022-01-03T19:26:22+00:00,Pizz Trance,158432
Jenny Hval,2022-01-03T19:23:39+00:00,Oslo Oedipus,150061
Sarah Neufeld,2022-01-03T19:18:48+00:00,Chase the Bright and Burning,147782
John Hollenbeck,2022-01-03T19:13:45+00:00,Joys & Desires #3 - The Garden of Love,159030
Nils Frahm,2022-01-03T19:10:00+00:00,Ambre,116410
L/F/D/M,2022-01-03T19:05:19+00:00,Texan Flower Girl,154151
Hauschka,2022-01-03T19:01:11+00:00,Constant Growth Fails,148317
Ola Belle Reed / Rhiannon Giddens,2022-01-03T18:57:09+00:00,Letter,159007
Explosions in the Sky,2022-01-03T18:50:52+00:00,Landing Cliffs,149006
Resina,2022-01-03T18:45:13+00:00,Mercury Immersion,159080
John Lennon / arr. Vijay Iyer,2022-01-03T18:41:29+00:00,Imagine,159019
Goran Bregovic,2022-01-03T18:36:16+00:00,Underground Tango,153808
Meredith Monk,2022-01-03T18:33:34+00:00,"Book of Days: Travellers 1,2,3",117111
Marcos Balter,2022-01-03T18:28:46+00:00,meltDown Upshot: 1. Credo,148494
John Adams,2022-01-03T18:12:57+00:00,Hallelujah Junction,130273
Philip Glass,2022-01-03T18:09:31+00:00,Koyaanisqatsi: Koyaanisqatsi,105594
Vijay Iyer,2022-01-03T18:03:14+00:00,Far From Over,152724
Crystal Mooncone,2022-01-03T17:58:29+00:00,Fossil Tears,149479
Lubomyr Melnyk,2022-01-03T17:51:16+00:00,Requiem For A Fallen Tree,154302
Patrick Burke,2022-01-03T17:42:21+00:00,Awake,121585
Joep Beving,2022-01-03T17:37:00+00:00,Hanging D,153537
Meriheini Luoto,2022-01-03T17:32:28+00:00,Metsänpeitto VII,158517
Nicole Lizee,2022-01-03T17:28:10+00:00,"Girl, You're Living a Life of Crime",119231
Rhiannon Giddens,2022-01-03T17:25:15+00:00,Ten Thousand Voices,159006
Terry Riley,2022-01-03T17:18:54+00:00,Counting in C,112254
DRINKS,2022-01-03T17:15:51+00:00,Blue From the Dark,154179
Steve Reich,2022-01-03T17:04:34+00:00,Tehillim: Part 1,147586
Jim O'Rourke,2022-01-03T16:53:20+00:00,I'm Happy,120076
Nico Muhly,2022-01-03T16:45:56+00:00,Motion,122386
Elena Kats-Chernin,2022-01-03T16:42:23+00:00,Blue Rose,158585
Daniel Herskedal,2022-01-03T16:36:55+00:00,The Roc,153540
UMFANG,2022-01-03T16:33:09+00:00,Path,152130
Les Filles de Illighadad,2022-01-03T16:27:57+00:00,Surbajo,158992
Robert Bentall,2022-01-03T16:24:42+00:00,Novakoski,158658
Jessica Meyer,2022-01-03T16:19:55+00:00,Hello,140463
Jennifer Jolley,2022-01-03T16:16:42+00:00,"Prisoner of Conscience, V. Police and Thieves",152385
Rachel Grimes,2022-01-03T16:11:41+00:00,In the Vapor with the Air Underneath,149004
Vula Viel,2022-01-03T16:07:38+00:00,Fire,154611
Nils Frahm,2022-01-03T16:04:08+00:00,Keep,125894
Sarah Louise,2022-01-03T16:00:10+00:00,Rime,159001
Jakub Ciupinski,2022-01-03T15:54:18+00:00,The Architect's Brother,125181
Tropic of Cancer,2022-01-03T15:49:38+00:00,Plant Lilies at My Head,153200
Shara Nova,2022-01-03T15:45:40+00:00,From the Invisible to the Visible,133130
Philip Glass,2022-01-03T15:29:21+00:00,Kundun: Selections,105181
Glenn Kotche,2022-01-03T15:21:57+00:00,Wild Sound Part 4,154045
Jo Berger Myhre,2022-01-03T15:16:27+00:00,Aviary,159081
Henryk Gorecki,2022-01-03T15:07:03+00:00,"Symphony No. 3, Op. 36, ""Symphony of Sorrowful Songs"": 2. Lento e largo - tranquillissimo",123403
Steve Reich,2022-01-03T15:00:12+00:00,"Variations for Vibes, Piano and Strings: 2. Slow",105335
Lubomyr Melnyk,2022-01-03T22:56:08+00:00,Fallen Trees - Part V: Not Forgotten,154321
Jenny Hval,2022-01-03T22:52:41+00:00,The Seer,150062
Zoe Keating,2022-01-03T22:48:49+00:00,Icefloe,153470
dal:um,2022-01-03T22:42:20+00:00,The Waves,158979
Johann Johannsson,2022-01-03T22:35:54+00:00,Flight from the City,147948
Public Service Broadcasting,2022-01-03T22:33:06+00:00,The Race for Space,150059
Hania Rani,2022-01-03T22:28:09+00:00,Dunkel,159046
Abel Selaocoe,2022-01-03T22:22:09+00:00,Keld ft Abel Selaocoe & Callum Connell,158695
John Adams,2022-01-03T22:09:50+00:00,Sri Moonshine,131687
Resina,2022-01-03T22:05:57+00:00,Darwin's Finches,159079
Philip Glass,2022-01-03T22:01:19+00:00,Koyaanisqatsi: Clouds,101715
Explosions in the Sky,2022-01-03T21:57:39+00:00,"So Long, Lonesome",149010
Nubya Garcia,2022-01-03T21:53:14+00:00,La cumbia me esta llamando,158987
Nicole Lizee,2022-01-03T21:48:04+00:00,Jupiter Moon Menace,119233
Son Lux,2022-01-03T21:40:27+00:00,Beautiful Mechanical,123107
Seabuckthorn,2022-01-03T21:37:07+00:00,What the Shepherds Call Ghosts,152733
Fiona Brice,2022-01-03T21:32:39+00:00,Berlin,152121
Agnes Obel,2022-01-03T21:27:23+00:00,Stretch Your Eyes,148595
Qasim Naqvi,2022-01-03T21:25:46+00:00,Aligned,150253
The Hands Free,2022-01-03T21:19:05+00:00,Lost Halo,151990
Sarah Davachi,2022-01-03T21:13:37+00:00,Evensong,153722
Alev Lenz,2022-01-03T21:11:43+00:00,Laura,155804
Mica Levi,2022-01-03T21:05:02+00:00,Lipstick to Void,159013
Kaki King,2022-01-03T21:00:30+00:00,Teek,158703
Moses Boyd,2022-01-04T04:55:25+00:00,Y.O.Y.O,158673
Christina Vantzou,2022-01-04T04:52:39+00:00,At Dawn,153612
Public Service Broadcasting,2022-01-04T04:47:52+00:00,People Will Always Need Coal,152208
Philip Glass,2022-01-04T04:41:42+00:00,Glassworks: 6. Closing,148588
Gavin Bryars,2022-01-04T04:37:45+00:00,The Sinking of the Titanic,108323
Tigue,2022-01-04T04:32:59+00:00,Dress Well,152650
Mary Lattimore,2022-01-04T04:21:30+00:00,It Feels Like Floating,153545
Sam Gendel and Sam Wilkes,2022-01-04T04:17:57+00:00,THEEM AND VARIATIONS,154450
Agnes Obel,2022-01-04T04:13:21+00:00,Fuel to Fire [David Lynch Remix],148455
Meg Baird & Mary Lattimore,2022-01-04T04:07:15+00:00,Between Two Worlds,154449
"Oscar Brown, Jr / Rhiannon Giddens",2022-01-04T04:02:10+00:00,Brown Baby,159008
Bill Frisell,2022-01-04T03:55:37+00:00,Rambler,152049
Infinity Knives (Tariq Ravelomanana),2022-01-04T03:51:07+00:00,"Thus Spoke My Father, The Coward",158665
Valgeir Sigurđsson,2022-01-04T03:46:26+00:00,"Cold Ground, Hot II",117386
Penguin Cafe,2022-01-04T03:42:02+00:00,Solaris,148786
John Luther Adams,2022-01-04T03:28:39+00:00,Dark Wind,113971
Cocteau Twins,2022-01-04T03:25:29+00:00,Fifty-Fifty Clown,151982
Kate Moore,2022-01-04T03:14:02+00:00,Velvet,146066
Henrik Schwarz,2022-01-04T03:08:00+00:00,AlgoRhythm,152768
Kaija Saariaho,2022-01-04T03:05:31+00:00,"Cloud Trio - I. Calmo, medtitato",154391
Bora Yoon,2022-01-04T02:58:02+00:00,Sons Nouveaux,117133
Kelly Moran,2022-01-04T02:54:59+00:00,Autowave,154448
BOTANY,2022-01-04T02:50:12+00:00,Ory (Joyous Toil),153556
Marcos Balter,2022-01-04T02:41:08+00:00,Pessoa,135546
Jason Moran,2022-01-04T02:38:09+00:00,Follow the Light,158662
The Kraken Quartet,2022-01-04T02:33:25+00:00,Chance The Dog (the song),152667
Philip Glass,2022-01-04T02:26:47+00:00,"Einstein on the Beach: Trial 2, Prison (Ensemble)",144595
Marielle V Jakobsons,2022-01-04T02:19:51+00:00,Star Core,151785
Colleen,2022-01-04T02:16:19+00:00,Everyone Alive Wants Answers,151677
Julianna Barwick,2022-01-04T02:12:46+00:00,One Half,148841
Terry Riley,2022-01-04T02:05:22+00:00,Across the Lake of the Ancient Word,151966
Johann Hieronymus Kapsburger,2022-01-04T02:03:18+00:00,Kapsburger,119324
Anna Thorvaldsdottir,2022-01-04T01:57:02+00:00,Aura,151102
Arvo Part,2022-01-04T01:46:57+00:00,Tabula rasa: Ludus,115837
Laurie Anderson,2022-01-04T01:35:32+00:00,Another Day in America,117892
Zoe Keating,2022-01-04T01:32:15+00:00,Possible,153472
Tomaga,2022-01-04T01:27:37+00:00,REVERIE FOR FRAGILE HOUSEPLANTS,158671
Meredith Monk,2022-01-04T01:21:30+00:00,On Behalf of Nature: Spider Web Anthem,147108
Mary Lattimore,2022-01-04T01:11:04+00:00,Wawa By The Ocean,153547
Lubomyr Melnyk,2022-01-04T01:02:39+00:00,Marginal Invitation,136466
Third Coast Percussion,2022-01-04T00:59:44+00:00,Paddle to the Sea: The Lighthouse,151016
"Daniel Wohl, recomposer",2022-01-04T00:53:13+00:00,Extra Pressure (Remix of Partita by Caroline Shaw),152714
Valgeir Sigurđsson,2022-01-04T00:50:45+00:00,Draumaland,117384
Dustin O'Halloran,2022-01-04T00:48:36+00:00,"An Ending, A Beginning",152251
Anna Meredith,2022-01-04T00:41:54+00:00,The Vapours,159017
Torbjorn Omalm,2022-01-04T00:37:21+00:00,Huhta,148385
Mdou Moctar,2022-01-04T00:33:32+00:00,Taliat,158989
Philip Glass,2022-01-04T00:25:18+00:00,Piano Concerto No. 3: Movement I,152053
Meriheini Luoto,2022-01-04T00:15:11+00:00,Metsänpeitto X,158520
Caleb Burhans,2022-01-04T00:06:46+00:00,The Things Left Unsaid,134749
Olafur Arnalds,2022-01-04T00:00:42+00:00,re:member,153599
