artist,start_time,title,uid
Jacob Cooper,2022-01-04T05:58:11+00:00,Silver Threads: I. Silver Threads,138153
David Bowie and Brian Eno,2022-01-04T11:56:59+00:00,Moss Garden,153981
Thom Yorke,2022-01-04T11:52:01+00:00,The Universe Is Indifferent,154051
Duncan Bellamy,2022-01-04T11:47:36+00:00,Endless,153459
Nicole Lizee,2022-01-04T11:34:13+00:00,"Death to Kosmische (Live from the Greene Space on March 24, 2014)",138173
Motion Graphics,2022-01-04T11:30:26+00:00,Anyware,153384
Moses Boyd,2022-01-04T11:25:10+00:00,Stranger Than Fiction,158674
Steve Reich,2022-01-04T11:19:17+00:00,"Tehillim: II: Psalm 34: 13-15 ""Mihaish heychahfaytz chayyim""",152790
Henrique Eisenmann,2022-01-04T11:12:35+00:00,Sarabande No. 2,153533
Okkyung Lee,2022-01-04T11:05:34+00:00,Sky,106975
Richard Carrick,2022-01-04T11:02:42+00:00,Sinking,138747
Kaitlyn Aurelia Smith,2022-01-04T10:57:45+00:00,Envelop,148141
Daniel Bjarnason,2022-01-04T10:42:34+00:00,Emergence,135181
Ryan Francis,2022-01-04T10:37:36+00:00,"Etudes for Piano, 6. Loop",137784
Colin Stetson,2022-01-04T10:35:04+00:00,From No Part of Me Could I Summon a Voice,144597
Nils Frahm,2022-01-04T10:31:56+00:00,Said and Done,116415
Jherek Bischoff,2022-01-04T10:26:12+00:00,Cistern 1 VRSN2,124284
Nick Zammuto,2022-01-04T10:21:24+00:00,Fast Pasture,121194
Infinity Knives (Tariq Ravelomanana),2022-01-04T10:17:51+00:00,Death of a Hip Hop Dancer,158668
Philip Glass,2022-01-04T10:11:37+00:00,Akhnaten: Hymn To The Sun,149427
Zoe Keating,2022-01-04T10:06:18+00:00,Nix,153473
Tim Hecker,2022-01-04T09:57:21+00:00,This Life,153933
Florent Ghys,2022-01-04T09:52:47+00:00,"No Lemon, No Melon",141172
Dan Deacon,2022-01-04T09:50:08+00:00,Rat Film: Pelican,153354
Padma Newsome,2022-01-04T09:44:46+00:00,Cloud Theory,153828
Mary Lattimore,2022-01-04T09:40:35+00:00,The Quiet at Night,149277
The Books,2022-01-04T09:36:34+00:00,Cello Song,148309
Edgar Meyer,2022-01-04T09:32:35+00:00,1B,138280
Gregory Beyer,2022-01-04T09:26:50+00:00,"Berimbau Trio no. 1, ""Harmonia""",153521
Ballaké Sissoko & Vincent Segal,2022-01-04T09:21:10+00:00,Oscarine,148628
Tomaga,2022-01-04T09:16:11+00:00,INTIMATE IMMENSITY,158672
Gyorgy Ligeti,2022-01-04T09:14:02+00:00,Etudes for Piano (adapted for player piano) X. Der Zauberlehrling,114204
Thom Yorke,2022-01-04T09:10:39+00:00,Suspirium,153646
Francesco Tristano,2022-01-04T09:03:27+00:00,A Soft Shell Groove,139738
Son Lux,2022-01-04T09:01:24+00:00,To Love,143698
Jon Hopkins,2022-01-04T08:55:51+00:00,Feel First Life,153375
Mark Dancigers,2022-01-04T08:47:49+00:00,Cloudbank,100295
Penguin Cafe,2022-01-04T08:43:08+00:00,Moonbo,148789
Conrad Tao,2022-01-04T08:40:53+00:00,vestiges: upon ripping perforated pages,134731
Ólafur Arnalds,2022-01-04T08:37:24+00:00,Another Happy Day: Poland,136808
Julianna Barwick,2022-01-04T08:33:05+00:00,Crystal Lake,148838
Nico Muhly,2022-01-04T08:25:44+00:00,Flexible Music,110746
Jason Moran,2022-01-04T08:22:10+00:00,How much more terrible was the Night,158664
Johann Johannsson,2022-01-04T08:18:27+00:00,Arrival: Heptapod B,148197
Oneohtrix Point Never,2022-01-04T08:15:18+00:00,Problem Areas,149999
Philip Glass,2022-01-04T08:12:07+00:00,"String Quartet No. 3, ""Mishima,"" mvt. V: Mishima/Closing",148512
Kamasi Washington,2022-01-04T08:02:25+00:00,Fists of Fury,153526
Massive Attack,2022-01-04T07:59:53+00:00,Danny the Dog: Two Rocks and a Cup of Water,136931
Jherek Bischoff,2022-01-04T07:52:24+00:00,The Sea's Son,146237
Dexter Story,2022-01-04T07:49:23+00:00,Eastern Prayer ft. Nia Andrews,150046
Ben Lamar Gay,2022-01-04T07:46:18+00:00,Miss Nealie Burns,153502
Zeena Parkins,2022-01-04T07:41:45+00:00,Coda,152268
Brian Eno,2022-01-04T07:33:10+00:00,1/2 (arr. David Lang),153878
Gossamer,2022-01-04T07:28:56+00:00,III. Encounter,153089
Héloďse Werner,2022-01-04T07:24:49+00:00,coronasolfčge for 6,158660
The Cradle,2022-01-04T07:19:08+00:00,Bag of Holding,153877
Mary Lattimore,2022-01-04T07:15:37+00:00,Hello From the Edge of the Earth,153546
Ben Frost & Daniel Bjarnason,2022-01-04T07:10:19+00:00,Reyja,129850
Zammuto,2022-01-04T07:06:57+00:00,Smolt,148798
Henrique Eisenmann,2022-01-04T06:58:36+00:00,Jeneupti,153530
Gregory Beyer,2022-01-04T06:53:18+00:00,"Berimbau Quartet no 1, ""Chip""",153527
Masayoshi Fujita,2022-01-04T06:49:14+00:00,Spaceship Magical,153021
Eva Quartet,2022-01-04T06:46:09+00:00,"Sto Si Sednala, Done",152101
Zoe Keating,2022-01-04T06:41:13+00:00,Forte,153471
Christina Vantzou,2022-01-04T06:34:52+00:00,Remote Polyphony,153613
David Lang,2022-01-04T06:22:05+00:00,Just (After Song of Songs),151804
Simon Dobson,2022-01-04T06:18:01+00:00,Unsual(ly) Light,158659
Philip Glass,2022-01-04T06:11:17+00:00,The Grid,129598
Steve Reich,2022-01-04T06:05:10+00:00,Dance Patterns,123453
Philip Miller,2022-01-04T13:55:15+00:00,9 Drawings for Projection: Weighing and Wanting,115279
D.J. Sparr,2022-01-04T13:52:56+00:00,Earthcaster Suite I. Drips,154617
Infinity Knives (Tariq Ravelomanana),2022-01-04T13:50:32+00:00,Für Arvo (in 2005),158669
Gavin Bryars,2022-01-04T13:39:30+00:00,The Vespertine Park,121705
Mary Lattimore & Mac McCaughan,2022-01-04T13:32:08+00:00,III,154616
Hildur Ingveldardottir Guonadottir,2022-01-04T13:29:36+00:00,Erupting Light,130688
Resina,2022-01-04T13:25:51+00:00,Glimmer,153751
Gemma Peacocke,2022-01-04T13:20:20+00:00,Love,154599
Johann Johannsson,2022-01-04T13:09:14+00:00,The Miners' Hymns: Freedom from Want and Fear,148297
Padma Newsome,2022-01-04T13:07:32+00:00,Song of the Bees (Artifact),154598
Andrew York,2022-01-04T13:03:05+00:00,Sunburst,136649
The Hands Free,2022-01-04T12:58:39+00:00,Kellam's Reel/Rusty Gully,151986
Nigel Westlake,2022-01-04T12:51:28+00:00,Onomatopoeia,135117
Matt Marks,2022-01-04T12:46:19+00:00,"The Little Death, Vol. 1: Penetration Overture",121497
Jason Moran,2022-01-04T12:41:34+00:00,Toni Morrison said Black is a Rainbow (Shadow),158663
Philip Glass,2022-01-04T12:33:43+00:00,Koyaanisqatsi: Pruitt Igoe,107552
Kraftwerk,2022-01-04T12:29:16+00:00,Franz Schubert,153984
Anna Clyne,2022-01-04T12:21:21+00:00,"Rewind (Live from the Chicago Symphone Orchestra on April 3, 2014)",145762
Dan Deacon,2022-01-04T12:17:03+00:00,Big Milk,126280
Julianna Barwick,2022-01-04T12:12:54+00:00,Beached,148832
John Supko,2022-01-04T12:01:56+00:00,Divine the Rest,143224
Aphex Twin,2022-01-04T14:58:48+00:00,Jynweythek Ylow,119245
Okkyung Lee,2022-01-04T20:56:46+00:00,Kung,128104
Nicholas Britell,2022-01-04T20:53:50+00:00,Moonlight: Little's Theme; The Spot; Chiron's Theme,149476
Wally Gunn,2022-01-04T20:48:35+00:00,The Beginning And,142557
Helena Espvall & Masaki Batoh,2022-01-04T20:44:03+00:00,Kling Klang,152729
Colin Stetson,2022-01-04T20:41:29+00:00,The Righteous Wrath of an Honorable Man,144596
Julianna Barwick,2022-01-04T20:35:59+00:00,Big Hollow,148833
Sam Gendel,2022-01-04T20:30:59+00:00,East LA Haze Dream,154101
Vladimir Martynov,2022-01-04T20:25:27+00:00,The Beatitudes,125072
Electric Jalaba,2022-01-04T20:21:10+00:00,Daimla,158689
Ryan Francis,2022-01-04T20:14:51+00:00,Remix,146137
Matt Marks,2022-01-04T20:12:19+00:00,"The Little Death, Vol. 1: Sing",122489
Ryuichi Sakamoto,2022-01-04T20:08:23+00:00,Async: Stakra,149272
Kamancello,2022-01-04T19:59:27+00:00,Radiance,150791
Terry Riley,2022-01-04T19:52:19+00:00,Half-Wolf Dances Mad in Moonlight,143444
Julia Wolfe,2022-01-04T19:45:41+00:00,Anthracite Fields: Flowers,144117
Missy Mazzoli,2022-01-04T19:40:20+00:00,A Door Into the Dark,118151
Aka Pygmies,2022-01-04T19:36:18+00:00,Dikoboda Sombe ii,152535
Four Tet,2022-01-04T19:31:01+00:00,Circling,150128
Bing & Ruth,2022-01-04T19:24:25+00:00,The Towns We Love Is Our Own,144592
Jherek Bischoff,2022-01-04T19:19:59+00:00,Automatism,146221
Arooj Aftab,2022-01-04T19:12:03+00:00,Inayaat,158980
Cornelius Dufallo,2022-01-04T19:08:32+00:00,Violin Loop I,127567
Clogs,2022-01-04T19:05:11+00:00,Bed and Rest,122786
Nico Muhly,2022-01-04T18:57:11+00:00,Beaming Music,134743
Dumisani Maraire,2022-01-04T18:50:17+00:00,Mai Nozipo (Mother Nozipo),108330
Steve Reich,2022-01-04T18:43:31+00:00,Mallet Quartet: 1. Fast,148781
Jim Fox,2022-01-04T18:40:49+00:00,Colorless sky became fog,131060
Caleb Burhans,2022-01-04T18:36:17+00:00,Nunc dimittis,134750
John Adams,2022-01-04T18:25:48+00:00,Hoodoo Zephyr,112392
John Zorn,2022-01-04T18:22:15+00:00,Gnostic Prelude VIII. The Invisibles,135319
Kate Moore,2022-01-04T18:12:54+00:00,Stories for Ocean Shells,146065
Meredith Monk,2022-01-04T18:07:20+00:00,Facing North: Long Shadows 2,123354
Moira Smiley,2022-01-04T18:04:01+00:00,One Step Dance,151644
Aphex Twin,2022-01-04T18:00:31+00:00,Logon Rock Witch,119236
Efterklang,2022-01-04T17:57:30+00:00,Dreams Today,147729
Kelly Moran,2022-01-04T17:54:58+00:00,Freesia,148381
Matmos,2022-01-04T17:47:56+00:00,Aluminum,117573
Arvo Part,2022-01-04T17:42:49+00:00,Summa,115836
Kala Ramnath,2022-01-04T17:39:39+00:00,Aalap and Tarana,136308
Ryuichi Sakamoto,2022-01-04T17:36:08+00:00,CHASM,130627
Okkyung Lee,2022-01-04T17:32:08+00:00,Story of You and Me,105027
Louis Andriessen,2022-01-04T17:27:20+00:00,La Passione (The Passion): Una forma nera cornuta (A horned black form),108720
Laurie Spiegel,2022-01-04T17:17:34+00:00,Patchwork,131110
Max Richter,2022-01-04T17:11:30+00:00,Mrs. Dalloway: Meeting Again,148846
Xavier Foley,2022-01-04T17:05:58+00:00,Shelter Island,158893
Angelica Negron,2022-01-04T17:01:28+00:00,Remando en el Mismo Lugar,118470
Valgeir Sigurđsson,2022-01-04T16:56:24+00:00,Past Tundra,117380
Philip Glass,2022-01-04T16:47:42+00:00,Satyagraha,106273
Zeena Parkins and The Adorables,2022-01-04T16:42:21+00:00,Invented,153511
Dustin O'Halloran,2022-01-04T16:39:49+00:00,Minim,138832
Osvaldo Golijov,2022-01-04T16:32:03+00:00,Radio,106939
Paolo Angeli,2022-01-04T16:27:28+00:00,Hunting Bears (Trilogia del Tempo),154618
Agnes Obel,2022-01-04T16:24:52+00:00,Chord Left,148443
Stoic,2022-01-04T16:19:22+00:00,Something Vanishing,154591
Oumou Sangare,2022-01-04T16:14:37+00:00,Minata Waraba (Sampha Remix),151525
Julianna Barwick,2022-01-04T16:10:12+00:00,Labyrinthine,148840
Infinity Knives (Tariq Ravelomanana),2022-01-04T16:06:51+00:00,Dis Dumbass Ghost,158667
Emilie Levienaise-Farrouch,2022-01-04T16:04:16+00:00,Minnesang,148441
Steve Reich,2022-01-04T15:57:43+00:00,Double Sextet: 3. Fast,148779
Holly Herndon,2022-01-04T15:52:33+00:00,An Exit,153258
Jon Hopkins,2022-01-04T15:48:45+00:00,How I Live Now: Lost Map/The Hawk,136824
Julia Kent,2022-01-04T15:44:37+00:00,Gardermoen,148619
Zoe Keating,2022-01-04T15:39:32+00:00,Legions (Reverie),121222
Meredith Monk,2022-01-04T15:35:14+00:00,Gotham Lullaby,105599
Johann Johannsson,2022-01-04T15:32:05+00:00,Eg sleep per aldrei,120009
Einojuhani Rautavaara,2022-01-04T15:21:50+00:00,"Symphony No. 7 ""Angel of Light,"" mvt. III",148484
Brian Eno,2022-01-04T15:16:25+00:00,"Discreet Music, part III",144469
Motion Graphics,2022-01-04T15:13:13+00:00,Mezzotint Gliss (instrumental),153391
Electric Jalaba,2022-01-04T15:08:48+00:00,Agia Hausa,158690
Philip Glass,2022-01-04T15:05:19+00:00,"String Quartet No. 3, ""Mishima"": I. 1957: Award Montage",148183
Owen Pallett,2022-01-04T15:01:26+00:00,Chorale,142542
Padma Newsome,2022-01-04T22:58:54+00:00,Beating Stick,119338
Bing & Ruth,2022-01-04T22:50:56+00:00,Rails,148295
Julia Kent,2022-01-04T22:46:20+00:00,Transportation,148621
Terry Riley,2022-01-04T22:36:43+00:00,G Song,116812
Ellen Fullman & Theresa Wong,2022-01-04T22:27:20+00:00,Harbors Part 2,158733
David Lang,2022-01-04T22:23:07+00:00,Death Speaks: I am walking,133705
Nico Muhly,2022-01-04T22:19:58+00:00,A Hudson Cycle,112690
Kjartan Sveinsson,2022-01-04T22:11:42+00:00,Teil I,147473
William Brittelle,2022-01-04T22:06:22+00:00,The Colossus,153930
Caroline Shaw,2022-01-04T21:58:41+00:00,Blueprint,153634
Nicholas Cords,2022-01-04T21:51:43+00:00,Five Migrations,133525
Kaitlyn Aurelia Smith,2022-01-04T21:47:46+00:00,"When I Try, I'm Full",148142
Traditional / Rhiannon Giddens,2022-01-04T21:44:35+00:00,Little Margaret,159009
John Luther Adams,2022-01-04T21:40:52+00:00,In the White Silence: Letter B,148572
Clogs,2022-01-04T21:35:39+00:00,2:3:5,119327
Jónsi & Alex,2022-01-04T21:26:23+00:00,Happiness,120079
Abel Selaocoe,2022-01-04T21:15:20+00:00,Ulibambe,158693
Penguin Cafe,2022-01-04T21:12:27+00:00,(The Roaring of A) Silent Sun,148788
Florent Ghys,2022-01-04T21:05:44+00:00,Friday 3pm,146816
Meredith Monk,2022-01-04T21:00:17+00:00,Impermanence: Rocking,104658
Samora Pinderhughes,2022-01-05T04:52:45+00:00,History,151629
Florent Ghys,2022-01-05T04:49:17+00:00,Invitation to Love,141173
Louis Andriessen,2022-01-05T04:43:05+00:00,Bells For Haarlem,109033
Todd Reynolds,2022-01-05T04:37:43+00:00,Icy Sleeves of Green v2.0,121341
Ólafur Arnalds,2022-01-05T04:34:26+00:00,Doria,148613
Glenn Kotche,2022-01-05T04:29:50+00:00,Anomaly mvt. 3,137653
Christopher Cerrone,2022-01-05T04:21:53+00:00,Hoyt-Schermerhorn,146962
Ryuichi Sakamoto,2022-01-05T04:16:10+00:00,20 msec.,130628
Ingram Marshall,2022-01-05T04:06:17+00:00,Fog Tropes,144166
Nico Muhly,2022-01-05T03:58:13+00:00,Pillaging Music,103954
John Adams,2022-01-05T03:48:38+00:00,Coast,148397
Mabe Fratti,2022-01-05T03:42:24+00:00,Hacia el Vacio,158990
Lubomyr Melnyk,2022-01-05T03:29:27+00:00,Nightrail From The Sun,132095
Judd Greenstein,2022-01-05T03:19:19+00:00,"Clearing, Dawn, Dance",123113
Jherek Bischoff,2022-01-05T03:13:47+00:00,Headless,146224
Angelica Negron,2022-01-05T03:11:03+00:00,Hoy Es Un Dia Nublado,118475
Anna Thorvaldsdottir,2022-01-05T02:56:34+00:00,Trajectories,140892
Olafur Arnalds,2022-01-05T02:53:19+00:00,partial,153602
Francesco Tristano,2022-01-05T02:46:04+00:00,Strings Of Life,121750
Hilary Hahn / Hauschka,2022-01-05T02:42:41+00:00,Ashes,127926
Steve Reich,2022-01-05T02:36:49+00:00,Tehillim: Part 2,109464
Colleen,2022-01-05T02:33:21+00:00,Humming Fields,153894
Bing & Ruth,2022-01-05T02:27:03+00:00,Starwood Choker,148294
Damon Locks - Black Monument Ensemble,2022-01-05T02:19:50+00:00,Now (Forever Momentary Space),158652
Einojuhani Rautavaara,2022-01-05T02:11:21+00:00,Divertimento,111278
Max Richter,2022-01-05T02:04:45+00:00,On The Nature Of Daylight (Orchestral Version),154280
Paola Prestini,2022-01-05T01:58:01+00:00,Sounds: Last Hymn,113129
Laurie Spiegel,2022-01-05T01:55:58+00:00,A Folk Study,131113
Arvo Part,2022-01-05T01:45:36+00:00,Fratres,143567
Aphex Twin,2022-01-05T01:40:53+00:00,Next Heap With,148039
Explosions in the Sky & David Wingo,2022-01-05T01:38:34+00:00,Prince Avalanche: Theme from Prince Avalanche,136828
Andy Akiho,2022-01-05T01:33:28+00:00,KARakurENAI,143677
Susumu Yokota,2022-01-05T01:29:10+00:00,Fairy Dance of Twinkle and Shadow,154175
Jon Hopkins,2022-01-05T01:22:10+00:00,C O S M,153376
Nicholas Britell,2022-01-05T01:16:58+00:00,Moonlight: End Credits Suite,149477
Electric Jalaba,2022-01-05T01:12:30+00:00,Briando,158691
Ryuichi Sakamoto,2022-01-05T01:08:37+00:00,Reversing,114099
Jessika Kenney and Eyvind Kang,2022-01-05T00:56:54+00:00,Kidung,154153
Holly Herndon,2022-01-05T00:52:02+00:00,Interference,153252
Ingram Marshall,2022-01-05T00:47:19+00:00,Son of Soe-pa,131048
Jennifer Higdon,2022-01-05T00:42:36+00:00,String Poetic: Nocturne,107359
Dan Deacon,2022-01-05T00:37:44+00:00,Rat Film: Horn Phase,153353
George Oakley,2022-01-05T00:33:52+00:00,Toccata,154281
Angelica Negron,2022-01-05T00:29:26+00:00,Aventuras en el Agua,118469
Meredith Monk,2022-01-05T00:26:31+00:00,On Behalf of Nature: Eon,147102
Erland Dahlen,2022-01-05T00:19:24+00:00,Wood,152657
Dustin O'Halloran,2022-01-05T00:15:56+00:00,Fragile N.4,128734
Moira Smiley,2022-01-05T00:12:32+00:00,Mother of Invention,151640
Julianna Barwick,2022-01-05T00:07:00+00:00,Nebula,148834
Louis Andriessen,2022-01-05T00:02:42+00:00,Prospettive e Retrospettive,140620
