artist,start_time,title,uid
Ballaké Sissoko & Vincent Segal,2022-01-22T11:58:50+00:00,Samba Tomora,148629
David Crowell,2022-01-22T11:55:02+00:00,Poly Rush,150530
Nico Muhly,2022-01-22T11:50:27+00:00,Quiet Music,107764
Aleksandra Vrebalov,2022-01-22T11:48:11+00:00,The Sea Ranch Songs: Fort Ross Chorale,146787
Gilda Lyons,2022-01-22T11:43:49+00:00,Bone Needles,152738
Okkyung Lee,2022-01-22T11:40:21+00:00,Yellow River,128112
Vijay Iyer,2022-01-22T11:34:05+00:00,Far From Over,152724
Ben Frost & Daniel Bjarnason,2022-01-22T11:28:47+00:00,Reyja,129850
Qasim Naqvi,2022-01-22T11:26:23+00:00,The Cast,150254
Aphex Twin,2022-01-22T11:22:49+00:00,4,119241
Philip Glass,2022-01-22T11:06:31+00:00,Kundun: Selections,105181
Hauschka,2022-01-22T11:02:22+00:00,Constant Growth Fails,148317
Mason Bates,2022-01-22T10:55:51+00:00,Observer in the Magellanic Cloud,138219
Caroline Shaw,2022-01-22T10:53:53+00:00,Plan & Elevation: IV. The Orangery,154686
Gregory Beyer,2022-01-22T10:48:35+00:00,"Berimbau Quartet no 1, ""Chip""",153527
Ryuichi Sakamoto,2022-01-22T10:44:43+00:00,Solari,150042
Moira Smiley,2022-01-22T10:39:49+00:00,Bellow,151643
Anna Meredith,2022-01-22T10:37:08+00:00,How to Be Confident,153462
Shara Nova,2022-01-22T10:33:11+00:00,From the Invisible to the Visible,133130
Johann Johannsson,2022-01-22T10:28:23+00:00,Sicario: Melancholia,147662
Colleen,2022-01-22T10:24:03+00:00,Sun Against My Eyes,134163
Tigue,2022-01-22T10:19:18+00:00,Dress Well,152650
Max Richter,2022-01-22T10:14:40+00:00,Space 21,145185
Massive Attack,2022-01-22T10:12:08+00:00,Danny the Dog: Two Rocks and a Cup of Water,136931
Carla Kihlstedt,2022-01-22T10:09:30+00:00,Rooting For The Shy Librarian,148456
Marcos Balter,2022-01-22T10:00:26+00:00,Pessoa,135546
Florent Ghys,2022-01-22T09:53:42+00:00,Thursday Morning,146820
Mary Lattimore,2022-01-22T09:43:16+00:00,Wawa By The Ocean,153547
Harriet Tubman,2022-01-22T09:39:50+00:00,Taken,152739
Glenn Kotche,2022-01-22T09:35:13+00:00,Anomaly mvt. 3,137653
Zoe Keating,2022-01-22T09:30:16+00:00,Forte,153471
Lubomyr Melnyk,2022-01-22T09:17:11+00:00,Nightrail From The Sun,132095
Maria Huld Markan Sigfusdottir,2022-01-22T09:05:04+00:00,Aequora,148285
Olafur Arnalds,2022-01-22T09:01:13+00:00,ypsilon,153601
Philip Glass,2022-01-22T08:54:28+00:00,The Grid,129598
Four Tet,2022-01-22T08:50:16+00:00,Two Thousand and Seventeen,150686
Kelly Moran,2022-01-22T08:47:05+00:00,Optimist,150039
Joep Beving,2022-01-22T08:41:44+00:00,Hanging D,153537
Jherek Bischoff,2022-01-22T08:36:21+00:00,Headless,146224
Steve Reich,2022-01-22T08:29:22+00:00,Electric Counterpoint: 1. Fast,128505
Damon Locks - Black Monument Ensemble,2022-01-22T08:22:49+00:00,Now (Forever Momentary Space),158653
Arvo Part,2022-01-22T08:15:11+00:00,Spiegel im Spiegel (Mirror in the Mirror),101557
Nirmala Rajasekar - Maithree,2022-01-22T08:09:48+00:00,Mary O'Neil,153849
Haron,2022-01-22T07:59:47+00:00,Lotuseter,152948
Juana Molina,2022-01-22T07:54:54+00:00,Cosoco,151762
Poppy Ackroyd,2022-01-22T07:49:39+00:00,Roads,142992
Lusine,2022-01-22T07:47:51+00:00,Chatter,150038
Jessie Montgomery,2022-01-22T07:44:59+00:00,Duo for Violin and Cello: III. Presto,159037
Johann Johannsson,2022-01-22T07:33:54+00:00,The Miners' Hymns: Freedom from Want and Fear,148297
Vijay Iyer,2022-01-22T07:28:28+00:00,Break Stuff,159022
Moira Smiley,2022-01-22T07:24:59+00:00,Mother of Invention,151640
Osvaldo Golijov,2022-01-22T07:17:13+00:00,Radio,106939
Philip Glass,2022-01-22T07:13:06+00:00,Satyagraha: Evening Song,149426
Aphex Twin,2022-01-22T07:08:09+00:00,Next Heap With,148039
Florent Ghys,2022-01-22T07:05:08+00:00,Air,116369
Pariah,2022-01-22T06:58:11+00:00,Linnaea,152972
Hildur Ingveldardottir Guonadottir,2022-01-22T06:55:54+00:00,Erupting Light,130688
Jakub Ciupinski,2022-01-22T06:43:47+00:00,Morning Tale,146965
itsnotyouitsme,2022-01-22T06:40:42+00:00,wrinkling into a beautiful and broken world,135828
Hania Rani,2022-01-22T06:33:07+00:00,Spring,159047
Anna Clyne,2022-01-22T06:25:22+00:00,"Rewind (Live from the Chicago Symphone Orchestra on April 3, 2014)",145762
BON,2022-01-22T06:21:15+00:00,Veritas,159041
Electric Jalaba,2022-01-22T06:16:47+00:00,Briando,158691
John Supko,2022-01-22T06:05:48+00:00,Divine the Rest,143224
big dog little dog,2022-01-22T06:01:41+00:00,Cipher,159036
Valgeir Sigurđsson,2022-01-23T01:24:02+00:00,Draumaland,129324
Paolo Angeli,2022-01-22T13:57:32+00:00,Optimistic,154619
Caroline Shaw,2022-01-22T13:48:34+00:00,Taxidermy,158322
Steve Reich,2022-01-22T13:42:01+00:00,Double Sextet: 3. Fast,148779
Moira Smiley,2022-01-22T13:38:30+00:00,Dressed in Yellow,151645
Rachel Grimes,2022-01-22T13:35:30+00:00,Bloodroot,152248
Zoe Keating,2022-01-22T13:32:13+00:00,Possible,153472
Orlando,2022-01-22T13:29:46+00:00,From Memory,151924
Robert Honstein,2022-01-22T13:21:32+00:00,I am hidden my dear for you!!!!!!!,138015
David Bowie and Brian Eno,2022-01-22T13:16:35+00:00,Moss Garden,153981
Philip Glass,2022-01-22T13:10:40+00:00,Glassworks: 6. Closing,148588
"Daniel Wohl, recomposer",2022-01-22T13:04:09+00:00,Extra Pressure (Remix of Partita by Caroline Shaw),152714
Alva Noto,2022-01-22T12:57:05+00:00,Iano,130642
David Lang,2022-01-22T12:46:53+00:00,increase,151712
Astor Piazzolla,2022-01-22T12:34:52+00:00,Tango Suite,100007
Tunto,2022-01-22T12:30:29+00:00,Lagoon Music,152783
Kate Bush,2022-01-22T12:27:20+00:00,Mother Stands For Comfort,152175
Sufjan Stevens,2022-01-22T12:23:14+00:00,The Human Plague,139730
Francois Couturier,2022-01-22T12:18:42+00:00,Fantasia,148388
Flying Lotus,2022-01-22T12:17:26+00:00,Clock Catcher,132321
Gemma Peacocke,2022-01-22T12:11:55+00:00,Love,154599
Matt McBane,2022-01-22T12:06:59+00:00,Ride,121399
Julianna Barwick,2022-01-22T12:02:50+00:00,Beached,148832
Julianna Barwick,2022-01-22T20:55:56+00:00,Labyrinthine,148840
Florent Ghys,2022-01-22T20:49:35+00:00,Beaute Plastique,141169
Mary Lou Williams,2022-01-22T20:43:46+00:00,Credo (Instrumental),108958
Caleb Burhans,2022-01-22T20:39:14+00:00,Nunc dimittis,134750
Terry Riley,2022-01-22T20:35:42+00:00,Autodreamographical Tales 6: See Them Out There,143423
Clogs,2022-01-22T20:32:21+00:00,Bed and Rest,122786
Helado Negro,2022-01-22T20:28:06+00:00,Tartamundo,153399
Arvo Part,2022-01-22T20:22:59+00:00,Summa,115836
Oneohtrix Point Never,2022-01-22T20:19:31+00:00,Power of Persuasion,152094
Louis Andriessen,2022-01-22T20:15:13+00:00,Prospettive e Retrospettive,140620
Little Walter,2022-01-22T20:11:46+00:00,Don't Need No Horse,152978
Nico Muhly,2022-01-22T20:04:01+00:00,Beaming Music,134743
Efterklang,2022-01-22T20:01:00+00:00,Dreams Today,147729
Esmerine,2022-01-22T19:54:54+00:00,19/14,153543
Gavin Bryars,2022-01-22T19:46:21+00:00,BIPED: Part 4,148490
Laurie Spiegel,2022-01-22T19:39:52+00:00,The Unquestioned Answer,131118
Sean Mac Erlaine,2022-01-22T19:36:25+00:00,Love the Way They Sing,152823
Ólafur Arnalds,2022-01-22T19:33:05+00:00,Near Light,148827
John Zorn,2022-01-22T19:29:32+00:00,Gnostic Prelude VIII. The Invisibles,135319
Rachel Grimes,2022-01-22T19:27:04+00:00,Every Morning,148305
Lovozero,2022-01-22T19:23:09+00:00,Chervi,153710
Gwenifer Raymond,2022-01-22T19:16:55+00:00,Eulogy for Dead French Composer,158698
Eric Whitacre,2022-01-22T19:12:47+00:00,Lux Aurumque (Light of Gold),119682
Marc Mellits,2022-01-22T19:10:03+00:00,Smoke: Movement 5,153227
Raymond Scott,2022-01-22T19:06:42+00:00,The Bass-Line Generator,140178
Osvaldo Golijov,2022-01-22T19:00:28+00:00,Wa Habibi,159002
Steve Reich,2022-01-22T18:55:59+00:00,Electric Counterpoint: 3. Fast,135253
Makaya McCraven,2022-01-22T18:46:49+00:00,Atlantic Black,153719
Tunto,2022-01-22T18:42:24+00:00,Spring Music,152778
Erkki-Sven Tuur,2022-01-22T18:35:06+00:00,Dedication,144404
Aya Nishina,2022-01-22T18:27:32+00:00,White Flower,136516
David Lang,2022-01-22T18:24:33+00:00,Light Moving,136237
Tim Berne's Snakeoil,2022-01-22T18:22:07+00:00,Angles,152572
Arvo Part,2022-01-22T18:11:46+00:00,Fratres,143567
Philip Glass,2022-01-22T18:08:16+00:00,"String Quartet No. 3, ""Mishima"": I. 1957: Award Montage",148183
Jónsi & Alex,2022-01-22T17:59:00+00:00,Happiness,120079
Sona Jobarteh,2022-01-22T17:54:32+00:00,Mamamuso,152575
Valgeir Sigurđsson,2022-01-22T17:49:28+00:00,Past Tundra,117380
Meredith Monk,2022-01-22T17:44:07+00:00,Astronaut Anthem,140829
Owen Pallett,2022-01-22T17:40:13+00:00,Chorale,142542
Miles Davis,2022-01-22T17:33:31+00:00,Prelude (Part Two),152874
Robert Honstein,2022-01-22T17:28:50+00:00,Olmsted: IV. World's End,154283
Mary Lattimore & Mac McCaughan,2022-01-22T17:21:28+00:00,III,154616
Joseph Shabason,2022-01-22T17:16:04+00:00,November (feat. Gigi Masin),154222
Jennifer Jolley,2022-01-22T17:08:19+00:00,Bullet Time (for 9 Violas),151600
Steve Reich,2022-01-22T16:59:14+00:00,Tokyo/Vermont Counterpoint,106520
Paul Corley,2022-01-22T16:50:47+00:00,She Is In The Ground,130663
Oneohtrix Point Never,2022-01-22T16:47:38+00:00,Problem Areas,149999
Ellen Reid,2022-01-22T16:38:45+00:00,Fear | Release,152668
Zoe Keating,2022-01-22T16:33:25+00:00,Nix,153473
Arthur Moon,2022-01-22T16:27:21+00:00,Boxing,152809
Hania Rani,2022-01-22T16:22:24+00:00,Dunkel,159046
Sean Mac Erlaine,2022-01-22T16:18:47+00:00,The Melting Song,152820
Rachel's,2022-01-22T16:12:29+00:00,Water from the Same Source,152797
Philip Glass,2022-01-22T16:05:51+00:00,"Einstein on the Beach: Trial 2, Prison (Ensemble)",144595
Ben Frost,2022-01-22T16:02:45+00:00,Meg Ryan Eyez,152786
Kaki King,2022-01-22T15:58:37+00:00,Can't Touch This Or That Or You Or My Face,158704
Mary Lattimore,2022-01-22T15:55:06+00:00,Hello From the Edge of the Earth,153546
Quest Ensemble,2022-01-22T15:49:17+00:00,Drops,158428
Masayoshi Fujita,2022-01-22T15:45:13+00:00,Spaceship Magical,153021
Andrew Norman,2022-01-22T15:35:09+00:00,The Companion Guide to Rome: IX. Sabina,140549
Nils Frahm,2022-01-22T15:31:24+00:00,Ambre,116410
Oumou Sangare,2022-01-22T15:26:38+00:00,Minata Waraba (Sampha Remix),151525
Nico Muhly,2022-01-22T15:19:14+00:00,Motion,122386
Tunto,2022-01-22T15:14:43+00:00,Kakadu Music,152782
David Lang,2022-01-22T15:04:27+00:00,Sunray,125076
John Zorn,2022-01-22T15:00:32+00:00,Kochot,154503
Valgeir Sigurđsson,2022-01-23T01:24:02+00:00,Draumaland,129324
Christopher Cerrone,2022-01-22T22:53:19+00:00,Hoyt-Schermerhorn,146962
Nico Muhly,2022-01-22T22:46:20+00:00,How About Now,107181
Anna Thorvaldsdottir,2022-01-22T22:31:51+00:00,Trajectories,140892
Blondes,2022-01-22T22:27:53+00:00,Aeon,153230
Meredith Monk,2022-01-22T22:24:57+00:00,On Behalf of Nature: Eon,147102
Peteris Vasks,2022-01-22T22:16:53+00:00,Cantabile per Archi,117233
Sean Mac Erlaine,2022-01-22T22:11:04+00:00,The Diplomat III,152821
Benjamin Louis Brody + Ian Chang,2022-01-22T22:06:41+00:00,ASMR II,158326
Caroline Shaw,2022-01-22T21:59:01+00:00,Blueprint,153634
Ryuichi Sakamoto,2022-01-22T21:54:06+00:00,Still Life,119735
Zola Jesus,2022-01-22T21:51:52+00:00,Doma,151976
Nik Bartsch's Ronin,2022-01-22T21:43:02+00:00,Modul 34,152662
Philip Glass,2022-01-22T21:34:35+00:00,Satyagraha,106273
Francesco Tristano,2022-01-22T21:27:20+00:00,Strings Of Life,121750
Benjamin Britten,2022-01-22T21:24:18+00:00,Corpus Christi Carol,151950
Steve Reich,2022-01-22T21:17:32+00:00,Mallet Quartet: 1. Fast,148781
Kadhja Bonet,2022-01-22T21:13:27+00:00,Joy,153017
Vladimir Martynov,2022-01-22T21:07:55+00:00,The Beatitudes,125072
Tunto,2022-01-22T21:02:16+00:00,Bazaar Music,152780
Richard Reed Parry,2022-01-22T21:00:20+00:00,Farewell Ceremony,153985
Tim Hecker,2022-01-22T23:59:10+00:00,Violet Monumental I,146256
Nils Frahm,2022-01-23T04:56:58+00:00,A Place,150532
Marty Manning,2022-01-23T04:54:15+00:00,The Twilight Zone,154069
Julia Wolfe,2022-01-23T04:41:35+00:00,Protest,159004
Tigran Hamasyan,2022-01-23T04:35:55+00:00,The Cave of Rebirth,152579
Caleb Burhans,2022-01-23T04:28:27+00:00,Keymaster,119350
BON,2022-01-23T04:22:07+00:00,Aya,159042
Andy Cartwright,2022-01-23T04:18:25+00:00,Figure Afar,152040
Aphex Twin,2022-01-23T04:16:19+00:00,Avril 14th,148041
Bryce Dessner,2022-01-23T04:08:11+00:00,Little Blue Something,135640
Kyle Dixon & Michael Stein,2022-01-23T04:03:11+00:00,Hawkins,154058
Trio Chemirani,2022-01-23T03:57:55+00:00,Synkathistos,153535
Julianna Barwick,2022-01-23T03:52:22+00:00,Nebula,148834
Zoe Keating,2022-01-23T03:46:23+00:00,Legions (War),121217
Marcos Balter,2022-01-23T03:42:25+00:00,"Meltdown Upshot: No. 5, Home",148316
Arvo Part,2022-01-23T03:33:33+00:00,Wallfahrtslied (Pilgrim's Song),115839
Devonte Hynes,2022-01-23T03:31:53+00:00,Palo Alto: Big Game,148794
Philip Glass,2022-01-23T03:26:16+00:00,Madeira River,151003
Omar Khorshid,2022-01-23T03:19:05+00:00,Taqasim Sanat Alfeyn,159039
David Lang,2022-01-23T03:14:31+00:00,"Amjad ""Sleeping Panorama""",119951
John Adams,2022-01-23T03:09:59+00:00,China Gates,103472
John Mills-Cockell,2022-01-23T03:04:36+00:00,Hollywood Dream Trip,151113
James Blake,2022-01-23T03:01:10+00:00,Guerrero+Blake (Olga Bell mix),138103
Son Lux,2022-01-23T02:53:33+00:00,Beautiful Mechanical,123107
Judd Greenstein,2022-01-23T02:45:51+00:00,First Ballade,127687
Sarah Davachi,2022-01-23T02:40:23+00:00,Evensong,153722
Jacob Cooper,2022-01-23T02:32:22+00:00,Silver Threads: VI. Jar,138160
Esmerine,2022-01-23T02:28:28+00:00,Translator's Clos I,153541
Hilary Hahn / Hauschka,2022-01-23T02:23:01+00:00,Adash,127921
Daniel Wohl,2022-01-23T02:18:28+00:00,Neighborhood,134470
Sean Mac Erlaine,2022-01-23T02:14:53+00:00,Shake and Sign,152822
Terry Riley,2022-01-23T02:04:23+00:00,Sunrise of the Planetary Dream Collector,137717
Hildigunnur Rúnarsdóttir,2022-01-23T01:59:31+00:00,Vocalise,116086
Eric Whitacre,2022-01-23T01:53:50+00:00,Sleep,119691
Colin Stetson,2022-01-23T01:50:38+00:00,Home,121987
Caroline Shaw,2022-01-23T01:44:46+00:00,Partita for Eight Voices: Passacaglia,130418
Daniel Brandt,2022-01-23T01:39:39+00:00,Ltd,153538
John Zorn,2022-01-23T01:36:42+00:00,Bikkurim,154502
Nico Muhly,2022-01-23T01:30:45+00:00,"Mothertongue, part I: Archive",148500
Torbjorn Omalm,2022-01-23T01:26:11+00:00,Huhta,148385
Valgeir Sigurđsson,2022-01-23T01:24:02+00:00,Draumaland,129324
Devonte Hynes (Blood Orange),2022-01-23T01:19:32+00:00,Palo Alto: Fred Drives,148795
Tomaga,2022-01-23T01:14:48+00:00,REVERIE FOR FRAGILE HOUSEPLANTS,158671
Greg Fox,2022-01-23T01:09:38+00:00,Earth Center Possessing Stream,150274
Amanda Berlind,2022-01-23T01:03:19+00:00,Woog,158604
Volker Bertelmann,2022-01-23T00:59:32+00:00,I Can't Express My Deep Love,151148
Alice TM,2022-01-23T00:56:35+00:00,Disorder,152598
Noveller,2022-01-23T00:51:01+00:00,Deep Shelter,151688
Makaya McCraven,2022-01-23T00:47:13+00:00,Mantra,154054
Shore,2022-01-23T00:41:17+00:00,A Hundred Times,153910
Philip Glass,2022-01-23T00:33:03+00:00,Einstein on the Beach: Knee 1,114832
Sona Jobarteh,2022-01-23T00:27:52+00:00,Gambia,154794
Julianna Barwick,2022-01-23T00:23:34+00:00,Crystal Lake,148838
"Jon Hassell, Brian Eno",2022-01-23T00:20:05+00:00,Delta Rain Dream,152876
Diptera,2022-01-23T00:15:14+00:00,Silver,152945
Zoe Keating,2022-01-23T00:10:10+00:00,Legions (Reverie),121222
Steve Reich,2022-01-23T00:04:18+00:00,Tehillim: Part 2,109464
