artist,start_time,title,uid
Kaitlyn Aurelia Smith,2022-01-29T05:57:33+00:00,Rare Things Grow,148143
Valgeir Sigurđsson,2022-01-30T04:52:32+00:00,Draumaland,129324
Soojin Suh,2022-01-29T11:56:13+00:00,Colorist lll - Stream Of Consciousness,158706
Jon Hopkins,2022-01-29T11:52:16+00:00,How I Live Now: Lost Map/The Hawk,136824
Kirsten Volness,2022-01-29T11:45:14+00:00,Alone Together,158670
Juana Molina,2022-01-29T11:40:21+00:00,Cosoco,151762
Tim Hecker,2022-01-29T11:35:25+00:00,Obsidian Counterpoint,146239
Dennis Bovell,2022-01-29T11:31:28+00:00,Eye Water Dub,152343
Sarah Louise,2022-01-29T11:27:31+00:00,Rime,159001
Kaitlyn Aurelia Smith,2022-01-29T11:22:35+00:00,Envelop,148141
Nubya Garcia,2022-01-29T11:18:04+00:00,La cumbia me esta llamando,158987
The Comet Is Coming,2022-01-29T11:11:32+00:00,Start Running,152560
Masayoshi Fujita,2022-01-29T11:07:08+00:00,It's Magical,152665
Cocanha,2022-01-29T11:03:17+00:00,Cotelon,158982
Ex Easter Island Head,2022-01-29T10:59:37+00:00,Ten Bells,152656
Francesco Tristano,2022-01-29T10:52:54+00:00,Mambo,121731
Peter Gregson,2022-01-29T10:47:51+00:00,Time,143783
Seabuckthorn,2022-01-29T10:44:31+00:00,What the Shepherds Call Ghosts,152733
Steve Hauschildt,2022-01-29T10:38:41+00:00,Time We Have,152190
Geomungo Factory,2022-01-29T10:33:07+00:00,"Sky, Wind, Star and Poem",152321
Philip Glass,2022-01-29T10:29:40+00:00,Koyaanisqatsi: Koyaanisqatsi,105594
Jherek Bischoff,2022-01-29T10:24:24+00:00,Closer to Closure,146222
Nils Frahm,2022-01-29T10:19:12+00:00,Because This Must Be,148826
Matmos,2022-01-29T10:12:10+00:00,Aluminum,117573
Jónsi & Alex,2022-01-29T10:02:54+00:00,Happiness,120079
Laraaji,2022-01-29T09:55:39+00:00,Through Luminous Eyes 1,158331
Collectress,2022-01-29T09:52:10+00:00,Woodenheart,153536
Angelica Negron,2022-01-29T09:47:54+00:00,Otro Dia Mas,118465
Issam Rafea and Gao Hong,2022-01-29T09:43:28+00:00,Chasing Butterflies,153531
Paola Prestini,2022-01-29T09:36:59+00:00,Sounds: Last Hymn,113129
Gian Carlo Menotti / Rhiannon Giddens,2022-01-29T09:32:42+00:00,Black Swan,159010
Hite,2022-01-29T09:28:20+00:00,Light,152285
Osvaldo Golijov,2022-01-29T09:25:17+00:00,Youth Without Youth: Farewell,103665
Jessica Meyer,2022-01-29T09:21:52+00:00,Source of Joy,142904
Gregory Beyer,2022-01-29T09:15:57+00:00,"Berimbau Trio no. 1, ""Harmonia""",153521
Crystal Mooncone,2022-01-29T09:11:20+00:00,Fossil Tears,149479
Steve Reich,2022-01-29T08:49:31+00:00,Double Sextet: 1. Fast,146131
Meredith Monk,2022-01-29T08:44:25+00:00,Impermanence: Mieke's Melody #5,105999
Gwenifer Raymond,2022-01-29T08:38:34+00:00,Hell For Certain,158696
A Silver Mt. Zion,2022-01-29T08:32:19+00:00,Stumble Then Rise on Some Awkward Morning,148200
David Lang,2022-01-29T08:28:45+00:00,The Little Match Girl Passion: When It Is Time For Me To Go,135095
The Cradle,2022-01-29T08:23:04+00:00,Bag of Holding,153877
Latasha,2022-01-29T08:17:49+00:00,Sumpn,152284
Duncan Bellamy,2022-01-29T08:14:05+00:00,Lines Glow,153458
Makaya McCraven,2022-01-29T08:04:55+00:00,Atlantic Black,153719
Missy Mazzoli,2022-01-29T07:54:46+00:00,Tooth and Nail,133613
Francesco Tristano,2022-01-29T07:46:27+00:00,Ludepre (Version),138845
Julia Holter,2022-01-29T07:41:02+00:00,Marienbad,148298
Nils Frahm,2022-01-29T07:35:08+00:00,Old Thought,125898
Anna Thorvaldsdottir,2022-01-29T07:21:36+00:00,Aeriality,140890
Morton Feldman,2022-01-29T07:14:50+00:00,Piano Piece 1952 (Version 2),152264
John Adams,2022-01-29T07:10:04+00:00,China Gates,144258
Steve Reich,2022-01-29T07:04:12+00:00,Tehillim: Part 2,109464
Phil Kline,2022-01-29T06:51:05+00:00,The Long Winter,135266
Agnes Obel,2022-01-29T06:46:59+00:00,Aventine,148449
Arvo Part,2022-01-29T06:44:47+00:00,Fur Alina,145540
Philip Glass,2022-01-29T06:38:33+00:00,Akhnaten: Hymn To The Sun,149427
John Zorn,2022-01-29T06:35:00+00:00,Gnostic Prelude VIII. The Invisibles,135319
Paula Matthusen,2022-01-29T06:29:50+00:00,on the attraction for felicitous amplitude,151100
Nico Muhly,2022-01-29T06:26:41+00:00,A Hudson Cycle,112690
Abel Selaocoe,2022-01-29T06:20:41+00:00,Keld ft Abel Selaocoe & Callum Connell,158695
Meredith Monk,2022-01-29T06:15:07+00:00,Facing North: Long Shadows 2,123354
Machine Woman,2022-01-29T06:09:19+00:00,Liquid Metal,152262
Nicole Mitchell,2022-01-29T06:04:25+00:00,Forest Wall Timewalk,152574
Nicholas Britell,2022-01-29T06:01:28+00:00,Moonlight: Little's Theme; The Spot; Chiron's Theme,149476
Valgeir Sigurđsson,2022-01-30T04:52:32+00:00,Draumaland,129324
Steve Reich,2022-01-29T13:50:10+00:00,Tehillim: Part 1,147586
Marc Mellits,2022-01-29T13:48:49+00:00,Smoke: Movement 7,153229
Hania Rani,2022-01-29T13:43:52+00:00,Dunkel,159046
Mallow,2022-01-29T13:38:15+00:00,Spaceshp Koupe/Could It Be Live,152397
Anna Thorvaldsdottir,2022-01-29T13:30:21+00:00,Fields,150928
Nico Muhly,2022-01-29T13:22:22+00:00,Beaming Music,134743
Andrea Belfi,2022-01-29T13:16:31+00:00,Lead,150218
Stella Chiweshe,2022-01-29T13:11:40+00:00,Nehondo,154800
Julianna Barwick,2022-01-29T13:07:29+00:00,Pyrrhic,148842
Christopher Cerrone,2022-01-29T12:59:32+00:00,Hoyt-Schermerhorn,146962
Kamancello,2022-01-29T12:50:25+00:00,Radiance,150791
Sarah Neufeld,2022-01-29T12:46:56+00:00,Forcelessness,135934
Clogs,2022-01-29T12:41:43+00:00,2:3:5,119327
David Crowell,2022-01-29T12:39:04+00:00,Echolocation,150529
Erlon Chaves,2022-01-29T12:35:05+00:00,Procura-se Uma Virgem - (Prefixo) Tema De Abertura,152344
Kelly Moran,2022-01-29T12:32:43+00:00,Freesia,148381
Glenn Kotche,2022-01-29T12:25:18+00:00,Wild Sound Part 4,154045
Kala Ramnath,2022-01-29T12:21:59+00:00,Aalap and Tarana,136308
Colin Stetson,2022-01-29T12:19:30+00:00,The Righteous Wrath of an Honorable Man,144596
Pamela Z,2022-01-29T12:11:08+00:00,The Schmetterling,159035
Laurie Spiegel,2022-01-29T12:01:22+00:00,Patchwork,131110
Evan Ziporyn,2022-01-29T14:58:37+00:00,Qi: Garden,151096
Oneohtrix Point Never,2022-01-29T20:57:18+00:00,Submersible,152803
Christopher Cerrone,2022-01-29T20:46:26+00:00,South Catalina,145364
Merrill Garbus,2022-01-29T20:40:44+00:00,Hatari,152908
Julianna Barwick,2022-01-29T20:37:11+00:00,One Half,148841
John Maus,2022-01-29T20:33:29+00:00,Maniac,152798
Johann Hieronymus Kapsburger,2022-01-29T20:31:25+00:00,Kapsburger,119324
Jerusalem In My Heart,2022-01-29T20:24:17+00:00,A Granular Buzuk,153505
Caroline Shaw,2022-01-29T20:22:19+00:00,Plan & Elevation: IV. The Orangery,154686
Schneider Kacirek,2022-01-29T20:17:12+00:00,Dust (feat. Sofia Jernberg),152404
Grouper,2022-01-29T20:12:30+00:00,Clearing,152402
Philip Glass,2022-01-29T20:04:19+00:00,Koyaanisqatsi: Vessels,129764
Osvaldo Golijov,2022-01-29T19:56:32+00:00,Mariel,104098
Gemma Peacocke,2022-01-29T19:52:07+00:00,Bees,154528
Nico Muhly,2022-01-29T19:49:03+00:00,I Drink the Air Before Me: Music Under Pressure 1 - Flute,118652
Onyx Ashanti,2022-01-29T19:42:04+00:00,Pulled and Twisted,152415
Glasser,2022-01-29T19:37:57+00:00,Home,153079
Poppy Ackroyd,2022-01-29T19:33:03+00:00,Quail,153636
itsnotyouitsme,2022-01-29T19:29:06+00:00,Kid Icarus,112673
Taylor Deupree & Marcus Fischer,2022-01-29T19:23:42+00:00,On Branches,152030
Brian Eno,2022-01-29T19:19:22+00:00,An Ending (Ascent),127443
Tim Hecker,2022-01-29T19:14:24+00:00,Violet Monumental I,146256
Olafur Arnalds,2022-01-29T19:08:20+00:00,re:member,153599
Julia Holter,2022-01-29T19:03:57+00:00,FuŚęr Felix,150065
Catrin Finch & Seckou Keita,2022-01-29T18:58:01+00:00,Hinna-Djulo,153513
Bing & Ruth,2022-01-29T18:52:05+00:00,TWTGA,148296
Jakub Ciupinski,2022-01-29T18:46:13+00:00,The Architect's Brother,125181
Nicolas Jaar,2022-01-29T18:41:58+00:00,Tourists,152405
Kara-Lis Coverdale,2022-01-29T18:37:32+00:00,Imgs/r,152479
Arooj Aftab,2022-01-29T18:29:49+00:00,Mohabbat,159027
Satoshi & Makoto,2022-01-29T18:26:50+00:00,Flour,151846
Torbjorn Omalm,2022-01-29T18:24:06+00:00,Ruija,148384
Vijay Iyer,2022-01-29T18:20:37+00:00,Augury,159025
Meredith Monk,2022-01-29T18:17:48+00:00,Quarry Weave,140798
Yasmin Williams,2022-01-29T18:12:29+00:00,Through the Woods,158511
A Winged Victory for the Sullen,2022-01-29T18:07:52+00:00,Steep Hills of Vicodin Tears,124022
Jon Hopkins,2022-01-29T18:01:45+00:00,Neon Pattern Drum,153373
C.J. Boyd & Sister Grotto,2022-01-29T17:54:45+00:00,Fratres (in heaven),153745
"Jon Hassell, Brian Eno",2022-01-29T17:51:16+00:00,Delta Rain Dream,152876
Fjola Evans,2022-01-29T17:40:41+00:00,Shoaling,152400
Angelica Negron,2022-01-29T17:34:33+00:00,Quimbombo,131973
Nils Frahm,2022-01-29T17:31:03+00:00,Keep,125894
Noveller,2022-01-29T17:26:30+00:00,A Pink Sunset For No One,152317
Foday Musa Suso,2022-01-29T17:22:08+00:00,Sunset,116867
Nik Bartsch's Ronin,2022-01-29T17:13:17+00:00,Modul 34,152662
Missy Mazzoli,2022-01-29T17:04:32+00:00,Still Life With Avalanche,130164
Johann Johannson,2022-01-29T17:01:25+00:00,Odi et Amo,152888
Laurel Halo,2022-01-29T16:55:51+00:00,Supersymmetry,153081
Ingram Marshall,2022-01-29T16:45:58+00:00,Fog Tropes,144166
Lambert,2022-01-29T16:42:47+00:00,Sweet Apocalpyse,148616
Ryuichi Sakamoto,2022-01-29T16:38:04+00:00,Bibo No Aozora,137777
France Jobin,2022-01-29T16:32:39+00:00,Graviton,152403
Eric Whitacre,2022-01-29T16:27:14+00:00,Sleep,119691
Osvaldo Golijov,2022-01-29T16:20:41+00:00,"Last Round, mvt. II: Lentissimo",148504
Mdou Moctar,2022-01-29T16:16:37+00:00,Taliat,158989
Arcade Fire,2022-01-29T16:13:18+00:00,Her: Loneliness #3,136812
Jakub Ciupinski,2022-01-29T16:01:11+00:00,Morning Tale,146965
Terry Riley,2022-01-29T15:50:41+00:00,Sunrise of the Planetary Dream Collector,137717
Hildigunnur Rúnarsdóttir,2022-01-29T15:45:49+00:00,Vocalise,116086
Glenn Kotche,2022-01-29T15:40:10+00:00,The Haunted mvt. 5 - Dance,137649
Steve Reich,2022-01-29T15:33:11+00:00,Electric Counterpoint: 1. Fast,128505
Tim Hecker,2022-01-29T15:29:58+00:00,Violet Monumental II,146257
Pariah,2022-01-29T15:23:01+00:00,Linnaea,152972
Jacob Collier,2022-01-29T15:16:12+00:00,In My Room,152396
Meredith Monk,2022-01-29T15:13:40+00:00,"Book of Days: Travellers 1,2,3",117111
Poppy Ackroyd,2022-01-29T15:08:25+00:00,Roads,142992
Marcos Balter,2022-01-29T22:54:09+00:00,Pessoa,135546
Threefifty,2022-01-29T22:47:27+00:00,Andromeda,148981
Meredith Monk,2022-01-29T22:43:25+00:00,Songs of Ascension: Spring Variation,123081
TootArd,2022-01-29T22:39:39+00:00,Bayati Blues,153503
Catrin Finch and Seckou Keita,2022-01-29T22:33:36+00:00,1677,152673
Jlin,2022-01-29T22:29:03+00:00,Erotic Heat,152411
Gavin Bryars,2022-01-29T22:20:30+00:00,BIPED: Part 4,148490
Dexter Story,2022-01-29T22:17:29+00:00,Eastern Prayer ft. Nia Andrews,150046
Arvo Part,2022-01-29T22:11:59+00:00,Da Pacem Domine,146897
Padma Newsome,2022-01-29T22:03:43+00:00,Sticks & Nails,119337
Ben Lukas Boysen,2022-01-29T21:59:13+00:00,Sleepers Beat Theme,152249
Les Halles,2022-01-29T21:52:23+00:00,First Distance,152498
Philip Glass,2022-01-29T21:45:44+00:00,"Einstein on the Beach: Trial 2, Prison (Ensemble)",144595
Clint Mansell,2022-01-29T21:39:29+00:00,High Rise: Danger in the Streets of the Sky,148597
Astor Piazzolla,2022-01-29T21:29:36+00:00,Tango Suite,100007
Kelly Moran,2022-01-29T21:27:35+00:00,Limonium,148382
Stuart Dempster,2022-01-29T21:17:55+00:00,Morning Light,152144
Jai Paul,2022-01-29T21:14:11+00:00,BTSTU,152441
Bill Frisell,2022-01-29T21:10:14+00:00,Pretty Stars,152313
Ólafur Arnalds,2022-01-29T21:06:57+00:00,Doria,148613
Tigran Hamasyan,2022-01-29T21:01:08+00:00,The Cave of Rebirth,152579
Greg Fox,2022-01-30T04:54:41+00:00,My House of Equalizing Predecessors,150275
Valgeir Sigurđsson,2022-01-30T04:52:32+00:00,Draumaland,129324
Terry Riley,2022-01-30T04:33:52+00:00,A Rainbow in Curved Air,134160
Jon Hassell,2022-01-30T04:27:43+00:00,Dreaming,152870
Thanya Iyer,2022-01-30T04:24:36+00:00,,152456
Christina Vantzou,2022-01-30T04:18:15+00:00,Remote Polyphony,153613
Julia Wolfe,2022-01-30T04:12:26+00:00,Reeling,142746
Vivian Fung,2022-01-30T04:08:24+00:00,Pizzicato for String Quartet,102976
Max P,2022-01-30T04:00:44+00:00,Cobra Anger,152944
Colleen,2022-01-30T03:55:50+00:00,Soul Alphabet,151622
Philip Glass,2022-01-30T03:49:05+00:00,The Grid,129598
Emilie Levienaise-Farrouch,2022-01-30T03:45:14+00:00,Scale of Volatility,148043
Amiina,2022-01-30T03:39:19+00:00,Crocodile,148391
Kevin Volans,2022-01-30T03:33:42+00:00,Walking Song,108823
Meredith Monk,2022-01-30T03:27:35+00:00,On Behalf of Nature: Spider Web Anthem,147108
Nils Frahm & Anne Müller,2022-01-30T03:22:17+00:00,Journey For A Traveller,154688
Little Women,2022-01-30T03:17:20+00:00,Throat I,152422
Esperanza Spalding,2022-01-30T03:11:09+00:00,formwela 2,158988
Trio Chemirani,2022-01-30T03:06:50+00:00,,159031
Osvaldo Golijov,2022-01-30T03:02:37+00:00,The Man Who Cried: Close Your Eyes,137772
David Byrne,2022-01-30T03:00:35+00:00,A Persecution Followed,114895
Steve Reich,2022-01-30T02:57:17+00:00,Electric Counterpoint: 2. Slow,109231
Lubomyr Melnyk,2022-01-30T02:49:07+00:00,Marginal Invitation,136466
Caroline Shaw,2022-01-30T02:44:20+00:00,Partita for Eight Voices: Sarabande,130428
John Luther Adams,2022-01-30T02:33:24+00:00,The Farthest Place,114257
Dmitry Evgrafov,2022-01-30T02:28:56+00:00,Consolation,153779
Mari Kimura,2022-01-30T02:25:31+00:00,Clone Barcarolle for Augmented Violin,119676
Julianna Barwick,2022-01-30T02:21:00+00:00,Someway,148835
Okkyung Lee,2022-01-30T02:14:22+00:00,The Crow Flew After Yi Sang,152418
David Lang,2022-01-30T02:04:07+00:00,Sunray,125076
Johann Johannsson,2022-01-30T02:02:07+00:00,The Theory of Everything: Forces of Attraction,148049
Penguin Cafe,2022-01-30T01:57:11+00:00,Moonbo,148789
Padma Newsome,2022-01-30T01:52:47+00:00,To Hugo,119571
Stella Chiweshe,2022-01-30T01:43:43+00:00,Ndabaiwa,151943
John Cage,2022-01-30T01:38:43+00:00,HPSCHD: Solo VII,152417
Amiina,2022-01-30T01:33:59+00:00,Sexfaldur,147781
Zoe Keating,2022-01-30T01:28:40+00:00,Nix,153473
Automatisme,2022-01-30T01:19:19+00:00,Simultanéité 4,146303
Stereolab,2022-01-30T01:14:24+00:00,The Flower Called Nowhere,152789
Devonte Hynes,2022-01-30T01:00:51+00:00,There Was Nothing,159018
Meredith Monk,2022-01-30T00:57:46+00:00,Ellis Island,154768
Michael Gordon,2022-01-30T00:48:59+00:00,Decasia (excerpt),159005
Gavin Bryars,2022-01-30T00:34:48+00:00,Jesus' Blood Never Failed Me Yet (excerpt),159034
Osvaldo Golijov,2022-01-30T00:29:06+00:00,Lúa Descolorida (Aria De Las Lágrimas De Pedro),159003
Julia Holter,2022-01-30T00:16:47+00:00,"Memory Drew Her Portrait (Live from Merkin Concert Hall on February 25, 2015)",141935
Kaki King,2022-01-30T00:13:35+00:00,Great Round Burn,158705
Kate Tempest,2022-01-30T00:07:42+00:00,Europe Is Lost (clean edit),152413
Ólafur Arnalds,2022-01-30T00:04:22+00:00,Near Light,148827
Yasmin Williams,2022-01-30T00:00:32+00:00,Juvenescence,158507
