artist,start_time,title,uid
Oumou Sangare,2022-01-11T11:58:48+00:00,Minata Waraba (Sampha Remix),151525
Philip Glass,2022-01-11T11:54:41+00:00,Satyagraha: Evening Song,149426
Paula Matthusen,2022-01-11T11:48:45+00:00,the ontology of an echo,150924
Pariah,2022-01-11T11:41:49+00:00,Linnaea,152972
Kate Moore,2022-01-11T11:32:28+00:00,Stories for Ocean Shells,146065
Hania Rani,2022-01-11T11:24:53+00:00,Spring,159047
Mind Over Mirrors,2022-01-11T11:15:17+00:00,Matchstick Grip,152200
Julia Kent,2022-01-11T11:10:41+00:00,Transportation,148621
MIA,2022-01-11T11:08:01+00:00,Galang (Trio Riot Version),159020
Aphex Twin,2022-01-11T11:04:16+00:00,Logon Rock Witch,119236
Shinya Fukumori,2022-01-11T11:01:22+00:00,For 2 Akis,151635
Noveller,2022-01-11T10:55:49+00:00,Deep Shelter,151688
David Lang,2022-01-11T10:51:35+00:00,Death Speaks: I am walking,133705
Shore,2022-01-11T10:45:39+00:00,A Hundred Times,153910
Daniel Wohl,2022-01-11T10:41:28+00:00,Limbs,146967
Nirmala Rajasekar - Maithree,2022-01-11T10:36:04+00:00,Mary O'Neil,153849
Osvaldo Golijov,2022-01-11T10:28:19+00:00,Radio,106939
Haron,2022-01-11T10:18:33+00:00,Lotuseter,152948
Strawberry Switchblade,2022-01-11T10:15:24+00:00,Since Yesterday,152185
Juana Molina,2022-01-11T10:10:31+00:00,Cosoco,151762
Jessie Montgomery,2022-01-11T10:07:40+00:00,Duo for Violin and Cello: III. Presto,159037
Nico Muhly,2022-01-11T09:59:40+00:00,Beaming Music,134743
Traditional Arabic,2022-01-11T09:56:32+00:00,Wa Habibi (Beloved),102444
Philip Glass,2022-01-11T09:43:51+00:00,"Powaqqatsi: Video Dream, New Cities in Ancient Lands",129722
Ryuichi Sakamoto,2022-01-11T09:39:48+00:00,Asnyc: Ubi,149273
Nils Frahm,2022-01-11T09:36:18+00:00,Keep,125894
Robert Een,2022-01-11T09:34:04+00:00,Censored,111799
Jakub Ciupinski,2022-01-11T09:28:12+00:00,The Architect's Brother,125181
Clogs,2022-01-11T09:22:59+00:00,2:3:5,119327
Sarah Davachi,2022-01-11T09:17:31+00:00,Evensong,153722
Luke Temple,2022-01-11T09:13:32+00:00,Hardest Working Self Made Mexican,152188
Laurie Spiegel,2022-01-11T09:03:46+00:00,Patchwork,131110
Trio Chemirani,2022-01-11T08:58:30+00:00,Synkathistos,153535
Meredith Monk,2022-01-11T08:53:03+00:00,Impermanence: Rocking,104658
Automatisme,2022-01-11T08:47:44+00:00,Transport 1,146298
Esmerine,2022-01-11T08:43:50+00:00,Translator's Clos I,153541
Missy Mazzoli,2022-01-11T08:39:08+00:00,Heartbreaker,145059
Caroline Shaw,2022-01-11T08:33:17+00:00,Partita for Eight Voices: Passacaglia,130418
Pierre Arvay,2022-01-11T08:30:23+00:00,Skyway,154123
John Zorn,2022-01-11T08:26:29+00:00,Kochot,154503
Kelly Moran,2022-01-11T08:24:06+00:00,Freesia,148381
Hildigunnur Rúnarsdóttir,2022-01-11T08:19:14+00:00,Vocalise,116086
Lotic,2022-01-11T08:15:39+00:00,Hunted,152187
Kala Ramnath,2022-01-11T08:12:29+00:00,Aalap and Tarana,136308
Philip Glass,2022-01-11T08:06:05+00:00,Glassworks: 1. Opening,148583
Holly Herndon,2022-01-11T08:00:55+00:00,An Exit,153258
Blonde Redhead,2022-01-11T07:54:49+00:00,In Particular,152258
Shara Nova,2022-01-11T07:50:52+00:00,From the Invisible to the Visible,133130
Matt McBane,2022-01-11T07:45:55+00:00,Ride,121399
Torbjorn Omalm,2022-01-11T07:41:22+00:00,Huhta,148385
Jace Clayton,2022-01-11T07:36:26+00:00,Lethe's Children,150921
Devonte Hynes (Blood Orange),2022-01-11T07:31:55+00:00,Palo Alto: Fred Drives,148795
Nico Muhly,2022-01-11T07:27:21+00:00,Quiet Music,107764
Kaki King,2022-01-11T07:22:49+00:00,Teek,158703
Ital Tek,2022-01-11T07:19:08+00:00,Aquamarine,152176
Aphex Twin,2022-01-11T07:16:41+00:00,Jynweythek Ylow,119245
Masayoshi Fujita,2022-01-11T07:12:16+00:00,It's Magical,152665
Philip Miller,2022-01-11T07:05:44+00:00,9 Drawings for Projection: Weighing and Wanting,115279
Johann Johannsson,2022-01-11T07:02:38+00:00,Odi et Amo,120002
Gwenifer Raymond,2022-01-11T06:55:43+00:00,Strange Lights Over Garth Mountain,158697
Okkyung Lee,2022-01-11T06:52:16+00:00,Yellow River,128112
Abel Selaocoe,2022-01-11T06:46:58+00:00,Eastern Bells ft Beka Reid & Seth Sutton,158694
Thomas Newman,2022-01-11T06:43:31+00:00,Unstrung Heroes: Is Unstrung,137082
Kirsten Volness,2022-01-11T06:36:29+00:00,Alone Together,158670
Wally Gunn,2022-01-11T06:31:14+00:00,The Beginning And,142557
Steve Tibbetts,2022-01-11T06:26:52+00:00,Life Of Dot,152734
Jean Grae & Quelle Chris,2022-01-11T06:21:56+00:00,My Contribution to This Scam,152199
David Lang,2022-01-11T06:11:40+00:00,Sunray,125076
Philip Glass,2022-01-11T06:02:51+00:00,Akhnaten: Funeral,129602
Aphex Twin,2022-01-11T13:59:03+00:00,Avril 14th,148041
Bing & Ruth,2022-01-11T13:52:26+00:00,The Towns We Love Is Our Own,144592
Esmerine,2022-01-11T13:46:35+00:00,19/14,153543
Blackwater,2022-01-11T13:40:15+00:00,Istanbul,152966
Dawn of Midi,2022-01-11T13:34:13+00:00,Io,153542
Philip Glass,2022-01-11T13:31:16+00:00,"String Quartet No. 3, ""Mishima,"" mvt. V: Mishima/Closing",148512
Daniel Herskedal,2022-01-11T13:25:48+00:00,The Roc,153540
L'Rain,2022-01-11T13:18:28+00:00,Which Fork / I'll Be,152206
Cornelius Dufallo,2022-01-11T13:14:57+00:00,Violin Loop I,127567
Lubomyr Melnyk,2022-01-11T13:07:44+00:00,Requiem For A Fallen Tree,154302
Nicholas Cords,2022-01-11T13:00:31+00:00,Five Migrations,133525
Jenny Hval,2022-01-11T12:56:54+00:00,Female Vampire,151790
Joep Beving,2022-01-11T12:51:33+00:00,Hanging D,153537
Ryuichi Sakamoto,2022-01-11T12:47:52+00:00,Async: Stakra,149272
Collectress,2022-01-11T12:44:23+00:00,Woodenheart,153536
Laurie Spiegel,2022-01-11T12:38:57+00:00,Appalachian Grove I,131155
Caroline Shaw,2022-01-11T12:36:59+00:00,Plan & Elevation: IV. The Orangery,154686
Jim Fox,2022-01-11T12:34:17+00:00,Colorless sky became fog,131060
John Zorn,2022-01-11T12:31:20+00:00,Bikkurim,154502
Tennyson,2022-01-11T12:27:11+00:00,Like What,152205
Penguin Cafe,2022-01-11T12:24:18+00:00,(The Roaring of A) Silent Sun,148788
Steve Reich,2022-01-11T12:17:19+00:00,Electric Counterpoint: 1. Fast,128505
Angelica Negron,2022-01-11T12:12:40+00:00,Remando en el Mismo Lugar,118470
Kalbells ft. Ryan Power,2022-01-11T12:08:00+00:00,Craving Art Droplets,151766
Issam Rafea and Gao Hong,2022-01-11T12:03:34+00:00,Chasing Butterflies,153531
Julia Wolfe,2022-01-11T14:58:18+00:00,Anthracite Fields: Flowers,144117
John Adams,2022-01-11T20:56:37+00:00,Hallelujah Junction,130273
Philip Glass,2022-01-11T20:50:23+00:00,Akhnaten: Hymn To The Sun,149427
Vijay Iyer,2022-01-11T20:44:06+00:00,Far From Over,152724
Eluvium,2022-01-11T20:40:39+00:00,Amreik,152250
Jherek Bischoff,2022-01-11T20:35:17+00:00,Headless,146224
Jennifer Jolley,2022-01-11T20:32:04+00:00,"Prisoner of Conscience, V. Police and Thieves",152385
Johann Johannsson,2022-01-11T20:27:15+00:00,Sicario: Melancholia,147662
Carla dal Forno,2022-01-11T20:22:46+00:00,Clusters,152611
Arvo Part,2022-01-11T20:12:41+00:00,Tabula rasa: Ludus,115837
Michel van der Aa,2022-01-11T20:04:08+00:00,Violin concerto Mvmt. 3,143461
Gossamer,2022-01-11T19:59:53+00:00,III. Encounter,153089
Glenn Kotche,2022-01-11T19:52:21+00:00,Wild Sound Part 4,154045
David Crowell,2022-01-11T19:48:32+00:00,Poly Rush,150530
Oliver Coates,2022-01-11T19:43:01+00:00,Sky with Four Moons,153209
Henrique Eisenmann,2022-01-11T19:34:40+00:00,Jeneupti,153530
Helios,2022-01-11T19:29:39+00:00,Nothing It Can,152255
Kate NV,2022-01-11T19:24:59+00:00,yxo EAR,153171
Steve Reich,2022-01-11T19:18:52+00:00,Dance Patterns,123453
Jenny Hval,2022-01-11T19:14:38+00:00,Mephisto In The Water,151832
Ellen Arkbro,2022-01-11T19:02:14+00:00,For Organ and Brass,152110
Masayoshi Fujita,2022-01-11T18:58:10+00:00,Spaceship Magical,153021
Samora Pinderhughes,2022-01-11T18:49:45+00:00,History,151629
"Daniel Wohl, recomposer",2022-01-11T18:43:15+00:00,Extra Pressure (Remix of Partita by Caroline Shaw),152714
Dirty Projectors,2022-01-11T18:39:28+00:00,On the Beach,152078
Dustin O'Halloran,2022-01-11T18:37:19+00:00,"An Ending, A Beginning",152251
Louis Andriessen,2022-01-11T18:31:21+00:00,Bells For Haarlem,109033
Zoe Keating,2022-01-11T18:27:28+00:00,Icefloe,153470
Federico Durand,2022-01-11T18:19:34+00:00,Lluvia de estrellas,152254
Nico Muhly,2022-01-11T18:11:30+00:00,Pillaging Music,103954
Philip Glass,2022-01-11T18:03:16+00:00,Piano Concerto No. 3: Movement I,152053
Kaitlyn Aurelia Smith,2022-01-11T17:59:59+00:00,Riparian,153895
LEYA,2022-01-11T17:55:53+00:00,666,151877
David Lang,2022-01-11T17:43:06+00:00,Just (After Song of Songs),151804
Colleen,2022-01-11T17:39:38+00:00,Humming Fields,153894
Johann Johannsson,2022-01-11T17:33:12+00:00,Flight from the City,147948
Caroline Shaw,2022-01-11T17:24:13+00:00,in manus tuas,149480
Olafur Arnalds,2022-01-11T17:20:22+00:00,ypsilon,153601
Einojuhani Rautavaara,2022-01-11T17:11:54+00:00,Divertimento,111278
Steve Reich,2022-01-11T17:07:18+00:00,Duet,106562
Greg Haines,2022-01-11T16:59:57+00:00,The Spin,152246
Paola Prestini,2022-01-11T16:53:28+00:00,Sounds: Last Hymn,113129
David Crowell,2022-01-11T16:50:49+00:00,Echolocation,150529
Aphex Twin,2022-01-11T16:45:51+00:00,Next Heap With,148039
Laurie Anderson,2022-01-11T16:38:57+00:00,Let X=X/It Tango,126279
Gwenifer Raymond,2022-01-11T16:32:43+00:00,Eulogy for Dead French Composer,158698
Jon Hopkins,2022-01-11T16:25:43+00:00,C O S M,153376
Fiona Brice,2022-01-11T16:21:14+00:00,Berlin,152121
Meredith Monk,2022-01-11T16:13:19+00:00,Book of Days: Madwoman's Vision,117122
Qasim Naqvi,2022-01-11T16:11:43+00:00,Aligned,150253
Dan Deacon,2022-01-11T16:06:51+00:00,Rat Film: Horn Phase,153353
Moses Sumney,2022-01-11T16:03:45+00:00,Worth It,153855
Felicia Atkinson,2022-01-11T15:56:56+00:00,Valis,152196
Osvaldo Golijov,2022-01-11T15:53:53+00:00,Youth Without Youth: Farewell,103665
Sufjan Stevens,2022-01-11T15:49:47+00:00,The Human Plague,139730
Dustin O'Halloran,2022-01-11T15:46:47+00:00,Requiem for the Static King: Part One,124019
Philip Glass,2022-01-11T15:43:18+00:00,Modern Love Waltz,103937
Christine Delphine Hedden,2022-01-11T15:38:05+00:00,Kitchen Dance,154664
Julianna Barwick,2022-01-11T15:33:54+00:00,Pyrrhic,148842
Aleksandra Vrebalov,2022-01-11T15:31:38+00:00,The Sea Ranch Songs: Fort Ross Chorale,146787
John Zorn,2022-01-11T15:28:18+00:00,Femina: Part 4,111674
Clogs,2022-01-11T15:25:38+00:00,5/4,119326
Ryuichi Sakamoto,2022-01-11T15:21:45+00:00,Reversing,114099
Steve Reich,2022-01-11T15:17:40+00:00,Radio Rewrite: 1. Fast,149071
Lucrecia Dalt,2022-01-11T15:12:45+00:00,Tar,152192
Kate Moore,2022-01-11T15:08:46+00:00,Mystic Trumpeter,121274
Explosions in the Sky,2022-01-11T15:05:05+00:00,"So Long, Lonesome",149010
Marcus Fischer & Simon Scott,2022-01-11T22:51:49+00:00,Thorns,153857
Olafur Arnalds,2022-01-11T22:48:34+00:00,partial,153602
Sarah Neufeld,2022-01-11T22:43:44+00:00,Chase the Bright and Burning,147782
The Books,2022-01-11T22:39:27+00:00,It Never Changes to Stop,122314
Caleb Burhans,2022-01-11T22:33:50+00:00,Remembrance,146528
Colleen,2022-01-11T22:23:07+00:00,Everything Lay Still,134720
Hauschka,2022-01-11T22:18:58+00:00,Constant Growth Fails,148317
Silvia Kastel,2022-01-11T22:14:35+00:00,Heart 2 Tape,152259
Holly Herndon,2022-01-11T22:09:58+00:00,Interference,153252
Explosions in the Sky,2022-01-11T22:03:40+00:00,Landing Cliffs,149006
Lubomyr Melnyk,2022-01-11T21:50:34+00:00,Nightrail From The Sun,132095
De Leon,2022-01-11T21:46:04+00:00,B1,151918
Goran Bregovic,2022-01-11T21:40:52+00:00,Underground Tango,153808
Erland Dahlen,2022-01-11T21:33:44+00:00,Wood,152657
Steve Reich,2022-01-11T21:22:27+00:00,Tehillim: Part 1,147586
Shinichi Atobe,2022-01-11T21:12:26+00:00,Regret,151788
Steve Reich,2022-01-11T23:58:16+00:00,Electric Counterpoint: 3. Fast,135253
Nils Frahm,2022-01-12T04:59:33+00:00,Said and Done,116415
David Lang,2022-01-12T04:56:44+00:00,Light Moving,136237
Penguin Cafe,2022-01-12T04:52:03+00:00,Moonbo,148789
Emilie Simon,2022-01-12T04:48:47+00:00,Baby Penguins,151895
Thom Yorke,2022-01-12T04:45:25+00:00,Suspirium,153646
Marc Mellits,2022-01-12T04:42:46+00:00,Smoke: Movement 6,153228
Valgeir Sigurđsson,2022-01-12T04:39:00+00:00,Dreamland,117379
Geomungo Factory,2022-01-12T04:33:34+00:00,"Sky, Wind, Star and Poem",152321
Quest Ensemble,2022-01-12T04:27:45+00:00,Drops,158428
Ólafur Arnalds,2022-01-12T04:24:15+00:00,Another Happy Day: Poland,136808
Echo Collective,2022-01-12T04:19:29+00:00,Inflection Point,158343
Tyondai Braxton,2022-01-12T04:14:02+00:00,The Duck and the Butcher,109845
Nico Muhly,2022-01-12T04:06:41+00:00,Flexible Music,110746
Errollyn Wallen,2022-01-12T04:00:40+00:00,Pace,158336
Oneohtrix Point Never,2022-01-12T03:57:31+00:00,Problem Areas,149999
Junior Cepeda / arr. Angelique Kidjo,2022-01-12T03:52:49+00:00,Quimbara,159028
Massive Attack,2022-01-12T03:50:17+00:00,Danny the Dog: Two Rocks and a Cup of Water,136931
Laraaji,2022-01-12T03:43:02+00:00,Through Luminous Eyes 1,158331
Dexter Story,2022-01-12T03:40:02+00:00,Eastern Prayer ft. Nia Andrews,150046
Hite,2022-01-12T03:35:26+00:00,Light,152285
Philip Glass,2022-01-12T03:31:57+00:00,"String Quartet No. 3, ""Mishima"": I. 1957: Award Montage",148183
Zeena Parkins,2022-01-12T03:27:24+00:00,Coda,152268
Brandee Younger & Dezron Douglas,2022-01-12T03:22:20+00:00,Toilet Paper Romance,158328
Yves Tumor,2022-01-12T03:19:20+00:00,The Feeling When You Walk Away,152801
Stella Chiweshe,2022-01-12T03:10:16+00:00,Ndabaiwa,151943
Scott Lee,2022-01-12T03:06:17+00:00,Through the Mangrove Tunnels,158327
Meredith Monk,2022-01-12T03:02:15+00:00,Songs of Ascension: Spring Variation,123081
Maisha,2022-01-12T02:50:17+00:00,Osiris,153913
Mary Lattimore,2022-01-12T02:46:45+00:00,Hello From the Edge of the Earth,153546
Harold Budd & Robin Guthrie,2022-01-12T02:40:50+00:00,Perfect Fire,158325
Henrique Eisenmann,2022-01-12T02:34:08+00:00,Sarabande No. 2,153533
Latasha,2022-01-12T02:30:53+00:00,Sumpn,152284
Tim Hecker,2022-01-12T02:27:40+00:00,Violet Monumental II,146257
Zoe Keating,2022-01-12T02:22:43+00:00,Forte,153471
Marc Mellits,2022-01-12T02:19:19+00:00,Smoke: Movement 3,153225
Kaki King,2022-01-12T02:14:24+00:00,Goodchild,158702
Valgeir Sigurđsson,2022-01-12T02:12:16+00:00,Draumaland,129324
Oliver Coates,2022-01-12T02:07:29+00:00,Sky with Nameless Colors,153211
David Lang,2022-01-12T01:57:17+00:00,increase,151712
Jeremy Dutcher,2022-01-12T01:53:22+00:00,Ultestakon,153914
Rahim AlHaj,2022-01-12T01:46:47+00:00,A Gift From a Sufi Soul,152831
Emily Glass,2022-01-12T01:44:08+00:00,Gentle Sanctuary,153798
Philip Glass,2022-01-12T01:36:36+00:00,Metamorphosis Two: Flowing,132381
Morton Feldman,2022-01-12T01:30:03+00:00,Piano Piece 1952 (Version 2),152264
Kate NV,2022-01-12T01:25:47+00:00,??? bug,153177
Kaitlyn Aurelia Smith,2022-01-12T01:21:08+00:00,First Flight,148139
The Dreebs,2022-01-12T01:17:21+00:00,De Beers,152932
William Basinski,2022-01-12T01:10:55+00:00,Melancholia II,152112
Sarah Neufeld,2022-01-12T01:07:25+00:00,Forcelessness,135934
Jon Hassell,2022-01-12T01:00:51+00:00,Secretly Happy,152885
Nils Frahm,2022-01-12T00:53:49+00:00,A Place,150532
Daniel Palkowski,2022-01-12T00:46:10+00:00,Asana Suite: OpeningMantra,154612
Caleb Burhans,2022-01-12T00:38:41+00:00,Keymaster,119350
Jane Antonia Cornish,2022-01-12T00:36:08+00:00,Into Silence II,151143
John Adams,2022-01-12T00:23:49+00:00,Sri Moonshine,131687
Machine Woman,2022-01-12T00:18:09+00:00,Liquid Metal,152262
Arvo Part,2022-01-12T00:10:32+00:00,Spiegel im Spiegel (Mirror in the Mirror),101557
Son Lux,2022-01-12T00:02:55+00:00,Beautiful Mechanical,123107
