artist,start_time,title,uid
Sam Gendel,2022-01-17T05:57:56+00:00,East LA Haze Dream,154101
Anna Thorvaldsdottir,2022-01-17T15:01:02+00:00,Trajectories,140892
Vessel,2022-01-17T11:57:51+00:00,Arcanum (For Christalla),154494
"Marino Zuccheri, Renzo Dali'Oglio",2022-01-17T11:51:40+00:00,"Plastico (For Magnetic Tape, 1961)",153019
Missy Mazzoli,2022-01-17T11:46:58+00:00,Heartbreaker,145059
Jessica Meyer,2022-01-17T11:43:19+00:00,Getting Home (I Must Be...),142903
Erland Dahlen,2022-01-17T11:35:57+00:00,Wood,152657
Anna Meredith,2022-01-17T11:31:00+00:00,Paramour,159014
Haley Heynderickx,2022-01-17T11:27:12+00:00,The Bug Collector,151825
Mark O'Connor,2022-01-17T11:21:25+00:00,Appalachia Waltz,137775
Explosions in the Sky & David Wingo,2022-01-17T11:17:40+00:00,Prince Avalanche: An Old Peasant Like Me,136829
Steve Reich,2022-01-17T10:09:48+00:00,Music for 18 Musicians,112095
Brian Eno,2022-01-17T10:05:29+00:00,An Ending (Ascent),127443
Ryuichi Sakamoto,2022-01-17T10:01:35+00:00,Reversing,114099
Catrin Finch & Seckou Keita,2022-01-17T09:55:39+00:00,Hinna-Djulo,153513
F Ingers,2022-01-17T09:49:54+00:00,All Rolled Up,153185
Julianna Barwick,2022-01-17T09:45:43+00:00,Pyrrhic,148842
The Hands Free,2022-01-17T09:40:50+00:00,It's She,152000
Dustin O'Halloran,2022-01-17T09:37:55+00:00,Requiem for the Static King: Part One,124019
Elena Kats-Chernin,2022-01-17T09:33:26+00:00,Dance of the Paper Umbrellas,154885
Arooj Aftab,2022-01-17T09:25:44+00:00,Mohabbat,159027
Bing & Ruth,2022-01-17T09:19:07+00:00,The Towns We Love Is Our Own,144592
Vijay Iyer,2022-01-17T09:15:38+00:00,Augury,159025
Yves Tumor,2022-01-17T09:10:34+00:00,Economy of Freedom,154176
Julia Wolfe,2022-01-17T08:57:54+00:00,Protest,159004
Tim Hecker,2022-01-17T08:54:40+00:00,Violet Monumental II,146257
Osvaldo Golijov,2022-01-17T08:48:26+00:00,Wa Habibi,159002
Shy Layers,2022-01-17T08:45:02+00:00,Midnight Marker,153087
Francois Couturier,2022-01-17T08:40:40+00:00,Fantasia,148388
"Jon Hassell, Brian Eno",2022-01-17T08:37:11+00:00,Delta Rain Dream,152876
Kjartan Sveinsson,2022-01-17T08:28:54+00:00,Teil I,147473
Tsembla,2022-01-17T08:24:06+00:00,Penumbra,152502
Kaki King,2022-01-17T08:20:54+00:00,Great Round Burn,158705
Cornelius Dufallo,2022-01-17T08:17:23+00:00,Violin Loop I,127567
Yasmin Williams,2022-01-17T08:13:33+00:00,Juvenescence,158507
Visible Cloaks,2022-01-17T08:07:46+00:00,Mask,151124
Stella Chiweshe,2022-01-17T08:02:55+00:00,Nehondo,154800
Philip Glass,2022-01-17T07:54:28+00:00,Satyagraha,106273
Jessie Montgomery,2022-01-17T07:47:35+00:00,Strum,153749
Hampshire & Foat,2022-01-17T07:43:21+00:00,Jasmine,153012
Nicholas Cords,2022-01-17T07:36:23+00:00,Five Migrations,133525
Makaya McCraven,2022-01-17T07:27:13+00:00,Atlantic Black,153719
Ryuichi Sakamoto,2022-01-17T07:23:17+00:00,Async: Stakra,149272
Mdou Moctar,2022-01-17T07:16:58+00:00,Sousoume Tamachek,152322
Ben Lukas Boysen,2022-01-17T07:12:28+00:00,Sleepers Beat Theme,152249
Jim Fox,2022-01-17T07:09:47+00:00,Colorless sky became fog,131060
Stuart Dempster,2022-01-17T07:00:06+00:00,Morning Light,152144
Agnes Obel,2022-01-17T06:54:33+00:00,Fuel to Fire,148442
Christopher Cerrone,2022-01-17T06:43:42+00:00,South Catalina,145364
Steve Reich,2022-01-17T06:37:49+00:00,"Tehillim: II: Psalm 34: 13-15 ""Mihaish heychahfaytz chayyim""",152790
DJ Richard,2022-01-17T06:20:25+00:00,Dies Irae Xerox,153011
Kate Moore,2022-01-17T06:11:04+00:00,Stories for Ocean Shells,146065
Bing & Ruth,2022-01-17T06:03:06+00:00,Rails,148295
Giant Claw,2022-01-17T13:58:02+00:00,Soft Channel 002,153187
Olafur Arnalds,2022-01-17T13:54:48+00:00,partial,153602
Anna Thorvaldsdottir,2022-01-17T13:41:16+00:00,Aeriality,140890
Kaitlyn Aurelia Smith,2022-01-17T13:37:58+00:00,Riparian,153895
Padma Newsome,2022-01-17T13:31:30+00:00,Beating Stick,119338
Julia Holter,2022-01-17T13:26:05+00:00,Marienbad,148298
Einojuhani Rautavaara,2022-01-17T13:17:36+00:00,Divertimento,111278
Okkyung Lee,2022-01-17T13:11:27+00:00,One Hundred Years Old Rain (The Same River Twice),128102
Elena Kats-Chernin,2022-01-17T13:08:00+00:00,Blue Rose,158585
Yasmin Williams,2022-01-17T13:02:17+00:00,After the Storm,158514
Jon Hopkins,2022-01-17T12:55:17+00:00,C O S M,153376
Makaya McCraven,2022-01-17T12:52:20+00:00,Black Lion,153720
John Coltrane,2022-01-17T12:43:37+00:00,Untitled Original 11386 - Take 5,153015
Dan Deacon,2022-01-17T12:38:45+00:00,Rat Film: Horn Phase,153353
Arvo Part,2022-01-17T12:36:33+00:00,Fur Alina,145540
Osvaldo Golijov,2022-01-17T12:33:15+00:00,Youth Without Youth: Farewell,103665
Vula Viel,2022-01-17T12:29:12+00:00,Fire,154611
Aphex Twin,2022-01-17T12:25:23+00:00,Fingerbib,148040
Holly Herndon,2022-01-17T12:20:46+00:00,Interference,153252
Marcos Balter,2022-01-17T12:15:01+00:00,Bladed Stance,139719
Tropic of Cancer,2022-01-17T12:07:52+00:00,I Woke Up and the Storm Was Over,152267
Nico Muhly,2022-01-17T12:04:48+00:00,I Drink the Air Before Me: Music Under Pressure 1 - Flute,118652
Kate Moore,2022-01-17T12:00:48+00:00,Mystic Trumpeter,121274
Samora Pinderhughes,2022-01-17T20:59:48+00:00,History,151629
Richard Reed Parry,2022-01-17T20:54:38+00:00,The Brief and Neverending Blur,150926
Loose Fur,2022-01-17T20:46:51+00:00,Chinese Apple,154156
Zoe Keating,2022-01-17T20:40:51+00:00,Legions (War),121217
Jane Antonia Cornish,2022-01-17T20:38:18+00:00,Into Silence II,151143
Molly Joyce,2022-01-17T20:31:11+00:00,Lean Back And Release,151553
Kyle Dixon & Michael Stein,2022-01-17T20:29:42+00:00,Stranger Things,154061
Paola Prestini,2022-01-17T20:23:13+00:00,Sounds: Last Hymn,113129
Osvaldo Golijov,2022-01-17T20:15:41+00:00,Mariel,104098
Scott Lee,2022-01-17T20:11:27+00:00,Through the Mangrove Tunnels,158327
Third Coast Percussion,2022-01-17T20:07:50+00:00,Paddle to the Sea: Thaw,151015
Laurie Anderson,2022-01-17T20:02:35+00:00,Hiawatha,103764
Nico Muhly,2022-01-17T19:58:00+00:00,Quiet Music,107764
Angel Deradoorian,2022-01-17T19:49:44+00:00,Return-Transcend,151789
Tunde Jegede,2022-01-17T19:41:59+00:00,Song of the Waterfall,148983
Steve Reich,2022-01-17T19:37:56+00:00,Quartet: II. Slow,151881
Benjamin Louis Brody + Ian Chang,2022-01-17T19:33:34+00:00,ASMR II,158326
Kara-Lis Coverdale,2022-01-17T19:30:04+00:00,Touch me & die,151239
Holly Herndon,2022-01-17T19:24:35+00:00,Unequal,153254
Caroline Shaw,2022-01-17T19:15:37+00:00,Taxidermy,158322
Valgeir Sigurđsson,2022-01-17T19:13:29+00:00,Draumaland,129324
Errollyn Wallen,2022-01-17T19:07:13+00:00,Pace,158336
Margarita Lecuona,2022-01-17T19:03:58+00:00,Tabu,137736
Poppy Ackroyd,2022-01-17T18:59:04+00:00,Quail,153636
Laraaji,2022-01-17T18:51:49+00:00,Through Luminous Eyes 1,158331
Meredith Monk,2022-01-17T18:47:28+00:00,Facing North: Hocket,152537
Yoshio Machida,2022-01-17T18:43:25+00:00,Valley of Wind,128201
Glenn Kotche,2022-01-17T18:36:01+00:00,Wild Sound Part 4,154045
Brandee Younger & Dezron Douglas,2022-01-17T18:31:07+00:00,Toilet Paper Romance,158328
Hatis Noit,2022-01-17T18:23:15+00:00,Illogical Lullaby,153606
Ian Gottlieb,2022-01-17T18:18:18+00:00,Threading Light: I,153204
Marc Mellits,2022-01-17T18:15:09+00:00,Smoke: Movement 3,153225
Olafur Arnalds,2022-01-17T18:10:26+00:00,ekki hugsa,153604
Oliver Coates,2022-01-17T18:05:31+00:00,Sky with Nameless Colors,153211
Jenny Hval,2022-01-17T18:02:04+00:00,The Seer,150062
David Crowell,2022-01-17T17:58:21+00:00,Green Arrow,150066
Emily Glass,2022-01-17T17:55:43+00:00,Gentle Sanctuary,153798
Steve Reich,2022-01-17T17:52:14+00:00,Music for 18 Musicians: Pulses,148866
Public Service Broadcasting,2022-01-17T17:49:23+00:00,The Race for Space,150059
Jónsi & Alex,2022-01-17T17:42:03+00:00,Atlas Song,120080
Shida Shahabi,2022-01-17T17:39:09+00:00,Flora,153799
Zoe Keating,2022-01-17T17:34:05+00:00,Don't Worry,121233
Nguzunguzu,2022-01-17T17:29:55+00:00,Skycell,153202
Jon Hassell,2022-01-17T17:23:21+00:00,Secretly Happy,152885
Nico Muhly,2022-01-17T17:18:42+00:00,Comfortable Cruising Altitude,150923
Kate NV,2022-01-17T17:14:10+00:00,??? bug,153177
Sarah Davachi,2022-01-17T17:05:38+00:00,Auster,154189
Cameron Britt,2022-01-17T17:00:00+00:00,Gossamer Albatross,119352
The Dreebs,2022-01-17T16:56:27+00:00,De Beers,152932
Peter Gregson,2022-01-17T16:51:24+00:00,Time,143783
Rafiq Bhatia,2022-01-17T16:46:23+00:00,Open Spaces;  Open Minds,150057
Arvo Part,2022-01-17T16:37:31+00:00,Wallfahrtslied (Pilgrim's Song),115839
Oneohtrix Point Never,2022-01-17T16:34:03+00:00,Power of Persuasion,152094
Meredith Monk,2022-01-17T16:32:02+00:00,Impermanence: Maybe 1,112757
Hatchie,2022-01-17T16:27:05+00:00,Bad Guy,153191
Orlando,2022-01-17T16:24:52+00:00,From Memory,151924
Yasmin Williams,2022-01-17T16:19:50+00:00,Urban Driftwood (ft. Amadou Kouyate),158513
Colleen,2022-01-17T16:08:52+00:00,Everything Lay Still,134720
Nicole Lizee,2022-01-17T16:03:43+00:00,Jupiter Moon Menace,119233
Osvaldo Golijov,2022-01-17T15:57:10+00:00,"Last Round, mvt. II: Lentissimo",148504
Kate Bush,2022-01-17T15:54:01+00:00,Mother Stands For Comfort,152175
Nora Morrow,2022-01-17T15:47:40+00:00,Rose Moon,155627
Bobby Previte,2022-01-17T15:40:28+00:00,Casting Off,151126
Philip Glass,2022-01-17T15:34:50+00:00,Madeira River,151003
Julia Wolfe,2022-01-17T15:28:12+00:00,Anthracite Fields: Flowers,144117
Daniel Wohl,2022-01-17T15:23:39+00:00,Neighborhood,134470
Not Waving,2022-01-17T15:19:34+00:00,Where Are We (feat. Marie Davidson),153189
Ryuichi Sakamoto,2022-01-17T15:15:32+00:00,Asnyc: Ubi,149273
Anna Thorvaldsdottir,2022-01-17T15:01:02+00:00,Trajectories,140892
Bora Yoon,2022-01-17T22:59:34+00:00,Sons Nouveaux,117133
Du Yun,2022-01-17T22:54:10+00:00,When a Tiger Meets a Rosa Rugosa,136236
Mary Lattimore,2022-01-17T22:46:39+00:00,Never Saw Him Again,152812
Shara Nova,2022-01-17T22:44:31+00:00,"A Paper, a pen, a note to a friend",123112
Marc Ribot,2022-01-17T22:40:26+00:00,Your Turn,154213
Nico Muhly,2022-01-17T22:32:22+00:00,Pillaging Music,103954
Ann Southam,2022-01-17T22:28:56+00:00,Glass Houses #1,142972
Marc Mellits,2022-01-17T22:26:52+00:00,Smoke: Movement 2,153224
Anna Thorvaldsdottir,2022-01-17T22:20:48+00:00,Aura,151102
Carolyn Yarnell,2022-01-17T22:13:13+00:00,Lapis Lazuli,108955
Oliver Coates,2022-01-17T22:07:42+00:00,Sky with Four Moons,153209
Philip Glass,2022-01-17T22:04:45+00:00,Japura River,151001
L/F/D/M,2022-01-17T21:59:59+00:00,Texan Flower Girl,154151
Max Richter,2022-01-17T21:54:30+00:00,Black Mirror: The Consolations of Philosophy,148617
Kate NV,2022-01-17T21:49:50+00:00,yxo EAR,153171
Vijay Iyer,2022-01-17T21:42:00+00:00,Dig The Say,140039
Booker Stardrum,2022-01-17T21:35:48+00:00,Five Finger Cloud,154099
Louis Andriessen,2022-01-17T21:29:50+00:00,Bells For Haarlem,109033
Steve Reich,2022-01-17T21:20:17+00:00,Vermont Counterpoint,135545
Jenny Hval,2022-01-17T21:16:08+00:00,Mephisto In The Water,151832
DRINKS,2022-01-17T21:13:05+00:00,Blue From the Dark,154179
Marcelo Zarvos,2022-01-17T21:08:12+00:00,Nepomuk's Dances: Arrival,130289
Thom Yorke,2022-01-18T04:57:34+00:00,The Universe Is Indifferent,154051
Masayoshi Fujita,2022-01-18T04:53:10+00:00,It's Magical,152665
Rachel's,2022-01-18T04:46:52+00:00,Water from the Same Source,152797
Tomaga,2022-01-18T04:42:15+00:00,The Inexorable Sadness of Pencils,152658
Ava Luna,2022-01-18T04:38:01+00:00,Centerline,154452
Ben Frost,2022-01-18T04:35:09+00:00,Meg Ryan Eyez,152786
Poppy Ackroyd,2022-01-18T04:30:54+00:00,Resolve,153661
Brian Eno,2022-01-18T04:26:33+00:00,Needle Click,152752
Conrad Tao,2022-01-18T04:24:27+00:00,vestiges: upon ripping perforated pages,134731
Ex Easter Island Head,2022-01-18T04:20:46+00:00,Ten Bells,152656
Dedekind Cut,2022-01-18T04:15:46+00:00,Tahoe,152585
Metá Metá,2022-01-18T04:07:49+00:00,Logun,152651
Son Lux,2022-01-18T04:05:40+00:00,To Love,143698
Delia Gonzalez,2022-01-18T03:59:31+00:00,In Through The Light,152113
Max Richter,2022-01-18T03:54:53+00:00,Space 21,145185
Sons of Kemet,2022-01-18T03:48:21+00:00,My Queen is Angela Davis,151934
Roger Waters,2022-01-18T03:43:17+00:00,Wait For Her,153824
Graham Fitkin,2022-01-18T03:33:27+00:00,Stub,139275
Padma Newsome,2022-01-18T03:27:23+00:00,Pencil Stick,119336
Meredith Monk,2022-01-18T03:21:08+00:00,Mercy: Urban March,140786
Johann Johannsson,2022-01-18T03:18:12+00:00,Eg sleep per aldrei,120009
Philip Glass,2022-01-18T03:14:12+00:00,Etude 5,121808
Sarah Davachi,2022-01-18T03:08:31+00:00,Gloaming,153721
David Lang,2022-01-18T03:00:28+00:00,Lost Objects: I Lost a Sock,107810
Okkyung Lee,2022-01-18T02:56:46+00:00,Kung,128104
Marc Mellits,2022-01-18T02:54:02+00:00,Smoke: Movement 5,153227
H. Takahashi,2022-01-18T02:51:12+00:00,Elegy,152746
G Y D A,2022-01-18T02:44:55+00:00,Í Annarri Vídd,154038
Eli Keszler,2022-01-18T02:40:28+00:00,Corrosion Kingdom,154472
Bill Frisell,2022-01-18T02:35:28+00:00,In Line,152048
Steve Reich,2022-01-18T02:13:38+00:00,Double Sextet: 1. Fast,146131
Kaitlyn Aurelia Smith,2022-01-18T02:10:19+00:00,Stratus,148145
Kamasi Washington,2022-01-18T02:00:37+00:00,Fists of Fury,153526
Ballaké Sissoko & Vincent Segal,2022-01-18T01:55:09+00:00,Chamber Music,148627
Kadhja Bonet,2022-01-18T01:51:05+00:00,Joy,153017
Hanan Townshend,2022-01-18T01:45:32+00:00,To the Wonder: Toil,136800
Ben Lamar Gay,2022-01-18T01:42:33+00:00,Miss Nealie Burns,153502
Nnamdi Ogbonnaya,2022-01-18T01:37:55+00:00,Freeze,154042
Lovozero,2022-01-18T01:33:17+00:00,Volosy,153702
Florent Ghys,2022-01-18T01:26:01+00:00,Teamwork,141176
My Brightest Diamond,2022-01-18T01:19:52+00:00,Inside A Boy (Son Lux Remix),153929
Jon Hassell,2022-01-18T01:15:53+00:00,Pastorale Vassant,152882
Max Richter,2022-01-18T01:09:37+00:00,On The Nature of Daylight,134724
Susan Alcorn,2022-01-18T01:02:07+00:00,Pedernal,158330
Zammuto,2022-01-18T00:58:44+00:00,Smolt,148798
Judd Greenstein,2022-01-18T00:47:29+00:00,City Boy,143228
Rachel Grimes,2022-01-18T00:44:29+00:00,Bloodroot,152248
Poppy Ackroyd,2022-01-18T00:39:55+00:00,Paper,153635
Rafiq Bhatia,2022-01-18T00:35:14+00:00,Hoods Up,154401
Lubomyr Melnyk,2022-01-18T00:29:58+00:00,Evertina,142985
Sarah Davachi,2022-01-18T00:27:25+00:00,Garlands,152374
Steve Reich,2022-01-18T00:20:34+00:00,"Variations for Vibes, Piano and Strings: 2. Slow",105335
Glass Candy,2022-01-18T00:14:14+00:00,Digital Versicolor,153911
Colleen,2022-01-18T00:10:46+00:00,Humming Fields,153894
Tyondai Braxton,2022-01-18T00:04:22+00:00,ArpRec1,151098
