,uid,artist,title,tags
0,153506,Jerusalem In My Heart,Bein Ithnein,blues-rock
1,129324,Valgeir Sigurđsson,Draumaland,blue-eyed soul
2,152119,Laura Cannell,A New Theory of Eclipse,bhangra-wine
3,158697,Gwenifer Raymond,Strange Lights Over Garth Mountain,bitcore
4,154597,Anna Webber,Array,blue-eyed soul
5,127854,Ben Neill,Posthorn,baroque pop
6,148613,Ólafur Arnalds,Doria,big band
7,151128,Bobby Previte,When I Land,bhangra
8,153511,Zeena Parkins and The Adorables,Invented,berlin school of electronic music
9,129602,Philip Glass,Akhnaten: Funeral,bossa nova
10,144467,Brian Eno,"Discreet Music, part I",berlin school of electronic music
11,107810,David Lang,Lost Objects: I Lost a Sock,beautiful music
12,148443,Agnes Obel,Chord Left,bitpop
13,151789,Angel Deradoorian,Return-Transcend,big beat
14,149318,David West,Polar Light,blues
15,148617,Max Richter,Black Mirror: The Consolations of Philosophy,bihu
16,154596,Eli Keszler,Enter the Bristle Strum,barbershop music
17,148787,Penguin Cafe,Aurora,boogie woogie
18,120080,Jónsi & Alex,Atlas Song,bhajan
19,154321,Lubomyr Melnyk,Fallen Trees - Part V: Not Forgotten,bel canto
20,130628,Ryuichi Sakamoto,20 msec.,bikutsi
21,154038,G Y D A,Í Annarri Vídd,bhangramuffin
22,104741,Sufjan Stevens,The BQE: Part 3,boogie-woogie
23,153746,Philippe Petit,Lenox Avenue Tintinnabulum,bhangragga
24,152537,Meredith Monk,Facing North: Hocket,biguine
25,120574,Keith Jarrett,Ritual Prayer,banda
26,130289,Marcelo Zarvos,Nepomuk's Dances: Arrival,biomusic
27,154613,Caleb Burhans,Once In A Blue Moon,bhangra
28,159013,Mica Levi,Lipstick to Void,big band
29,105335,Steve Reich,"Variations for Vibes, Piano and Strings: 2. Slow",bend-skin
30,152130,UMFANG,Path,breakbeat
31,153405,Helado Negro,Transmission Listen,blues
32,151593,Paola Prestini,Sympathique,bebop
33,151121,Visible Cloaks,Valve,big beat
34,133613,Missy Mazzoli,Tooth and Nail,bikutsi
35,152810,Kaitlyn Aurelia Smith,Yugoslavia,bend-skin
36,127443,Brian Eno,An Ending (Ascent),blackened death metal
37,148817,Yann Tiersen,Pern,black metal
38,152000,The Hands Free,It's She,big band
39,154452,Ava Luna,Centerline,big beat
40,150934,Tyshawn Sorey,Cascade in Slow Motion,bhangragga
41,148049,Johann Johannsson,The Theory of Everything: Forces of Attraction,bikutsi
42,148835,Julianna Barwick,Someway,bhangra-wine
43,149004,Rachel Grimes,In the Vapor with the Air Underneath,bluegrass
44,159027,Arooj Aftab,Mohabbat,beautiful music
45,152177,Cate Le Bon,Wonderful,big band music
46,153860,Jherek Bischoff,Celebration (Featuring The Celebration Choir),blues-rock
47,146962,Christopher Cerrone,Hoyt-Schermerhorn,beautiful music
48,118622,John Luther Adams,Dream in White on White,bhangra-wine
49,151786,ADR,Open Invitation,beatboxing
50,159025,Vijay Iyer,Augury,bhangra-wine
51,147778,Amiina,Perth,bend-skin
52,159002,Osvaldo Golijov,Wa Habibi,benga
53,153359,Dan Deacon,Rat Film: Calhoun,bitcore
54,159004,Julia Wolfe,Protest,blackened death metal
55,102115,Moondog (Louis Hardin),Witch of Endor,beautiful music
56,153719,Makaya McCraven,Atlantic Black,beach music
57,153824,Roger Waters,Wait For Her,bluegrass
58,144258,John Adams,China Gates,bhajan
59,152662,Nik Bartsch's Ronin,Modul 34,boogie
60,154713,Tamayugé,Jyu Hantai,boogie
61,158432,Quest Ensemble,Pizz Trance,bel canto
62,148795,Devonte Hynes (Blood Orange),Palo Alto: Fred Drives,boogie woogie
63,107782,Philip Glass,Dance II,beach music
64,153358,Dan Deacon,Rat Film: Seagull,big band music
65,150042,Ryuichi Sakamoto,Solari,berlin school of electronic music
66,125898,Nils Frahm,Old Thought,biguine
67,133130,Shara Nova,From the Invisible to the Visible,barndance
68,137649,Glenn Kotche,The Haunted mvt. 5 - Dance,biomusic
69,152972,Pariah,Linnaea,bhangragga
70,148863,Steve Reich,Music for 18 Musicians: Section IX,black metal
71,151688,Noveller,Deep Shelter,biguine
72,154615,Daniel Thorne,From the Other Side Of The World,bhangramuffin
73,121585,Patrick Burke,Awake,big beat
74,159046,Hania Rani,Dunkel,blues
75,119231,Nicole Lizee,"Girl, You're Living a Life of Crime",bel canto
76,118469,Angelica Negron,Aventuras en el Agua,beach music
77,159036,big dog little dog,Cipher,blues ballad
78,134478,Daniel Wohl,Corpus,bend-skin
79,159024,Einojuhani Rautavaara,"Cantus Arcticus, Op. 61: I. The Bog",boogie woogie
80,151015,Third Coast Percussion,Paddle to the Sea: Thaw,beiguan
81,158734,Maya Youssef,Silver Lining,bitpop
82,153878,Brian Eno,1/2 (arr. David Lang),bhangramuffin
83,153613,Christina Vantzou,Remote Polyphony,bhangramuffin
84,153089,Gossamer,III. Encounter,brazilian funk
85,154045,Glenn Kotche,Wild Sound Part 4,big beat
86,153546,Mary Lattimore,Hello From the Edge of the Earth,bhangra
87,151966,Terry Riley,Across the Lake of the Ancient Word,bhangra-wine
88,159006,Rhiannon Giddens,Ten Thousand Voices,boogie woogie
89,154799,Maya Youssef,The Seven Gates of Damascus,bel canto
90,117892,Laurie Anderson,Another Day in America,bhangramuffin
91,158992,Les Filles de Illighadad,Surbajo,blackened death metal
92,131048,Ingram Marshall,Son of Soe-pa,bhajan
93,148504,Osvaldo Golijov,"Last Round, mvt. II: Lentissimo",bebop
94,152809,Arthur Moon,Boxing,big band music
95,155627,Nora Morrow,Rose Moon,bel canto
96,154716,Panorama Sound,Everywhere,bitcore
97,148048,Johann Johannsson,The Theory of Everything: Domestic Pressures,blues-rock
98,151098,Tyondai Braxton,ArpRec1,bhajan
99,153594,Sufjan Stevens,Year of the Dog,big beat
100,119352,Cameron Britt,Gossamer Albatross,bend-skin
101,152048,Bill Frisell,In Line,bhangra
102,143783,Peter Gregson,Time,big band music
103,122419,Goran Bregovic,Champagne,bhangra
104,151001,Philip Glass,Japura River,bhangra-wine
105,149273,Ryuichi Sakamoto,Asnyc: Ubi,bhangramuffin
106,151549,Olga Bell,Krasnoyarsk Krai,beach music
107,154802,Sussan Deyhim,The Candle And The Moth,bitcore
108,119327,Clogs,2:3:5,bhangra-wine
109,138157,Jacob Cooper,Silver Threads III. Antique Windfall,blues-rock
110,137653,Glenn Kotche,Anomaly mvt. 3,bhangragga
111,150242,LCD Soundsystem,Pulse (v1),beautiful music
112,152870,Jon Hassell,Dreaming,breakbeat
113,153252,Holly Herndon,Interference,bhangramuffin
114,142746,Julia Wolfe,Reeling,bikutsi
115,136810,Arcade Fire,Her: Sleepwalker,bhangra
116,148043,Emilie Levienaise-Farrouch,Scale of Volatility,big band music
117,146257,Tim Hecker,Violet Monumental II,bitcore
118,158703,Kaki King,Teek,biguine
119,154796,Catlin Magi,Siidisulgis Linnukene,bend-skin
120,128112,Okkyung Lee,Yellow River,bel canto
121,144166,Ingram Marshall,Fog Tropes,bitpop
122,154101,Sam Gendel,East LA Haze Dream,blue-eyed soul
123,152791,Tess Roby,Catalyst,bikutsi
124,136829,Explosions in the Sky & David Wingo,Prince Avalanche: An Old Peasant Like Me,bitcore
125,158989,Mdou Moctar,Taliat,bel canto
126,154794,Sona Jobarteh,Gambia,bebop
127,152789,Stereolab,The Flower Called Nowhere,bhangramuffin
128,153541,Esmerine,Translator's Clos I,bitpop
129,107764,Nico Muhly,Quiet Music,biguine
130,130418,Caroline Shaw,Partita for Eight Voices: Passacaglia,beiguan
131,138996,Elena Kats-Chernin,Variations in a Serious Black Dress,berlin school of electronic music
132,158979,dal:um,The Waves,bhangra
133,158696,Gwenifer Raymond,Hell For Certain,benga
134,158695,Abel Selaocoe,Keld ft Abel Selaocoe & Callum Connell,bhangragga
135,119338,Padma Newsome,Beating Stick,beiguan
136,153373,Jon Hopkins,Neon Pattern Drum,bhangramuffin
137,136466,Lubomyr Melnyk,Marginal Invitation,bluegrass
138,152673,Catrin Finch and Seckou Keita,1677,big band music
139,159009,Traditional / Rhiannon Giddens,Little Margaret,bhangra-wine
140,140892,Anna Thorvaldsdottir,Trajectories,boogie
141,101715,Philip Glass,Koyaanisqatsi: Clouds,berlin school of electronic music
142,106562,Steve Reich,Duet,blackened death metal
143,154685,Bambi Lou,President,boogie woogie
144,151990,The Hands Free,Lost Halo,bhangra
145,153722,Sarah Davachi,Evensong,batucada
146,121705,Gavin Bryars,The Vespertine Park,boogie
147,152888,Johann Johannson,Odi et Amo,blackened death metal
148,154715,Panorama Sound,Wander (feat. Pilar),big beat
149,130688,Hildur Ingveldardottir Guonadottir,Erupting Light,biguine
150,152208,Public Service Broadcasting,People Will Always Need Coal,bhajan
151,159008,"Oscar Brown, Jr / Rhiannon Giddens",Brown Baby,beat
152,126377,Arthur Russell,"Instrumentals Vol. 2, Track 13",batuco
153,148385,Torbjorn Omalm,Huhta,big band music
154,113971,John Luther Adams,Dark Wind,black metal
155,149077,Steve Reich,The Four Sections: Movement 3,benga
156,150526,Thor & Friends,Swimming with Stina,bluegrass
157,138280,Edgar Meyer,1B,batuco
158,138153,Jacob Cooper,Silver Threads: I. Silver Threads,bitcore
159,154448,Kelly Moran,Autowave,biguine
160,154797,Catilin Magi,Lüttat-Tüttat,batá-rumba
161,143224,John Supko,Divine the Rest,berlin school of electronic music
162,148841,Julianna Barwick,One Half,bhangramuffin
163,135117,Nigel Westlake,Onomatopoeia,bhangra
164,155357,Cecilia McDowall,Three Latin Motets,beat
165,115837,Arvo Part,Tabula rasa: Ludus,bhangra
166,146793,Aleksandra Vrebalov,The Sea Ranch Songs: Elements I,benga
167,121217,Zoe Keating,Legions (War),big beat
168,152258,Blonde Redhead,In Particular,boogie
169,115836,Arvo Part,Summa,blackened death metal
170,154047,Vula Viel,Do Not Be Afraid,boogie
171,158341,Anna Clyne,Rest Your Hands,bend-skin
172,130423,Judd Greenstein,Aeiou,blackened death metal
173,152256,Missy Mazzoli,Vespers for Violin (and Electronics),big beat
174,148307,Sarah Neufeld & Colin Stetson,The Sun Roars Into View,baroque music
175,148989,Juana Molina,Sin Domes,bel canto
176,153636,Poppy Ackroyd,Quail,brass band
177,150360,"Ensemble, Et Al",Medal Meddle Metal,bihu
178,153533,Henrique Eisenmann,Sarabande No. 2,biomusic
179,148831,Bell Orchestre,The Upwards March,bend-skin
180,154055,Makaya McCraven,Young Genius,bitcore
181,127626,John Luther Adams,Strange Birds Passing,benga
182,136236,Du Yun,When a Tiger Meets a Rosa Rugosa,bhangragga
183,155803,Alev Lenz,After Every Winter Must Come Spring,black metal
184,137708,Amon Tobin,Bloodstone (In-Concert Recording),big beat
185,108955,Carolyn Yarnell,Lapis Lazuli,batá-rumba
186,133705,David Lang,Death Speaks: I am walking,batuco
187,152895,Sudan Archives,Nont for Sale,batá-rumba
188,147729,Efterklang,Dreams Today,bhangra
189,150045,Joshua Abrams & Natural Information Society,St. Cloud,blues-rock
190,123112,Shara Nova,"A Paper, a pen, a note to a friend",biguine
191,152792,Hiroshi Yoshimura,Water Copy,blues ballad
192,151881,Steve Reich,Quartet: II. Slow,bebop
193,154178,Tess Roby,Air Above Mirage,boogie
194,142972,Ann Southam,Glass Houses #1,black metal
195,158490,John Tavener,Mahamatar,bend-skin
196,138837,Julianna Barwick,Very Own,bhangramuffin
197,150923,Nico Muhly,Comfortable Cruising Altitude,beat
198,154616,Mary Lattimore & Mac McCaughan,III,bhangragga
199,141169,Florent Ghys,Beaute Plastique,beiguan
200,154599,Gemma Peacocke,Love,bhangra-wine
201,158501,Meriheini Luoto,Metsänpeitto I,bel canto
202,139119,Anna Clyne,Prince of Clouds,big band
203,153473,Zoe Keating,Nix,black metal
204,143423,Terry Riley,Autodreamographical Tales 6: See Them Out There,big band
205,137651,Glenn Kotche,The Traveling Turtle,brass band
206,112757,Meredith Monk,Impermanence: Maybe 1,beiguan
207,158326,Benjamin Louis Brody + Ian Chang,ASMR II,blackened death metal
208,134470,Daniel Wohl,Neighborhood,big beat
209,122050,John Luther Adams,...and Bells Remembered,boogie-woogie
210,151986,The Hands Free,Kellam's Reel/Rusty Gully,brazilian jazz
211,143461,Michel van der Aa,Violin concerto Mvmt. 3,bhangra
212,153530,Henrique Eisenmann,Jeneupti,blackened death metal
213,154798,Maya Youssef,Queen Of The Night,bhangramuffin
214,153895,Kaitlyn Aurelia Smith,Riparian,bossa nova
215,151804,David Lang,Just (After Song of Songs),bhajan
216,158331,Laraaji,Through Luminous Eyes 1,big beat
217,146131,Steve Reich,Double Sextet: 1. Fast,bitcore
218,150060,Public Service Broadcasting,Tomorrow,bhangragga
219,121233,Zoe Keating,Don't Worry,bhajan
220,152110,Ellen Arkbro,For Organ and Brass,bikutsi
221,154175,Susumu Yokota,Fairy Dance of Twinkle and Shadow,berlin school of electronic music
222,153826,Padma Newsome,All Hollowed Out,banda
223,112690,Nico Muhly,A Hudson Cycle,big band
224,154789,Rajna Swaminathan,Offering,big band music
225,135639,Bryce Dessner,Aheym,beat
226,148572,John Luther Adams,In the White Silence: Letter B,boogie-woogie
227,146897,Arvo Part,Da Pacem Domine,bhangra-wine
228,127087,Christopher Tignor,Electricity Turns Them On,biguine
229,103764,Laurie Anderson,Hiawatha,big band
230,130164,Missy Mazzoli,Still Life With Avalanche,boogie-woogie
231,120079,Jónsi & Alex,Happiness,big band music
232,158704,Kaki King,Can't Touch This Or That Or You Or My Face,bihu
233,148627,Ballaké Sissoko & Vincent Segal,Chamber Music,beautiful music
234,121273,Kate Moore,Spin Bird,berlin school of electronic music
235,154040,María Huld Markan Sigfúsdóttir,Spirals,black metal
236,154600,Gemma Peacocke,Bees,biguine
237,113095,Eve Beglarian,Until It Blazes,bitpop
238,146222,Jherek Bischoff,Closer to Closure,bhangra-wine
239,153854,M. Geddes Gengras,Kapoho,bitpop
240,154612,Daniel Palkowski,Asana Suite: OpeningMantra,blues ballad
241,154041,Daníel Bjarnason,Blow Bright,beatboxing
242,153983,Alice Coltrane,Wisdom Eye,biguine
243,154281,George Oakley,Toccata,bihu
244,107377,David Lang,Born to be Wild,berlin school of electronic music
245,153660,Poppy Ackroyd,Luna,batuco
246,153987,Paul Bley Trio,Ida Lupino,baroque music
247,153606,Hatis Noit,Illogical Lullaby,big band music
248,154792,Elza Soares,Banho,beatboxing
249,153538,Daniel Brandt,Ltd,beat
250,135545,Steve Reich,Vermont Counterpoint,bitpop
251,153851,Laurel Halo,Quietude,blues ballad
252,117574,Matmos,Flame,berlin school of electronic music
253,150928,Anna Thorvaldsdottir,Fields,bend-skin
254,137726,Kimmo Pohjonen and Samuli Kosminen,Uniko: VII. Avara,bhajan
255,115839,Arvo Part,Wallfahrtslied (Pilgrim's Song),bitpop
256,131119,Laurie Spiegel,The Orient Express,blue-eyed soul
257,153604,Olafur Arnalds,ekki hugsa,bhangra
258,130632,Missy Mazzoli,"Dissolve, O My Heart",bhajan
259,151003,Philip Glass,Madeira River,biguine
260,154795,Sona Jobarteh,Gainaako,benga
261,153995,Makaya McCraven,Suite Haus (feat. Nubya Garcia),bhangragga
262,153981,David Bowie and Brian Eno,Moss Garden,bhangra-wine
263,143692,Bryce Dessner,Murder Ballades: Dark Holler,big band music
264,118477,Angelica Negron,Music for Students: Kyle Parker,big band
265,146239,Tim Hecker,Obsidian Counterpoint,barbershop music
266,126243,Julianna Barwick,Envelop,biomusic
267,140039,Vijay Iyer,Dig The Say,berlin school of electronic music
268,125043,Jakub Ciupinski,Continuum: Second Movement,bebop
269,150926,Richard Reed Parry,The Brief and Neverending Blur,bhangramuffin
270,152588,Childish Japes,Before You Die,bhangra-wine
271,146221,Jherek Bischoff,Automatism,bhangra
272,154801,Sussan Deyhim,Majoun,beiguan
273,153659,Paul Wiancko,Lift: Part III [Galacial - Maniacal - Lift],bel canto
274,148781,Steve Reich,Mallet Quartet: 1. Fast,biguine
275,136800,Hanan Townshend,To the Wonder: Toil,beach music
276,158504,Meriheini Luoto,Metsänpeitto III,benga
277,149000,Bell Orchestre,Icicles / Bicycles,bend-skin
278,154042,Nnamdi Ogbonnaya,Freeze,boogie-woogie
279,153091,Tigue,Cranes,blackened death metal
280,152578,Beverly Glenn-Copeland,Ghost House,black metal
281,141176,Florent Ghys,Teamwork,bikutsi
282,153603,Olafur Arnalds,undir,beiguan
283,153635,Poppy Ackroyd,Paper,bhangramuffin
284,152112,William Basinski,Melancholia II,blue-eyed soul
285,134724,Max Richter,On The Nature of Daylight,batucada
286,154727,Mahsa Vahdat,I Was Dead,breakbeat hardcore
287,143228,Judd Greenstein,City Boy,big beat
288,158339,Dmitri Yanov-Yanovski,Short Epitaph (for two violas),bhangra-wine
289,123111,Sarah Kirkland Snider,Daughter of the Waves,beautiful music
290,142985,Lubomyr Melnyk,Evertina,big band music
291,119331,Clogs,Fiddlegree,batá-rumba
292,151600,Jennifer Jolley,Bullet Time (for 9 Violas),bhajan
293,148982,Threefifty,Crossing State Lines,big beat
294,152592,Battles,Ice Cream (Featuring Matias Aguayo),bitcore
295,148583,Philip Glass,Glassworks: 1. Opening,batuco
296,151837,Alva Noto + Ryuichi Sakamoto,Ax Mr. L.,big beat
297,134308,William Bolcom,Graceful Ghost,bhajan
298,158705,Kaki King,Great Round Burn,bhangramuffin
299,142751,Tyondai Braxton,Casino Trem,big band
300,116086,Hildigunnur Rúnarsdóttir,Vocalise,barbershop music
301,148453,Agnes Obel,Under Giant Trees,bhangramuffin
302,158699,Gwenifer Raymond,Gwaed am Gwaed,beautiful music
303,154529,Eli Keszler,Enter the Brist,breakcore
304,158694,Abel Selaocoe,Eastern Bells ft Beka Reid & Seth Sutton,bhangra-wine
305,158508,Yasmin Williams,Dragonfly,bitcore
306,151119,Visible Cloaks,Terrazzo,baroque pop
307,158601,Kirsten Volness,River Rising,beiguan
308,152330,Tangents,Jindabyne,bihu
309,148200,A Silver Mt. Zion,Stumble Then Rise on Some Awkward Morning,benga
310,154790,Park Jiha,Arrival,blues-rock
311,151819,Traditional Bulgarian,Kalimankou Denkou,boogie-woogie
312,153680,SANS,Kulkija - The Walking Song,bend-skin
313,127136,Tortoise,Ten-Day Interval,blackened death metal
314,152658,Tomaga,The Inexorable Sadness of Pencils,bass music
315,151787,Anna Meredith,Calion,bihu
316,129597,Philip Glass,Facades,big beat
317,158503,Meriheini Luoto,Metsänpeitto II,blues ballad
318,142560,Wally Gunn,The Fence Is Gone,bhangragga
319,152656,Ex Easter Island Head,Ten Bells,barndance
320,150873,Ursula K. Le Guin,Music and Poetry of The Kesh: Heron Song,bebop
321,119083,Tristan Perich,"1-Bit Symphony, movement 1",bend-skin
322,152651,Metá Metá,Logun,blues ballad
323,134475,Daniel Wohl,Limbs,bhangragga
324,123340,David Lang,The Little Match Girl Passion: We Sit and Cry,big band music
325,112095,Steve Reich,Music for 18 Musicians,bihu
326,112267,Terry Riley,In C,big band
327,124005,Anna Thorvaldsdottir,Hrim,berlin school of electronic music
328,100015,Meredith Monk,Do You Be,beach music
329,158492,John Tavener,Popule meus,bihu
330,121376,Tyondai Braxton,Platinum Rows,big band music
331,153661,Poppy Ackroyd,Resolve,benga
332,123110,Shara Nova,"A Whistle, A Tune, A Macaroon",benga
333,152145,Ellen Fullman,Change Of Direction,big band
334,152113,Delia Gonzalez,In Through The Light,benga
335,152479,Kara-Lis Coverdale,Imgs/r,benga
336,151934,Sons of Kemet,My Queen is Angela Davis,bebop
337,152257,Laurel Halo,Years,bihu
338,121808,Philip Glass,Etude 5,benga
339,151846,Satoshi & Makoto,Flour,biguine
340,112370,Laurie Anderson,From the Air,big band
341,158605,iboukle Martinaityte,Saudade,big band music
342,152129,Kelly Lee Owens,S.O,bhangragga
343,151880,Steve Reich,Quartet: I. Fast,bitpop
344,151622,Colleen,Soul Alphabet,bel canto
345,105739,Steve Reich,Electric Guitar Phase,beautiful music
346,101318,Terry Riley,Land's End,bend-skin
347,124386,Richard Reed Parry,"For Heart, Breath and Orchestra",biomusic
348,151825,Haley Heynderickx,The Bug Collector,bass music
349,153360,Dan Deacon,Rat Film: Rat Poison,bhajan
350,105949,David Lang,"Cheating, Lying, Stealing",bihu
351,158457,Errollyn Wallen,Chorale,beiguan
352,151689,Sarah Davachi,For Voice,bluegrass
353,159023,Vijay Iyer,Touba,big band music
354,152992,Antonio Vivaldi,WINTER - Low Light,bhangra
355,151654,Jonny Greenwood,Phantom Thread: I'll Follow Tomorrow,biguine
356,153536,Collectress,Woodenheart,blue-eyed soul
357,154793,Elza Soares,Mulher do fim do mundo,bhangra
358,153535,Trio Chemirani,Synkathistos,big beat
359,150222,Valiska,Heavy Riser,bhangra-wine
360,154686,Caroline Shaw,Plan & Elevation: IV. The Orangery,bhangramuffin
361,152879,Jon Hassell,Caravanesque,bitpop
362,154503,John Zorn,Kochot,biguine
363,158602,Elori Saxl,The Blue of Distance,big band music
364,159011,Mica Levi,Creation,bitcore
365,151962,Glasser,Mirrorage,bhangra-wine
366,158500,Meriheini Luoto,Metsänpeitto V,bluegrass
367,159015,Mica Levi,Alien Loop,bebop
368,151820,Hanna Benn,Unfasten,big beat
369,127144,Tortoise,Four-Day Interval,bass music
370,153543,Esmerine,19/14,big band music
371,148382,Kelly Moran,Limonium,bitpop
372,128505,Steve Reich,Electric Counterpoint: 1. Fast,bhangra-wine
373,152502,Tsembla,Penumbra,big band music
374,151964,David Bowie (with Brian Eno),Warszawa,beat
375,158613,Emmy Lindstrom,Song About Em,boogie woogie
376,151963,Julianna Barwick,The Magic Place,big band
377,153531,Issam Rafea and Gao Hong,Chasing Butterflies,black metal
378,151939,Sons of Kemet,My Queen Is Harriet Tubman,big band
379,152322,Mdou Moctar,Sousoume Tamachek,bikutsi
380,153542,Dawn of Midi,Io,bhangragga
381,157825,Colin Stetson,Sorrow: III.,bihu
382,151124,Visible Cloaks,Mask,berlin school of electronic music
383,153849,Nirmala Rajasekar - Maithree,Mary O'Neil,bhangragga
384,121584,David Crowell,Waiting in the Rain for Snow,blue-eyed soul
385,142992,Poppy Ackroyd,Roads,blackened death metal
386,158603,Patricia Brennan,Solar,boogie
387,146043,Frank Zappa,G-Spot Tornado,bikutsi
388,108266,Steve Reich,Different Trains: After the War,blue-eyed soul
389,127132,Tortoise,Swung from the Gutters,big beat
390,159041,BON,Veritas,beiguan
391,159012,Mica Levi,Mirror to Vortex,bitcore
392,158706,Soojin Suh,Colorist lll - Stream Of Consciousness,beat
393,158509,Yasmin Williams,Swift Breeze,blues ballad
394,130427,Merrill Garbus,Quizassa,bitcore
395,117890,Laurie Anderson,Only An Expert,bluegrass
396,136900,Osvaldo Golijov,Youth Without Youth: Youth Without Youth,brazilian funk
397,109843,Tyondai Braxton,Uffe's Woodshop,berlin school of electronic music
398,158698,Gwenifer Raymond,Eulogy for Dead French Composer,bhangragga
399,105765,Jason Treuting,July,benga
400,145364,Christopher Cerrone,South Catalina,bikutsi
401,142748,Michael Gordon,Gene Takes a Drink,bihu
402,158604,Amanda Berlind,Woog,bhangra-wine
403,120965,John Hollenbeck,"Gray Cottage Study No. 4 ""healing and gratitude""",batcave
404,140879,Philip Glass,Etude 2,beiguan
405,158515,Meriheini Luoto,Metsänpeitto VI,big band music
406,119372,Darcy James Argue,Transit,bhajan
407,123354,Meredith Monk,Facing North: Long Shadows 2,blackened death metal
408,150529,David Crowell,Echolocation,bluegrass
409,159082,Odalie,Camille,bel canto
410,152577,Beverly Glenn-Copeland,Ever New,bhangra-wine
411,139730,Sufjan Stevens,The Human Plague,bebop
412,100154,Terry Riley,The Cusp of Magic: Prayer Circle,bitcore
413,154176,Yves Tumor,Economy of Freedom,big band
414,153857,Marcus Fischer & Simon Scott,Thorns,blues
415,119571,Padma Newsome,To Hugo,blackened death metal
416,119241,Aphex Twin,4,brazilian jazz
417,154156,Loose Fur,Chinese Apple,bhangra-wine
418,149071,Steve Reich,Radio Rewrite: 1. Fast,batuco
419,150315,Leah Kardos,Malio Malio,big band music
420,103472,John Adams,China Gates,bhangragga
421,158512,Yasmin Williams,Jarabi,batuco
422,146135,Philip Glass,Music in Fifths,bebop
423,102458,Colin Jacobsen,"Beloved, do not let me be discouraged",biguine
424,148442,Agnes Obel,Fuel to Fire,bhangra-wine
425,159022,Vijay Iyer,Break Stuff,beiguan
426,144888,Daniel Wohl,Progression,bel canto
427,153996,Yazz Ahmed,The Lost Pearl (Hector Plimmer Remix),bhajan
428,148553,John Mackey,Sheltering Sky,big band music
429,158653,Damon Locks - Black Monument Ensemble,Now (Forever Momentary Space),batcave
430,147781,Amiina,Sexfaldur,boogie woogie
431,154502,John Zorn,Bikkurim,berlin school of electronic music
432,154768,Meredith Monk,Ellis Island,bend-skin
433,133704,David Lang,Death Speaks: pain changes,benga
434,135266,Phil Kline,The Long Winter,biguine
435,153910,Shore,A Hundred Times,bhangragga
436,152941,Ai Messiah,Sentience & Sapience,benga
437,148826,Nils Frahm,Because This Must Be,benga
438,158519,Meriheini Luoto,Metsänpeitto IX,beautiful music
439,137772,Osvaldo Golijov,The Man Who Cried: Close Your Eyes,big band
440,140883,Philip Glass,Etude 6,bend-skin
441,150316,Leah Kardos,The Calm Work,bel canto
442,152267,Tropic of Cancer,I Woke Up and the Storm Was Over,bhangra
443,141935,Julia Holter,"Memory Drew Her Portrait (Live from Merkin Concert Hall on February 25, 2015)",biguine
444,159047,Hania Rani,Spring,bitcore
445,151120,Visible Cloaks,Bloodstream,big band
446,130693,Hildur Ingveldardottir Guonadottir,Opaque,beiguan
447,159035,Pamela Z,The Schmetterling,big band music
448,158656,Simon Knighton,Monster Ballet,bitpop
449,106794,Steve Reich,Cello Counterpoint,bitcore
450,159029,"Ballake Sissoko, Sona Jobarteh",Djourou,biguine
451,148143,Kaitlyn Aurelia Smith,Rare Things Grow,bhangra
452,150223,Valiska,Softness,biguine
453,119951,David Lang,"Amjad ""Sleeping Panorama""",boogie woogie
454,159020,MIA,Galang (Trio Riot Version),boogie-woogie
455,148445,Agnes Obel,September Song,bhangra-wine
456,159010,Gian Carlo Menotti / Rhiannon Giddens,Black Swan,bhangramuffin
457,148582,Aaron Dessner,Transpecos: Final Theme,bebop
458,149426,Philip Glass,Satyagraha: Evening Song,bel canto
459,158510,Yasmin Williams,Adrift (ft. Taryn Wood),biguine
460,107234,Phil Kline,The Blue Room: Tarantella,bhajan
461,119336,Padma Newsome,Pencil Stick,big band
462,153875,Imarhan,Tarha Nam,bhangra-wine
463,150057,Rafiq Bhatia,Open Spaces;  Open Minds,biomusic
464,148139,Kaitlyn Aurelia Smith,First Flight,bhangragga
465,151981,Kelly Lee Owens,Bird,big band
466,151126,Bobby Previte,Casting Off,bluegrass
467,158518,Meriheini Luoto,Metsänpeitto VIII,benga
468,119350,Caleb Burhans,Keymaster,brass band
469,151748,Michael Gordon,River,bel canto
470,159014,Anna Meredith,Paramour,bihu
471,153601,Olafur Arnalds,ypsilon,biomusic
472,105999,Meredith Monk,Impermanence: Mieke's Melody #5,blue-eyed soul
473,150532,Nils Frahm,A Place,bossa nova
474,154885,Elena Kats-Chernin,Dance of the Paper Umbrellas,bhangramuffin
475,150686,Four Tet,Two Thousand and Seventeen,beautiful music
476,105121,Phil Kline,The Blue Room: March,bhangragga
477,158982,Cocanha,Cotelon,bhangramuffin
478,148983,Tunde Jegede,Song of the Waterfall,bhangra-wine
479,153855,Moses Sumney,Worth It,bihu
480,134160,Terry Riley,A Rainbow in Curved Air,bhangra
481,154664,Christine Delphine Hedden,Kitchen Dance,beat
482,128201,Yoshio Machida,Valley of Wind,big band
483,146787,Aleksandra Vrebalov,The Sea Ranch Songs: Fort Ross Chorale,bhangragga
484,119326,Clogs,5/4,benga
485,158633,Caroline Shaw,Narrow Sea,biomusic
486,125076,David Lang,Sunray,bhangra-wine
487,146528,Caleb Burhans,Remembrance,biguine
488,150061,Jenny Hval,Oslo Oedipus,big band
489,147782,Sarah Neufeld,Chase the Bright and Burning,baroque pop
490,159030,John Hollenbeck,Joys & Desires #3 - The Garden of Love,bhangra-wine
491,116410,Nils Frahm,Ambre,boogie
492,154151,L/F/D/M,Texan Flower Girl,big band
493,148317,Hauschka,Constant Growth Fails,bitpop
494,159007,Ola Belle Reed / Rhiannon Giddens,Letter,bebop
495,149006,Explosions in the Sky,Landing Cliffs,big band music
496,159080,Resina,Mercury Immersion,big band music
497,159019,John Lennon / arr. Vijay Iyer,Imagine,bel canto
498,153808,Goran Bregovic,Underground Tango,black metal
499,117111,Meredith Monk,"Book of Days: Travellers 1,2,3",bhangra-wine
500,148494,Marcos Balter,meltDown Upshot: 1. Credo,bend-skin
501,130273,John Adams,Hallelujah Junction,boogie
502,105594,Philip Glass,Koyaanisqatsi: Koyaanisqatsi,bel canto
503,152724,Vijay Iyer,Far From Over,bihu
504,149479,Crystal Mooncone,Fossil Tears,biomusic
505,154302,Lubomyr Melnyk,Requiem For A Fallen Tree,bitcore
506,153537,Joep Beving,Hanging D,big band
507,158517,Meriheini Luoto,Metsänpeitto VII,black metal
508,112254,Terry Riley,Counting in C,beat
509,154179,DRINKS,Blue From the Dark,beat
510,147586,Steve Reich,Tehillim: Part 1,bhangra-wine
511,120076,Jim O'Rourke,I'm Happy,bhangra-wine
512,122386,Nico Muhly,Motion,baroque pop
513,158585,Elena Kats-Chernin,Blue Rose,batucada
514,153540,Daniel Herskedal,The Roc,bhangra
515,158658,Robert Bentall,Novakoski,bossa nova
516,140463,Jessica Meyer,Hello,bhangramuffin
517,152385,Jennifer Jolley,"Prisoner of Conscience, V. Police and Thieves",bitpop
518,154611,Vula Viel,Fire,blues
519,125894,Nils Frahm,Keep,blackened death metal
520,159001,Sarah Louise,Rime,bhangragga
521,125181,Jakub Ciupinski,The Architect's Brother,boogie-woogie
522,153200,Tropic of Cancer,Plant Lilies at My Head,big band
523,105181,Philip Glass,Kundun: Selections,bhajan
524,159081,Jo Berger Myhre,Aviary,biguine
525,123403,Henryk Gorecki,"Symphony No. 3, Op. 36, ""Symphony of Sorrowful Songs"": 2. Lento e largo - tranquillissimo",bhajan
526,150062,Jenny Hval,The Seer,batuco
527,153470,Zoe Keating,Icefloe,berlin school of electronic music
528,147948,Johann Johannsson,Flight from the City,beatboxing
529,150059,Public Service Broadcasting,The Race for Space,brazilian funk
530,131687,John Adams,Sri Moonshine,bihu
531,159079,Resina,Darwin's Finches,bihu
532,149010,Explosions in the Sky,"So Long, Lonesome",bel canto
533,158987,Nubya Garcia,La cumbia me esta llamando,blue-eyed soul
534,119233,Nicole Lizee,Jupiter Moon Menace,batucada
535,123107,Son Lux,Beautiful Mechanical,bhangragga
536,152733,Seabuckthorn,What the Shepherds Call Ghosts,blues-rock
537,152121,Fiona Brice,Berlin,black metal
538,148595,Agnes Obel,Stretch Your Eyes,berlin school of electronic music
539,150253,Qasim Naqvi,Aligned,big band
540,155804,Alev Lenz,Laura,bhangramuffin
541,158673,Moses Boyd,Y.O.Y.O,blackened death metal
542,153612,Christina Vantzou,At Dawn,bend-skin
543,148588,Philip Glass,Glassworks: 6. Closing,bhangra-wine
544,108323,Gavin Bryars,The Sinking of the Titanic,bend-skin
545,152650,Tigue,Dress Well,bluegrass
546,153545,Mary Lattimore,It Feels Like Floating,blues ballad
547,154450,Sam Gendel and Sam Wilkes,THEEM AND VARIATIONS,biomusic
548,148455,Agnes Obel,Fuel to Fire [David Lynch Remix],black metal
549,154449,Meg Baird & Mary Lattimore,Between Two Worlds,blues
550,152049,Bill Frisell,Rambler,bhajan
551,158665,Infinity Knives (Tariq Ravelomanana),"Thus Spoke My Father, The Coward",biguine
552,117386,Valgeir Sigurđsson,"Cold Ground, Hot II",biguine
553,148786,Penguin Cafe,Solaris,blues ballad
554,151982,Cocteau Twins,Fifty-Fifty Clown,blues ballad
555,146066,Kate Moore,Velvet,beiguan
556,152768,Henrik Schwarz,AlgoRhythm,bhangra-wine
557,154391,Kaija Saariaho,"Cloud Trio - I. Calmo, medtitato",batucada
558,117133,Bora Yoon,Sons Nouveaux,blue-eyed soul
559,153556,BOTANY,Ory (Joyous Toil),bitcore
560,135546,Marcos Balter,Pessoa,bebop
561,158662,Jason Moran,Follow the Light,beatboxing
562,152667,The Kraken Quartet,Chance The Dog (the song),bebop
563,144595,Philip Glass,"Einstein on the Beach: Trial 2, Prison (Ensemble)",biguine
564,151785,Marielle V Jakobsons,Star Core,bihu
565,151677,Colleen,Everyone Alive Wants Answers,bend-skin
566,119324,Johann Hieronymus Kapsburger,Kapsburger,bhangra
567,151102,Anna Thorvaldsdottir,Aura,batuco
568,153472,Zoe Keating,Possible,bel canto
569,158671,Tomaga,REVERIE FOR FRAGILE HOUSEPLANTS,beautiful music
570,147108,Meredith Monk,On Behalf of Nature: Spider Web Anthem,beatboxing
571,153547,Mary Lattimore,Wawa By The Ocean,big band
572,151016,Third Coast Percussion,Paddle to the Sea: The Lighthouse,blues ballad
573,152714,"Daniel Wohl, recomposer",Extra Pressure (Remix of Partita by Caroline Shaw),bel canto
574,117384,Valgeir Sigurđsson,Draumaland,big band music
575,152251,Dustin O'Halloran,"An Ending, A Beginning",biguine
576,159017,Anna Meredith,The Vapours,bhangramuffin
577,152053,Philip Glass,Piano Concerto No. 3: Movement I,bitpop
578,158520,Meriheini Luoto,Metsänpeitto X,big beat
579,134749,Caleb Burhans,The Things Left Unsaid,bhangragga
580,153599,Olafur Arnalds,re:member,bhangra
581,154051,Thom Yorke,The Universe Is Indifferent,blues-rock
582,153459,Duncan Bellamy,Endless,blues-rock
583,138173,Nicole Lizee,"Death to Kosmische (Live from the Greene Space on March 24, 2014)",bel canto
584,153384,Motion Graphics,Anyware,beatboxing
585,158674,Moses Boyd,Stranger Than Fiction,beatboxing
586,152790,Steve Reich,"Tehillim: II: Psalm 34: 13-15 ""Mihaish heychahfaytz chayyim""",big band music
587,106975,Okkyung Lee,Sky,bel canto
588,138747,Richard Carrick,Sinking,bebop
589,148141,Kaitlyn Aurelia Smith,Envelop,bitcore
590,135181,Daniel Bjarnason,Emergence,beatboxing
591,137784,Ryan Francis,"Etudes for Piano, 6. Loop",biomusic
592,144597,Colin Stetson,From No Part of Me Could I Summon a Voice,big band
593,116415,Nils Frahm,Said and Done,big band music
594,124284,Jherek Bischoff,Cistern 1 VRSN2,biguine
595,121194,Nick Zammuto,Fast Pasture,biguine
596,158668,Infinity Knives (Tariq Ravelomanana),Death of a Hip Hop Dancer,bitcore
597,149427,Philip Glass,Akhnaten: Hymn To The Sun,blues
598,153933,Tim Hecker,This Life,biguine
599,141172,Florent Ghys,"No Lemon, No Melon",bhangramuffin
600,153354,Dan Deacon,Rat Film: Pelican,blackened death metal
601,153828,Padma Newsome,Cloud Theory,bhangra-wine
602,149277,Mary Lattimore,The Quiet at Night,bitpop
603,148309,The Books,Cello Song,bhajan
604,153521,Gregory Beyer,"Berimbau Trio no. 1, ""Harmonia""",bhangra
605,148628,Ballaké Sissoko & Vincent Segal,Oscarine,big beat
606,158672,Tomaga,INTIMATE IMMENSITY,biguine
607,114204,Gyorgy Ligeti,Etudes for Piano (adapted for player piano) X. Der Zauberlehrling,bhangra-wine
608,153646,Thom Yorke,Suspirium,big band music
609,139738,Francesco Tristano,A Soft Shell Groove,benga
610,143698,Son Lux,To Love,blues ballad
611,153375,Jon Hopkins,Feel First Life,blues
612,100295,Mark Dancigers,Cloudbank,bihu
613,148789,Penguin Cafe,Moonbo,batcave
614,134731,Conrad Tao,vestiges: upon ripping perforated pages,biguine
615,136808,Ólafur Arnalds,Another Happy Day: Poland,beautiful music
616,148838,Julianna Barwick,Crystal Lake,batuco
617,110746,Nico Muhly,Flexible Music,bluegrass
618,158664,Jason Moran,How much more terrible was the Night,bhangra-wine
619,148197,Johann Johannsson,Arrival: Heptapod B,beautiful music
620,149999,Oneohtrix Point Never,Problem Areas,bhangramuffin
621,148512,Philip Glass,"String Quartet No. 3, ""Mishima,"" mvt. V: Mishima/Closing",bhangra-wine
622,153526,Kamasi Washington,Fists of Fury,bel canto
623,136931,Massive Attack,Danny the Dog: Two Rocks and a Cup of Water,bend-skin
624,146237,Jherek Bischoff,The Sea's Son,bikutsi
625,150046,Dexter Story,Eastern Prayer ft. Nia Andrews,biomusic
626,153502,Ben Lamar Gay,Miss Nealie Burns,blues ballad
627,152268,Zeena Parkins,Coda,bitpop
628,158660,Héloďse Werner,coronasolfčge for 6,bikutsi
629,153877,The Cradle,Bag of Holding,bhangra
630,129850,Ben Frost & Daniel Bjarnason,Reyja,big band music
631,148798,Zammuto,Smolt,big beat
632,153527,Gregory Beyer,"Berimbau Quartet no 1, ""Chip""",biguine
633,153021,Masayoshi Fujita,Spaceship Magical,blue-eyed soul
634,152101,Eva Quartet,"Sto Si Sednala, Done",bhangra-wine
635,153471,Zoe Keating,Forte,benga
636,158659,Simon Dobson,Unsual(ly) Light,bhajan
637,129598,Philip Glass,The Grid,benga
638,123453,Steve Reich,Dance Patterns,blues ballad
639,115279,Philip Miller,9 Drawings for Projection: Weighing and Wanting,batuco
640,154617,D.J. Sparr,Earthcaster Suite I. Drips,bhangra
641,158669,Infinity Knives (Tariq Ravelomanana),Für Arvo (in 2005),biguine
642,153751,Resina,Glimmer,big beat
643,148297,Johann Johannsson,The Miners' Hymns: Freedom from Want and Fear,bel canto
644,154598,Padma Newsome,Song of the Bees (Artifact),blues-rock
645,136649,Andrew York,Sunburst,berlin school of electronic music
646,121497,Matt Marks,"The Little Death, Vol. 1: Penetration Overture",bhangra-wine
647,158663,Jason Moran,Toni Morrison said Black is a Rainbow (Shadow),big beat
648,107552,Philip Glass,Koyaanisqatsi: Pruitt Igoe,biomusic
649,153984,Kraftwerk,Franz Schubert,biguine
650,145762,Anna Clyne,"Rewind (Live from the Chicago Symphone Orchestra on April 3, 2014)",bhajan
651,126280,Dan Deacon,Big Milk,blues
652,148832,Julianna Barwick,Beached,bhangra
653,119245,Aphex Twin,Jynweythek Ylow,beiguan
654,128104,Okkyung Lee,Kung,big band
655,149476,Nicholas Britell,Moonlight: Little's Theme; The Spot; Chiron's Theme,bitpop
656,142557,Wally Gunn,The Beginning And,bhangramuffin
657,152729,Helena Espvall & Masaki Batoh,Kling Klang,beach music
658,144596,Colin Stetson,The Righteous Wrath of an Honorable Man,blue-eyed soul
659,148833,Julianna Barwick,Big Hollow,bikutsi
660,125072,Vladimir Martynov,The Beatitudes,bhajan
661,158689,Electric Jalaba,Daimla,beach music
662,146137,Ryan Francis,Remix,benga
663,122489,Matt Marks,"The Little Death, Vol. 1: Sing",bluegrass
664,149272,Ryuichi Sakamoto,Async: Stakra,bhajan
665,150791,Kamancello,Radiance,batcave
666,143444,Terry Riley,Half-Wolf Dances Mad in Moonlight,bhajan
667,144117,Julia Wolfe,Anthracite Fields: Flowers,beautiful music
668,118151,Missy Mazzoli,A Door Into the Dark,big band
669,152535,Aka Pygmies,Dikoboda Sombe ii,bhangra
670,150128,Four Tet,Circling,bitpop
671,144592,Bing & Ruth,The Towns We Love Is Our Own,bhajan
672,158980,Arooj Aftab,Inayaat,big band
673,127567,Cornelius Dufallo,Violin Loop I,batcave
674,122786,Clogs,Bed and Rest,biomusic
675,134743,Nico Muhly,Beaming Music,blue-eyed soul
676,108330,Dumisani Maraire,Mai Nozipo (Mother Nozipo),big beat
677,131060,Jim Fox,Colorless sky became fog,biguine
678,134750,Caleb Burhans,Nunc dimittis,biguine
679,112392,John Adams,Hoodoo Zephyr,bhangra
680,135319,John Zorn,Gnostic Prelude VIII. The Invisibles,bel canto
681,146065,Kate Moore,Stories for Ocean Shells,blues
682,151644,Moira Smiley,One Step Dance,bhangra
683,119236,Aphex Twin,Logon Rock Witch,benga
684,148381,Kelly Moran,Freesia,berlin school of electronic music
685,117573,Matmos,Aluminum,bhangramuffin
686,136308,Kala Ramnath,Aalap and Tarana,beautiful music
687,130627,Ryuichi Sakamoto,CHASM,biomusic
688,105027,Okkyung Lee,Story of You and Me,beiguan
689,108720,Louis Andriessen,La Passione (The Passion): Una forma nera cornuta (A horned black form),beautiful music
690,131110,Laurie Spiegel,Patchwork,blues ballad
691,148846,Max Richter,Mrs. Dalloway: Meeting Again,bitpop
692,158893,Xavier Foley,Shelter Island,bhajan
693,118470,Angelica Negron,Remando en el Mismo Lugar,beautiful music
694,117380,Valgeir Sigurđsson,Past Tundra,biomusic
695,106273,Philip Glass,Satyagraha,breakcore
696,138832,Dustin O'Halloran,Minim,blue-eyed soul
697,106939,Osvaldo Golijov,Radio,blues ballad
698,154618,Paolo Angeli,Hunting Bears (Trilogia del Tempo),bossa nova
699,154591,Stoic,Something Vanishing,bhangra
700,151525,Oumou Sangare,Minata Waraba (Sampha Remix),bhangramuffin
701,148840,Julianna Barwick,Labyrinthine,big beat
702,158667,Infinity Knives (Tariq Ravelomanana),Dis Dumbass Ghost,big beat
703,148441,Emilie Levienaise-Farrouch,Minnesang,bikutsi
704,148779,Steve Reich,Double Sextet: 3. Fast,biguine
705,153258,Holly Herndon,An Exit,bhajan
706,136824,Jon Hopkins,How I Live Now: Lost Map/The Hawk,bhangra-wine
707,148619,Julia Kent,Gardermoen,bhangragga
708,121222,Zoe Keating,Legions (Reverie),beiguan
709,105599,Meredith Monk,Gotham Lullaby,berlin school of electronic music
710,120009,Johann Johannsson,Eg sleep per aldrei,batá-rumba
711,148484,Einojuhani Rautavaara,"Symphony No. 7 ""Angel of Light,"" mvt. III",biomusic
712,144469,Brian Eno,"Discreet Music, part III",big band
713,153391,Motion Graphics,Mezzotint Gliss (instrumental),bel canto
714,158690,Electric Jalaba,Agia Hausa,beat
715,148183,Philip Glass,"String Quartet No. 3, ""Mishima"": I. 1957: Award Montage",blue-eyed soul
716,142542,Owen Pallett,Chorale,bikutsi
717,148295,Bing & Ruth,Rails,bhajan
718,148621,Julia Kent,Transportation,bhangramuffin
719,116812,Terry Riley,G Song,bihu
720,158733,Ellen Fullman & Theresa Wong,Harbors Part 2,black metal
721,147473,Kjartan Sveinsson,Teil I,big band music
722,153930,William Brittelle,The Colossus,biguine
723,153634,Caroline Shaw,Blueprint,breakbeat hardcore
724,133525,Nicholas Cords,Five Migrations,blue-eyed soul
725,148142,Kaitlyn Aurelia Smith,"When I Try, I'm Full",bel canto
726,158693,Abel Selaocoe,Ulibambe,berlin school of electronic music
727,148788,Penguin Cafe,(The Roaring of A) Silent Sun,benga
728,146816,Florent Ghys,Friday 3pm,big band music
729,104658,Meredith Monk,Impermanence: Rocking,bikutsi
730,151629,Samora Pinderhughes,History,benga
731,141173,Florent Ghys,Invitation to Love,bhangra
732,109033,Louis Andriessen,Bells For Haarlem,bihu
733,121341,Todd Reynolds,Icy Sleeves of Green v2.0,biomusic
734,103954,Nico Muhly,Pillaging Music,biomusic
735,148397,John Adams,Coast,bitpop
736,158990,Mabe Fratti,Hacia el Vacio,bossa nova
737,132095,Lubomyr Melnyk,Nightrail From The Sun,bikutsi
738,123113,Judd Greenstein,"Clearing, Dawn, Dance",blues ballad
739,146224,Jherek Bischoff,Headless,ballata
740,118475,Angelica Negron,Hoy Es Un Dia Nublado,brill building pop
741,153602,Olafur Arnalds,partial,bend-skin
742,121750,Francesco Tristano,Strings Of Life,bhangragga
743,127926,Hilary Hahn / Hauschka,Ashes,bikutsi
744,109464,Steve Reich,Tehillim: Part 2,batucada
745,153894,Colleen,Humming Fields,beach music
746,148294,Bing & Ruth,Starwood Choker,batuco
747,158652,Damon Locks - Black Monument Ensemble,Now (Forever Momentary Space),bhangramuffin
748,111278,Einojuhani Rautavaara,Divertimento,bebop
749,154280,Max Richter,On The Nature Of Daylight (Orchestral Version),bel canto
750,113129,Paola Prestini,Sounds: Last Hymn,biguine
751,131113,Laurie Spiegel,A Folk Study,bhangragga
752,143567,Arvo Part,Fratres,bhangramuffin
753,148039,Aphex Twin,Next Heap With,biomusic
754,136828,Explosions in the Sky & David Wingo,Prince Avalanche: Theme from Prince Avalanche,blackened death metal
755,143677,Andy Akiho,KARakurENAI,biguine
756,153376,Jon Hopkins,C O S M,batuco
757,149477,Nicholas Britell,Moonlight: End Credits Suite,biguine
758,158691,Electric Jalaba,Briando,bluegrass
759,114099,Ryuichi Sakamoto,Reversing,bhangra
760,154153,Jessika Kenney and Eyvind Kang,Kidung,biguine
761,107359,Jennifer Higdon,String Poetic: Nocturne,biguine
762,153353,Dan Deacon,Rat Film: Horn Phase,batucada
763,147102,Meredith Monk,On Behalf of Nature: Eon,big beat
764,152657,Erland Dahlen,Wood,beiguan
765,128734,Dustin O'Halloran,Fragile N.4,bhangragga
766,151640,Moira Smiley,Mother of Invention,bhajan
767,148834,Julianna Barwick,Nebula,boogie
768,140620,Louis Andriessen,Prospettive e Retrospettive,brazilian funk
769,153177,Kate NV,??? bug,bluegrass
770,152249,Ben Lukas Boysen,Sleepers Beat Theme,british blues
771,152820,Sean Mac Erlaine,The Melting Song,big band music
772,158325,Harold Budd & Robin Guthrie,Perfect Fire,black metal
773,140890,Anna Thorvaldsdottir,Aeriality,boogie woogie
774,136237,David Lang,Light Moving,beiguan
775,152787,Meredith Monk,Atlas - Part 1: Personal Climate: Choosing Companions,bhangra-wine
776,154800,Stella Chiweshe,Nehondo,bhangramuffin
777,153225,Marc Mellits,Smoke: Movement 3,big band music
778,153720,Makaya McCraven,Black Lion,bhangramuffin
779,152731,Hermeto Pascoal,Mercosom,beatboxing
780,152876,"Jon Hassell, Brian Eno",Delta Rain Dream,bihu
781,108477,Steve Reich,Different Trains: America - Before the war,big band music
782,152782,Tunto,Kakadu Music,big band
783,137775,Mark O'Connor,Appalachia Waltz,big band music
784,152144,Stuart Dempster,Morning Light,big beat
785,152932,The Dreebs,De Beers,bhangramuffin
786,159003,Osvaldo Golijov,Lúa Descolorida (Aria De Las Lágrimas De Pedro),bhangragga
787,153798,Emily Glass,Gentle Sanctuary,blues
788,152680,Traditional,Erghan Diado (Song of Schopsko),bhajan
789,158507,Yasmin Williams,Juvenescence,blues
790,153799,Shida Shahabi,Flora,bhangra
791,153749,Jessie Montgomery,Strum,brazilian jazz
792,152738,Gilda Lyons,Bone Needles,bluegrass
793,153209,Oliver Coates,Sky with Four Moons,bhangra-wine
794,136516,Aya Nishina,White Flower,beiguan
795,153171,Kate NV,yxo EAR,bikutsi
796,123674,itsnotyouitsme,always look up (always look up),bitpop
797,152885,Jon Hassell,Secretly Happy,big beat
798,142904,Jessica Meyer,Source of Joy,big beat
799,123724,Konrad Kaczmarek,Freezing Alt,bhangra
800,152812,Mary Lattimore,Never Saw Him Again,benga
801,152459,El Torombo,Bulerias,bikutsi
802,148842,Julianna Barwick,Pyrrhic,bitcore
803,131118,Laurie Spiegel,The Unquestioned Answer,blue-eyed soul
804,119729,Ryuichi Sakamoto,Riot in Lagos,baroque pop
805,139722,Andrew Norman,Music in Circles: Part II,benga
806,126556,Anna Clyne,Roulette,black metal
807,124019,Dustin O'Halloran,Requiem for the Static King: Part One,batcave
808,119351,Angelica Negron,Drawings for Meyoko,bel canto
809,151645,Moira Smiley,Dressed in Yellow,big band music
810,121274,Kate Moore,Mystic Trumpeter,beat
811,101537,Arvo Part,Tabula rasa: Silentium,black metal
812,151924,Orlando,From Memory,boogie
813,148026,Liima,Woods,beach music
814,104670,Steve Reich,New York Counterpoint,bamboo band
815,146820,Florent Ghys,Thursday Morning,bitcore
816,140550,Ted Hearne,Law of Mosaics: Excerpts from the middle of something,bass music
817,120966,John Hollenbeck,"Gray Cottage Study No. 5 ""dustish""",beautiful music
818,127924,Hilary Hahn / Hauschka,North Atlantic,big band music
819,143696,Bryce Dessner,Murder Ballades: Tears For Sister Polly,bitcore
820,152274,Negative Gemini,You Never Knew,blue-eyed soul
821,152175,Kate Bush,Mother Stands For Comfort,big band
822,150312,Penguin Cafe,The Track of the Dull Sun,bitcore
823,158428,Quest Ensemble,Drops,biguine
824,152334,Anna Thorvaldsdottir,thann heilaga kross,bhangra
825,153513,Catrin Finch & Seckou Keita,Hinna-Djulo,bebop
826,158343,Echo Collective,Inflection Point,biguine
827,130629,Ryuichi Sakamoto,World Citizen/re-cycled,bhangramuffin
828,108823,Kevin Volans,Walking Song,bhangra
829,158336,Errollyn Wallen,Pace,bass music
830,109231,Steve Reich,Electric Counterpoint: 2. Slow,bihu
831,152778,Tunto,Spring Music,bitpop
832,153224,Marc Mellits,Smoke: Movement 2,bikutsi
833,130428,Caroline Shaw,Partita for Eight Voices: Sarabande,biguine
834,158328,Brandee Younger & Dezron Douglas,Toilet Paper Romance,boogie-woogie
835,154688,Nils Frahm & Anne Müller,Journey For A Traveller,blues
836,152874,Miles Davis,Prelude (Part Two),blackened death metal
837,158327,Scott Lee,Through the Mangrove Tunnels,breakcore
838,142903,Jessica Meyer,Getting Home (I Must Be...),bhangragga
839,121231,Zoe Keating,Lost,biomusic
840,158511,Yasmin Williams,Through the Woods,bel canto
841,153211,Oliver Coates,Sky with Nameless Colors,bhangragga
842,159026,Arooj Aftab,Suroor,benga
843,152374,Sarah Davachi,Garlands,bhangra-wine
844,150037,Daniel Hart,Bibb County Reprise,biomusic
845,158628,Lyra Pramuk,Cradle,blues-rock
846,152808,Susumu Yokota,Kodomotachi,benga
847,130686,Hildur Ingveldardottir Guonadottir,Elevation,big band music
848,152805,Jolie Holland,All the Morning Birds,big beat
849,124018,Dustin O'Halloran,"We Played Some Open Chords and Rejoiced, for the Earth Had Circled the Sun Yet Another Year",bikutsi
850,121190,Michael Gordon,Tree-Oh,bikutsi
851,148440,Isotope 217,La Jetee,bebop
852,152803,Oneohtrix Point Never,Submersible,bhajan
853,130663,Paul Corley,She Is In The Ground,batuco
854,152798,John Maus,Maniac,batá-rumba
855,152908,Merrill Garbus,Hatari,bhangra-wine
856,148298,Julia Holter,Marienbad,benga
857,152822,Sean Mac Erlaine,Shake and Sign,bitcore
858,153721,Sarah Davachi,Gloaming,biomusic
859,152752,Brian Eno,Needle Click,beach music
860,159034,Gavin Bryars,Jesus' Blood Never Failed Me Yet (excerpt),blue-eyed soul
861,151822,Jaimie Branch,Theme 002,bihu
862,152746,H. Takahashi,Elegy,biguine
863,128102,Okkyung Lee,One Hundred Years Old Rain (The Same River Twice),bel canto
864,159033,Alvin Lucier,I Am Sitting In A Room (excerpt),bhangragga
865,148040,Aphex Twin,Fingerbib,beiguan
866,152585,Dedekind Cut,Tahoe,batá-rumba
867,139719,Marcos Balter,Bladed Stance,bend-skin
868,152780,Tunto,Bazaar Music,bel canto
869,140786,Meredith Monk,Mercy: Urban March,bhangra
870,118652,Nico Muhly,I Drink the Air Before Me: Music Under Pressure 1 - Flute,bhangramuffin
871,153702,Lovozero,Volosy,bhangra
872,113104,Kevin Volans,This is how it is,blue-eyed soul
873,159031,Trio Chemirani,,britfunk
874,139275,Graham Fitkin,Stub,bhangra-wine
875,108661,Rahul Dev Burman,Aaj Ki Raat (Tonight is the Night),bihu
876,153229,Marc Mellits,Smoke: Movement 7,bhangra
877,159018,Devonte Hynes,There Was Nothing,bitcore
878,152739,Harriet Tubman,Taken,bhangragga
879,151143,Jane Antonia Cornish,Into Silence II,bhangra-wine
880,159005,Michael Gordon,Decasia (excerpt),berlin school of electronic music
881,158337,Errollyn Wallen,Peace on Earth,bhangra-wine
882,130645,Alva Noto,Moon,bhangragga
883,148145,Kaitlyn Aurelia Smith,Stratus,big band
884,112371,Steve Reich,The Cave: Genesis XXI,benga
885,158513,Yasmin Williams,Urban Driftwood (ft. Amadou Kouyate),black metal
886,152882,Jon Hassell,Pastorale Vassant,biomusic
887,152821,Sean Mac Erlaine,The Diplomat III,bhangragga
888,158330,Susan Alcorn,Pedernal,bihu
889,150220,Andrea Belfi,Syncline,boogie woogie
890,154125,"Sam Gendel, Sam Wilkes",BOA,beat
891,154054,Makaya McCraven,Mantra,bel canto
892,152945,Diptera,Silver,biomusic
893,153228,Marc Mellits,Smoke: Movement 6,beach music
894,152329,Sufjan Stevens,Tonya Harding (In D major),blackened death metal
895,153173,Kate NV,??? OAK,breakcore
896,104098,Osvaldo Golijov,Mariel,breakbeat
897,152823,Sean Mac Erlaine,Love the Way They Sing,big band
898,138999,Elena Kats-Chernin,Schubert Blues,bhangra
899,101557,Arvo Part,Spiegel im Spiegel (Mirror in the Mirror),boogie woogie
900,152825,Sean Mac Erlaine,An Buachaill Caol Dubh,big band music
901,148827,Ólafur Arnalds,Near Light,bitcore
902,151096,Evan Ziporyn,Qi: Garden,big beat
903,135315,John Zorn,Gnostic Prelude III. Prelude of Light,bhangragga
904,139728,Mark Dancigers,Everness,bhajan
905,151239,Kara-Lis Coverdale,Touch me & die,bhangra
906,147783,Sarah Neufeld,Wrong Thought,bhangra
907,159040,Brigitte Fontaine,Comme ŕ la radio,biguine
908,119244,Aphex Twin,Cliffs,beach music
909,153016,Jon Hassell,Slipstream,bel canto
910,154473,Ljova,The Comet,big band music
911,153081,Laurel Halo,Supersymmetry,burgundian school
912,148866,Steve Reich,Music for 18 Musicians: Pulses,bebop
913,159038,Omar Khorshid,Rakset El Fadaa,beiguan
914,148380,Caroline Shaw,Valencia,berlin school of electronic music
915,148799,Donnacha Dennehy,Pushpulling,bhajan
916,153086,Laurie Anderson,Walk the Dog,blues
917,151147,Volker Bertelmann,My Kids Live on Mars,breakbeat hardcore
918,152905,Katie Gately,Last Day,bhangra-wine
919,151553,Molly Joyce,Lean Back And Release,biguine
920,148601,Chicago Underground Quartet,Tunnel Chrome,bitpop
921,154494,Vessel,Arcanum (For Christalla),bhangramuffin
922,152824,Sean Mac Erlaine,Horse-Drawn Thoughts,bhangra
923,121337,Todd Reynolds,TaskForce: Farmlab,beautiful music
924,147474,Kjartan Sveinsson,Teil II,big band music
925,153529,Tolgahan Çogulu,Gelin Savmasi,big band
926,154278,Nico Muhly,Advice to a Young Woman,batcave
927,137661,Glenn Kotche,Anomaly mvt. 7,big band music
928,149478,Nicholas Britell,Moonlight: The Culmination,bend-skin
929,152775,Tunto,Moroccan Train Twist Music,biomusic
930,119564,Padma Newsome,The Creatures in the Garden of Lady Walton: Cocodrillo,bebop
931,119682,Eric Whitacre,Lux Aurumque (Light of Gold),beatboxing
932,153078,Claude Vivier,Jesus Erbarme Dich,big band
933,148980,Threefifty,Running in a Burning House,black metal
934,153539,Sarathy Korwar,Indefinite Leave To Remain,bebop
935,152827,Sean Mac Erlaine,En Fetelle Mai,bhangragga
936,119354,Ryan Brown,Under the Rug,british invasion
937,142559,Caleb Burhans,Beneath,bel canto
938,146295,Off World,Choral Hatch,black metal
939,159042,BON,Aya,bihu
940,138119,Keith Fullerton Whitman,Generator 1,beiguan
941,142344,Kate Moore,Sensitive Spot,baroque pop
942,135318,John Zorn,Gnostic Prelude VII. Sign and Sigil,berlin school of electronic music
943,151097,Evan Ziporyn,Qi: Transport,bitpop
944,159039,Omar Khorshid,Taqasim Sanat Alfeyn,bikutsi
945,134802,Kevin Puts,If I Were a Swan,biguine
946,152190,Steve Hauschildt,Time We Have,bihu
947,153993,Shabaka Hutchings,"Black Skin, Black Masks",bitcore
948,153827,Padma Newsome,Trunk Proud,britfunk
949,128649,Foday Musa Suso,Summer Time,biguine
950,146797,Aleksandra Vrebalov,The Sea Ranch Songs: Elements II,biomusic
951,112363,Laurie Anderson,O Superman (for Massenet),big band music
952,153444,John Luther Adams,In the White Silence: Letter O,bhangragga
953,152826,Sean Mac Erlaine,The Alchemist III,big band music
954,136930,Massive Attack,Danny the Dog: Sam,bhangramuffin
955,152725,Frank Zappa,Peaches En Regalia,bitcore
956,102561,Joni Mitchell,Blue,bitpop
957,135931,Flying Lotus,Until the Colours Come,bend-skin
958,147475,Kjartan Sveinsson,Teil III,biguine
959,150066,David Crowell,Green Arrow,big band
960,152978,Little Walter,Don't Need No Horse,biguine
961,154286,Scott L. Miller,Admiration,batucada
962,154098,Laraaji,Laraajazzi (Natureboy Flako Remix),bhangra-wine
963,151229,John Hollenbeck,Long Swing Dream,beat
964,131973,Angelica Negron,Quimbombo,bitcore
965,159048,Monsieur Doumani,Tiritichtas,batá-rumba
966,148305,Rachel Grimes,Every Morning,berlin school of electronic music
967,152317,Noveller,A Pink Sunset For No One,beiguan
968,146064,Kate Moore,Whoever You Are Come Forth,blues ballad
969,139135,Richard Reed Parry,Quartet for Heart and Breath,beautiful music
970,148575,Gary Lionelli,OJ: Made in America: Made in America,boogie-woogie
971,144404,Erkki-Sven Tuur,Dedication,blackened death metal
972,159043,Hania Rani,Con Moto,big band music
973,154105,Felicia Atkinson,I'm Following You,bluegrass
974,159050,Monsieur Doumani,Thamata,big band music
975,144591,Bing & Ruth,Police Police Police Police Police,bhangra
976,152804,Colleen,Geometría del Universo,blues
977,148393,Saltland,A Common Truth,bel canto
978,146223,Jherek Bischoff,Cas(s)iopeia,bhangra-wine
979,154124,Rexy,Dont Turn Me Away,bhajan
980,146965,Jakub Ciupinski,Morning Tale,bikutsi
981,153372,Jon Hopkins,Emerald Rush,boogie woogie
982,153534,Henrique Eisenmann,Anthropophagy,benga
983,152711,Ka Baird,You Are Myself,blues
984,148597,Clint Mansell,High Rise: Danger in the Streets of the Sky,big band music
985,152948,Haron,Lotuseter,bhangra-wine
986,143593,Maria Huld Markan Sigfusdottir,Clockworking,bihu
987,152498,Les Halles,First Distance,bikutsi
988,153194,Ian Gottlieb,Threading Light II.,beach music
989,152328,Squarepusher,Iambic 5 Poetry,black metal
990,126621,David Lang,The So-Called Laws of Nature: Part III,batuco
991,151974,Anna & Elizabeth,Hop High,bhangragga
992,153023,Raime,Real People,beiguan
993,152785,Jacaszek,Even Not Within Seeing Of The Sun,bhangra-wine
994,129722,Philip Glass,"Powaqqatsi: Video Dream, New Cities in Ancient Lands",big band
995,151535,Sarah Davachi,For Organ,bikutsi
996,121228,Zoe Keating,Escape Artist,bhangra
997,159037,Jessie Montgomery,Duo for Violin and Cello: III. Presto,big band
998,159051,Clarice Jensen,The End,bhajan
999,148395,Andrew Bird,Ethio Invention No. 1,big band music
1000,137974,Kirsten Volness,Gaia,bebop
1001,150068,Sufjan Stevens,Planetarium: Moon,bitcore
1002,122853,Valerie Coleman,Umoja,bhangra-wine
1003,148300,Oneohtrix Point Never,Chrome Country,bhangragga
1004,137717,Terry Riley,Sunrise of the Planetary Dream Collector,bhangramuffin
1005,152828,Sean Mac Erlaine,Hansa Dase,big band
1006,140047,Bill Frisell,John Steinbeck,bel canto
1007,148625,Alexander Balanescu,Angels & Insects: Waltz,beautiful music
1008,144314,Foday Musa Suso,"Spring Waterfall (Live from National Sawdust on October 1, 2015)",big band music
1009,116351,Florent Ghys,Coma Carus,big band
1010,152245,Kelly Moran,Aster,bhangra-wine
1011,159049,Monsieur Doumani,Alavrostishiotis,bhangra
1012,148778,Steve Reich,Double Sextet: 2. Slow,beat
1013,150541,Colleen,This Hammer Breaks,bitcore
1014,153257,Holly Herndon,Locker Leak,berlin school of electronic music
1015,127921,Hilary Hahn / Hauschka,Adash,bhajan
1016,146256,Tim Hecker,Violet Monumental I,biomusic
1017,135640,Bryce Dessner,Little Blue Something,bhajan
1018,153195,Sam Gendel,THEEM AND VARIATIONS,blues-rock
1019,145055,Sarah Kirkland Snider,The Currents,bhajan
1020,153025,Tenderlonious,SV Interlude (feat. The22archestra),bhajan
1021,148848,Max Richter,Orlando: Genesis of Poetry,breakbeat
1022,152410,Arca,Desafío,bhangra
1023,148255,Radiohead,Treefingers,big band music
1024,152734,Steve Tibbetts,Life Of Dot,batá-rumba
1025,152665,Masayoshi Fujita,It's Magical,big beat
1026,101629,Midhat Assem,"Ya Habibi Ta'ala (My Love, Come Quickly)",bhangragga
1027,135095,David Lang,The Little Match Girl Passion: When It Is Time For Me To Go,biomusic
1028,154690,Elena Kats-Chernin,Unsent Love Letters,bhangramuffin
1029,145036,Rachel Grimes,"The Clearing (Live from Merkin Concert Hall on February 10, 2016",blackened death metal
1030,159044,Hania Rani,Jezus Malusienki,bend-skin
1031,148505,Osvaldo Golijov,Tenebrae: I.,big beat
1032,148296,Bing & Ruth,TWTGA,batá-rumba
1033,148384,Torbjorn Omalm,Ruija,bhangra-wine
1034,140544,Sufjan Stevens,The Human Plague (Remix),bhangragga
1035,152402,Grouper,Clearing,bhajan
1036,153377,Jon Hopkins,Echo Dissolve,batuco
1037,148845,Yann Tiersen,Yuzin,blackened death metal
1038,145014,Kate Moore,Sliabh Beagh,big beat
1039,124022,A Winged Victory for the Sullen,Steep Hills of Vicodin Tears,biguine
1040,154490,Andréa Daltro,Kiuá,batá-rumba
1041,119342,Padma Newsome,Pitasi,bluegrass
1042,143784,Peter Gregson,Cycle,bel canto
1043,153514,ouri,Escape,blue-eyed soul
1044,147096,Vijay Iyer,Passage,bitpop
1045,154491,Vessel,Good Animal (For Hannah),bend-skin
1046,150531,Pino Forastiere,Unpredictable Dance,big beat
1047,120022,Johann Johannsson,Ţynnkudagur,bhajan
1048,151701,Michael Gordon,Clouded Yellow,bend-skin
1049,153461,Negro Leo,Singular,big beat
1050,144070,Hannah Lash,Stalk,blues ballad
1051,117233,Peteris Vasks,Cantabile per Archi,beatboxing
1052,104294,Nico Muhly,Clear Music,batá-rumba
1053,121577,Judd Greenstein,Change,bossa nova
1054,146228,Jherek Bischoff,The Wolf,black metal
1055,148800,Tim Hecker,Borderlands,big beat
1056,153374,Jon Hopkins,Everything Connected,bihu
1057,105438,Ingram Marshall,Fog Tropes,bel canto
1058,153505,Jerusalem In My Heart,A Granular Buzuk,boogie-woogie
1059,150065,Julia Holter,FuŚęr Felix,bitcore
1060,153501,TootArd,Laissez Passer,bhangragga
1061,153628,Miguel Zenón,Rosario,beautiful music
1062,148310,Tortoise,Gesceap,batuco
1063,148794,Devonte Hynes,Palo Alto: Big Game,boogie-woogie
1064,116867,Foday Musa Suso,Sunset,bhajan
1065,148837,Julianna Barwick,Adventurer of the Family,bhajan
1066,153607,Hatis Noit,Anagram c.i.y,bikutsi
1067,119734,Ryuichi Sakamoto,Hwit,big beat
1068,153380,Jon Hopkins,Recovery,beach music
1069,152042,Andy Cartwright,It Was Aglow,big beat
1070,150537,Colleen,Eclipse,bikutsi
1071,150530,David Crowell,Poly Rush,black metal
1072,127687,Judd Greenstein,First Ballade,blue-eyed soul
1073,154279,Max Richter,Vladimir's Blues (Jlin Remix),blues ballad
1074,153544,Chancha Via Circuito,Kawa Kawa (feat. Kaleema),benga
1075,151113,John Mills-Cockell,Hollywood Dream Trip,bikutsi
1076,121236,Zoe Keating,Flying and Flocking,bitpop
1077,142563,Brad Wells,Render,beatboxing
1078,148041,Aphex Twin,Avril 14th,beautiful music
1079,158329,Susan Alcorn,Pedernal,bhangra
1080,159045,Hania Rani,Malasana,blackened death metal
1081,107678,Peter Broderick,Music for Falling from Trees: Part 6: Electroconvulsive shock,beatboxing
1082,152313,Bill Frisell,Pretty Stars,beat
1083,119353,Anna Clyne,Beware Of,beiguan
1084,114904,Stephen Scott,Music One for Bowed Strings,beiguan
1085,123099,Meredith Monk,Songs of Ascension: Clusters 2,bhajan
1086,154528,Gemma Peacocke,Bees,bhangra-wine
1087,153379,Jon Hopkins,Luminous Beings,beautiful music
1088,119735,Ryuichi Sakamoto,Still Life,biomusic
1089,140636,Pawel Mykietyn,Krum 2,batuco
1090,146426,Sven Helbig,Abendgluhen,bikutsi
1091,154071,Espectrostatic,Balete Drive,bitpop
1092,112253,Terry Riley,Zinc,bhajan
1093,153683,Rick Baitz,Hall of Mirrors,big band
1094,152040,Andy Cartwright,Figure Afar,bebop
1095,150069,Sufjan Stevens,Planetarium: Mars,big band music
1096,123081,Meredith Monk,Songs of Ascension: Spring Variation,bhangra
1097,148291,A Winged Victory for the Sullen,"We Played Some Open Chords and Rejoiced, for the Earth Had Circled the Sun Yet Another Year",bhajan
1098,154282,David Kirkland Garner,The Sky Was Good for Flying,bhangragga
1099,152028,Christina Vantzou,Some Limited and Waning Memory,beatboxing
1100,153631,Okonkolo,Wolenche Por Chango,blue-eyed soul
1101,104508,Judd Greenstein,Sing Along,bend-skin
1102,138115,Brian Eno,The Big Ship,big band music
1103,154072,Nick Cave,Song Of Joy,bitcore
1104,152466,Mica Levi,Under the Skin: Love,bhangra
1105,152030,Taylor Deupree & Marcus Fischer,On Branches,beatboxing
1106,144034,Brian Byrne,Saxophone Quartet no. 1,biguine
1107,144545,Tristan Perich,Telescope,boogie woogie
1108,136249,Mathew Rosenblum,Sharpshooter,big band
1109,153713,Doctor Nativo,Guatemaya,bhangra-wine
1110,150040,Sarah Neufeld,And Still They Move,bebop
1111,151649,Gavin Bryars,The Fifth Century: Eternity Magnifies Our Joys Exceedingly,bhangra
1112,146246,Tim Hecker,Music of the Air,bihu
1113,153688,Robert Honstein,Bow Lines,baroque pop
1114,139134,Richard Reed Parry,Duet for Heart and Breath,bhangramuffin
1115,140634,Pawel Mykietyn,Krum,bitpop
1116,151712,David Lang,increase,blue-eyed soul
1117,151626,Molly Joyce,Shapeshifter,big band music
1118,117379,Valgeir Sigurđsson,Dreamland,black metal
1119,132381,Philip Glass,Metamorphosis Two: Flowing,beach music
1120,150195,Terry Riley,Dark Queen Mantra: I. Vizcaino,blues ballad
1121,153825,Padma Newsome,and the birds in the trees say...,big band
1122,151624,Matana Roberts,Amma Jerusalem School,blue-eyed soul
1123,100007,Astor Piazzolla,Tango Suite,bihu
1124,148304,Panda Bear,Boys Latin,bhajan
1125,152831,Rahim AlHaj,A Gift From a Sufi Soul,beautiful music
1126,148790,Max Richter,Berlin By Overnight,bhajan
1127,143599,Maria Huld Markan Sigfusdottir,Sleeping Pendulum,bossa nova
1128,135934,Sarah Neufeld,Forcelessness,bhangragga
1129,153800,Hollas Longton,How To Get To Arnhem,bitpop
1130,128730,Dustin O'Halloran,We Move Lightly,batá-rumba
1131,152467,Deradoorian,Mountainside,bitcore
1132,151652,Jonny Greenwood,Phantom Thread: Catch Hold,benga
1133,153690,Robert Honstein,Lagoon,bitcore
1134,115673,Johann Johannsson,Fordlandia: The Rocket Builder (Io Pan!),bhangragga
1135,140552,Ted Hearne,"Law of Mosaics: Climactic moments from Adagio for Strings and The Four Seasons, slowed down and layered on top of one another",biomusic
1136,153692,Robert Honstein,Strada Nuova,blues
1137,148144,Kaitlyn Aurelia Smith,Arthropoda,biomusic
1138,148847,Max Richter,Orlando: Modular Astronomy,bhangra
1139,130643,Alva Noto,Logic Moon,bhangra-wine
1140,135256,Tim Hecker,Chimeras,berlin school of electronic music
1141,141177,Florent Ghys,"Nappe Brodee, ou Tenki",berlin school of electronic music
1142,153801,Jean-Sebastien Audet,Staunchly Righteous Non Alignment,blues
1143,118609,Missy Mazzoli,Isabelle Eberhardt Dreams of Pianos,bhangragga
1144,100679,Keith Jarrett,Elegy for Violin and String Orchestra,bikutsi
1145,104295,Evan Ziporyn,Be-In,blackened death metal
1146,154159,Circuit Des Yeux,Paper Bag,big band music
1147,154619,Paolo Angeli,Optimistic,big beat
1148,151625,Julia Holter,Our Sorrows,bihu
1149,153614,Clarice Jensen,For This From That Will Be Filled (a),bitpop
1150,154161,Chico Buraque and Milton Nascimento,Calice,bend-skin
1151,144066,Bora Yoon,O viridissima virga,bhangramuffin
1152,135828,itsnotyouitsme,wrinkling into a beautiful and broken world,bikutsi
1153,106520,Steve Reich,Tokyo/Vermont Counterpoint,brass band
1154,154162,Charles Rumback & Ryley Walker,Cannots,big band music
1155,100433,Keith Jarrett,The Koln Concert: Part 1,bhangra-wine
1156,126619,Sarah Kirkland Snider,Penelope: Home,bhangragga
1157,153684,Robert Honstein,"Fast Notes, Long Tones",benga
1158,153986,Susumu Yokota,Azukiiro No Kaori,bass music
1159,118481,Angelica Negron,We (I) Said Nothing,benga
1160,144536,Bora Yoon,Semaphore Conductus,big band
1161,154060,Kyle Dixon & Michael Stein,Sick Of Cow,big band
1162,154155,Glenn Branca,Lesson No.1 For Electric Guitar,bitcore
1163,153853,Visible Cloaks,Transient,bikutsi
1164,149599,Colin Stetson,In the Vespers,bhangra-wine
1165,158514,Yasmin Williams,After the Storm,baroque pop
1166,101307,Veljo Tormis,Singing Aboard Ship,beat
1167,151852,Kate Moore,Dolorosa,blue-eyed soul
1168,154454,Caterina Barbieri,Rendering Intuitions,bikutsi
1169,145540,Arvo Part,Fur Alina,big band
1170,154111,Julia Holter,Colligere,blackened death metal
1171,136244,Caroline Shaw,Allemande (Daniel Wohl Remix),blues
1172,154320,Lubomyr Melnyk,Son Of Parasol,boogie woogie
1173,151671,Ian Chang,ASMR,bikutsi
1174,148820,Yann Tiersen,Penn ar Lann,bhangra
1175,153940,Gwenifer Raymond,Bleeding Finger Blues,biomusic
1176,154160,PJ Harvey,Man-Sized Sextet,big band
1177,153462,Anna Meredith,How to Be Confident,bhangra-wine
1178,153611,Oracle Hysterical,No Comfort,biguine
1179,142564,Wally Gunn,Surviving Death,boogie-woogie
1180,148391,Amiina,Crocodile,batá-rumba
1181,154097,Julianna Barwick & Ikue Mori,Rejoinder,bhangramuffin
1182,154157,Feist,Pleasure,bhangragga
1183,119370,Darcy James Argue,Phobos,berlin school of electronic music
1184,119337,Padma Newsome,Sticks & Nails,bend-skin
1185,150359,"Ensemble, Et Al",Ondrejko,blues ballad
1186,154109,Julia Holter,Voce Simul,berlin school of electronic music
1187,130696,Hildur Ingveldardottir Guonadottir,Into Warmer Air,batuco
1188,106325,Mary Ellen Childs,Hocket,bhangramuffin
1189,147723,GABI,Fleece,batá-rumba
1190,106576,Belinda Reynolds,Yawp,blues ballad
1191,142556,Missy Mazzoli,Vesper Sparrow,bhangramuffin
1192,124385,Nico Muhly,Wish You Were Here,blues ballad
1193,154059,Kyle Dixon & Michael Stein,Possessed,bihu
1194,108265,Ornette Coleman,Lonely Woman,blues ballad
1195,151783,Avalon Emerson,One More Fluorescent Rush,bhangragga
1196,148839,Julianna Barwick,Forever,bhajan
1197,112678,itsnotyouitsme,Lost Nation Municipal Airport,bhangra-wine
1198,105069,Sufjan Stevens,The BQE: Part 6,bass music
1199,118478,Angelica Negron,Music for Students: Candy Tucker,biguine
1200,124697,Andrzej Panufnik,"String Sextet, ""Song to the Virgin Mary""",beautiful music
1201,158332,Laraaji,Through Luminous Eyes 4,bend-skin
1202,148578,Alva Noto,The Revenant: Hawk Punished,benga
1203,154610,Vula Viel,Breathe the Air,biomusic
1204,119341,Padma Newsome,Witch Stick,bhajan
1205,151935,Antemeridian,Tuesday AM,biguine
1206,152572,Tim Berne's Snakeoil,Angles,big band music
1207,153779,Dmitry Evgrafov,Consolation,big band music
1208,151830,Space Captain,Sycamore - A Cappella,bend-skin
1209,151838,John Maus,The Combine,black metal
1210,152248,Rachel Grimes,Bloodroot,biguine
1211,151623,Kelly Moran,Heliconia,big band music
1212,137777,Ryuichi Sakamoto,Bibo No Aozora,bitpop
1213,145185,Max Richter,Space 21,bel canto
1214,151829,Charlotte Dos Santos,Red Clay,bend-skin
1215,151556,Anna Meredith,Scrimshaw,bhangramuffin
1216,122353,Andy Akiho,Kiiro (Yellow),big band music
1217,143226,Sarah Kirkland Snider,Pale as Centuries,beautiful music
1218,151782,Matthew Barnes,War It,bebop
1219,149274,Nicholas Britell,Moonlight: The Middle of the World,big band music
1220,133560,John Adams,Fellow Traveler,bass music
1221,152664,We Like We,Endless Harmonies,bluegrass
1222,153230,Blondes,Aeon,beach music
1223,129764,Philip Glass,Koyaanisqatsi: Vessels,biomusic
1224,138158,Jacob Cooper,Silver Threads: IV. Wefted Histories,blue-eyed soul
1225,148630,Ballaké Sissoko & Vincent Segal,Super étoile,biguine
1226,154154,Seval,Details,big band
1227,119676,Mari Kimura,Clone Barcarolle for Augmented Violin,bossa nova
1228,114257,John Luther Adams,The Farthest Place,bossa nova
1229,112815,Moondog (Louis Hardin),Rabbit Hop,beach music
1230,153227,Marc Mellits,Smoke: Movement 5,beautiful music
1231,153528,Sibarg Ensemble,Cipher,bhangra
1232,158651,Damon Locks - Black Monument Ensemble,The Colors That You Bring,biguine
1233,154158,The Roches,Big Nuthin',black metal
1234,158600,iboukle Martinaityte,Millefleur,bluegrass
1235,152120,Vanessa Amara,02 20 - 03 - 2017 21 - 12 - 2016 06,bitpop
1236,158670,Kirsten Volness,Alone Together,bhangra-wine
1237,151834,Jlin,Nandi,bhangra
1238,151876,LEYA,Swoon,bitcore
1239,151240,Mary Lattimore,Jimmy V,bhajan
1240,142381,Ann Southam,Glass Houses #14,beatboxing
1241,112234,Ingram Marshall,September Canons,bhajan
1242,126323,David Lang,Wed,big beat
1243,121651,Ryan Francis,"Wind-Up Bird Preludes, 5. What Happened In The Night I",brazilian jazz
1244,152526,Callie Ryan,Orange Notes,boogie woogie
1245,148843,Julianna Barwick,The Harbinger,beat
1246,153750,Resina,Trigger,bend-skin
1247,151907,Chris Carter,Tone Maps,bikutsi
1248,148136,Johann Johannsson,The Drowned World,benga
1249,152338,Aleksi Perälä,UK74R1721031,bend-skin
1250,152337,7FO,Moment,beiguan
1251,154152,Jon Hassell,Miracle Steps,blues
1252,150936,Tyshawn Sorey,Flowers for Prashant,britpop
1253,151903,Blank For,For Tim,bhangra-wine
1254,138130,Oneohtrix Point Never,Zebra,blackened death metal
1255,151894,Pauline Oliveros,Crossing the Sands,big beat
1256,151835,Giant Claw / (Keith Rankin),Deep Thoughts 002,benga
1257,158322,Caroline Shaw,Taxidermy,beiguan
1258,134932,Angelica Negron,The Little Things,batcave
1259,120874,Dan Deacon,Wet Wings,black metal
1260,148289,Brian Eno,Emerald and Stone,big beat
1261,151826,Lhasa de Sela,Soon This Space Will Be Too Small,beiguan
1262,154401,Rafiq Bhatia,Hoods Up,bel canto
1263,151911,Lucy Railton,Pinnevik,bebop
1264,151909,Lorenzo Senni,The Challenge,bhangramuffin
1265,148201,A Silver Mt. Zion,13 Angels Standing Guard 'round the Side of Your Bed,beat
1266,148146,Kaitlyn Aurelia Smith,Existence in the Unfurling,bitcore
1267,151893,Bibio,Quantock,benga
1268,153084,Blood Orange,It is What It Is,bhangragga
1269,152100,serpentwithfeet,bless ur heart,brown-eyed soul
1270,151843,Lizzy Mercier Descloux,Hard-Boiled Babe,breakcore
1271,152032,The Dead Texan,"A Chronicle of Early Failures, Part 1",benga
1272,151943,Stella Chiweshe,Ndabaiwa,bhangra-wine
1273,152393,Holger Czukay,Ode to Perfume,banda
1274,151842,The Daredevil Christopher Wright,Divorce,bhangramuffin
1275,154654,Die Knoedel,In The Red Currants (In Die Ribisl),bhangramuffin
1276,154100,Oneohtrix Point Never,The Station,bluegrass
1277,151841,Fishbach / (Flora Fishbach),Mortel,bel canto
1278,145037,Rachel Grimes,"Transverse Plane (Live from Merkin Concert Hall on February 10, 2016)",bhajan
1279,151927,Max Eastley,Tenessee,bitpop
1280,114895,David Byrne,A Persecution Followed,bhangra-wine
1281,151925,Shuta Hasunuma,Lal,berlin school of electronic music
1282,133701,David Lang,Death Speaks: you will return,black metal
1283,151923,Lanark Artefax,Touch Absence (Intimidating Stillness Mix),blues
1284,151452,Nina Shekhar,Quirkhead,big band music
1285,121989,Colin Stetson,Red Horse Judges (II),black metal
1286,149001,Bell Orchestre,Water / Light / Shifts,beiguan
1287,151936,Holger Czukay,Breath Taking,bhangramuffin
1288,154451,Adrianne Lenker,From,beatboxing
1289,137179,David Crowell,Kaleidoscope,big band
1290,151946,Eamon Fogarty,Katie Dear,beatboxing
1291,152951,Laurel Halo,Mercury,beiguan
1292,151980,Susumu Yokota,Blue Sky and Yellow Sunflower,big band
1293,130412,Michael Harrison,Hijaz,big beat
1294,151910,A Winged Victory for the Sullen,Long May It Sustain,beiguan
1295,151926,Iglew,Boxed V - 24 Illuminated,bhangra-wine
1296,140889,Anna Thorvaldsdottir,Ro,bhangragga
1297,116369,Florent Ghys,Air,bluegrass
1298,151970,Eartheater,The Internet Is Handmade,bossa nova
1299,130642,Alva Noto,Iano,bhangra
1300,138219,Mason Bates,Observer in the Magellanic Cloud,blues ballad
1301,151952,Theo Bleckmann,Final Answer,blues-rock
1302,150038,Lusine,Chatter,bhangramuffin
1303,148629,Ballaké Sissoko & Vincent Segal,Samba Tomora,boogie-woogie
1304,151968,Girlpool,I Like That You Can See It,berlin school of electronic music
1305,102976,Vivian Fung,Pizzicato for String Quartet,boogie-woogie
1306,150254,Qasim Naqvi,The Cast,beat
1307,150041,Colin Stetson,Like Wolves on the Fold,bhangra-wine
1308,150039,Kelly Moran,Optimist,bend-skin
1309,152031,Krallice,Quadripartite Mirror Realm,benga
1310,146303,Automatisme,Simultanéité 4,biomusic
1311,152035,Toby Driver,Avignon,batucada
1312,136881,The Necks,The Boys: The Boys II,breton music
1313,152034,Lapalux ft. GABI,Data Demon,biguine
1314,150043,Colin Stetson,Spindrift,big beat
1315,105656,David Byrne,High Life for Nine Instruments,biguine
1316,153458,Duncan Bellamy,Lines Glow,berlin school of electronic music
1317,152079,"Lindstrřm, ft. Jenny Hval",Bungl (Like a Ghost),bel canto
1318,159021,Vijay Iyer,Historicity,blues
1319,148796,Zammuto,It Can Feel So Good,boogie woogie
1320,152041,Kyle Bobby Dunn,An Excrement Suite (For Voices Lost Again),bhangra-wine
1321,134550,Laurel Halo,Morcom,biomusic
1322,133245,Andy Akiho,"Three Shades, Foreshadows (excerpt)",biguine
1323,151973,Melody's Echo Chamber,Quand Vas Tu Rentrer,big band music
1324,129635,Philip Glass; Ravi Shankar (composition for sitar),Brazil,beach music
1325,126326,Daniel Wohl,"Aorta, Movement III",big band music
1326,148999,Bell Orchestre,Dark Lights,bikutsi
1327,151954,Iso Ambient Orchestra,Smudgeon,boogie woogie
1328,152573,Immortal Onion,When a Dog Poops On Your Carpet,benga
1329,148138,Johann Johannsson,Orphic Hymn,benga
1330,152039,Federico Durand,El cascabel de plata,batucada
1331,137648,Glenn Kotche,Anomaly mvt. 1,blue-eyed soul
1332,152406,James Blake,Retrograde,bel canto
1333,138096,Bjork,Unravel,batá-rumba
1334,152131,Karen Gwyer,Why Is There a Long Line in Front of the Factory?,benga
1335,112263,Terry Riley,Is In C In F?,bitpop
1336,137650,Glenn Kotche,Anomaly mvt. 2,bebop
1337,126899,Sarah Kirkland Snider,Penelope: Nausicaa,bihu
1338,152576,Jessika Kenney,Her Sword II,berlin school of electronic music
1339,148030,Trygve Seim,Across the Doorsill,bhangragga
1340,152127,Sophia Loizou,Genesis 92: The Awakening,brass band
1341,148547,Siamak Aghaei & Colin Jacobsen,Ascending Bird,biomusic
1342,152093,Jefre Cantu-Ledesma,Echoing Green,bhangra-wine
1343,148303,Owen Pallett,E is for Estranged,biomusic
1344,147960,Múm,Green Grass of Tunnel,bel canto
1345,152091,Lowly,Word,boogie woogie
1346,153079,Glasser,Home,bhajan
1347,138065,Atom TM,Voralpenthema,bass music
1348,154322,David Allred,For Catherine E. Coulson,bebop
1349,152080,Leon Lowman,Narrow River,bhajan
1350,152092,Star Rover,Western Winds Bitter Christians,biguine
1351,153605,He Was Eaten By Owls,We Shall Oscillate Like A Pendulum,big beat
1352,133508,Blind Willie Johnson,Dark Was the Night,benga
1353,153876,Felicita (feat. Caroline Polachek),Marzipan,bhangramuffin
1354,152085,TEEN,Tokyo,berlin school of electronic music
1355,124415,Jacob Cooper,Clifton Gates,blues ballad
1356,140798,Meredith Monk,Quarry Weave,big band music
1357,119566,Padma Newsome,On the Edge,bel canto
1358,152179,Mr. Fingers,The Juice,boogie-woogie
1359,127853,Jon Hassell,Last Night the Moon Came,bhangragga
1360,148444,Agnes Obel,Red Virgin Soil,bhangragga
1361,158988,Esperanza Spalding,formwela 2,bhangramuffin
1362,152265,The New Pornographers,Execution Day,biguine
1363,152171,GABI,Falling,boogie-woogie
1364,127228,"Laura Gibson, Ethan Rose",Old Waters,biomusic
1365,121191,Paul de Jong,Inward Bound,bhangra
1366,152143,Fred Szymanski,It Is Hard To Know,boogie-woogie
1367,150924,Paula Matthusen,the ontology of an echo,biomusic
1368,152200,Mind Over Mirrors,Matchstick Grip,berlin school of electronic music
1369,151635,Shinya Fukumori,For 2 Akis,bitcore
1370,146967,Daniel Wohl,Limbs,big beat
1371,152185,Strawberry Switchblade,Since Yesterday,batuco
1372,151762,Juana Molina,Cosoco,breakbeat hardcore
1373,102444,Traditional Arabic,Wa Habibi (Beloved),bikutsi
1374,111799,Robert Een,Censored,bend-skin
1375,152188,Luke Temple,Hardest Working Self Made Mexican,bend-skin
1376,146298,Automatisme,Transport 1,batá-rumba
1377,145059,Missy Mazzoli,Heartbreaker,bitcore
1378,154123,Pierre Arvay,Skyway,bluegrass
1379,152187,Lotic,Hunted,blues ballad
1380,121399,Matt McBane,Ride,boogie-woogie
1381,150921,Jace Clayton,Lethe's Children,big band music
1382,152176,Ital Tek,Aquamarine,black metal
1383,120002,Johann Johannsson,Odi et Amo,big beat
1384,137082,Thomas Newman,Unstrung Heroes: Is Unstrung,big band music
1385,152199,Jean Grae & Quelle Chris,My Contribution to This Scam,bitcore
1386,152966,Blackwater,Istanbul,bel canto
1387,152206,L'Rain,Which Fork / I'll Be,big band
1388,151790,Jenny Hval,Female Vampire,bikutsi
1389,131155,Laurie Spiegel,Appalachian Grove I,bhangramuffin
1390,152205,Tennyson,Like What,bitcore
1391,151766,Kalbells ft. Ryan Power,Craving Art Droplets,big band
1392,152250,Eluvium,Amreik,blue-eyed soul
1393,147662,Johann Johannsson,Sicario: Melancholia,bhajan
1394,152611,Carla dal Forno,Clusters,black metal
1395,152255,Helios,Nothing It Can,bend-skin
1396,151832,Jenny Hval,Mephisto In The Water,beach music
1397,152078,Dirty Projectors,On the Beach,batucada
1398,152254,Federico Durand,Lluvia de estrellas,blue-eyed soul
1399,151877,LEYA,666,beatboxing
1400,149480,Caroline Shaw,in manus tuas,boogie-woogie
1401,152246,Greg Haines,The Spin,biguine
1402,126279,Laurie Anderson,Let X=X/It Tango,bihu
1403,117122,Meredith Monk,Book of Days: Madwoman's Vision,blue-eyed soul
1404,152196,Felicia Atkinson,Valis,beautiful music
1405,103665,Osvaldo Golijov,Youth Without Youth: Farewell,bhangra-wine
1406,103937,Philip Glass,Modern Love Waltz,boogie
1407,111674,John Zorn,Femina: Part 4,bitcore
1408,152192,Lucrecia Dalt,Tar,bend-skin
1409,122314,The Books,It Never Changes to Stop,biguine
1410,134720,Colleen,Everything Lay Still,benga
1411,152259,Silvia Kastel,Heart 2 Tape,boogie
1412,151918,De Leon,B1,bhangragga
1413,151788,Shinichi Atobe,Regret,black metal
1414,135253,Steve Reich,Electric Counterpoint: 3. Fast,big band
1415,151895,Emilie Simon,Baby Penguins,biomusic
1416,152321,Geomungo Factory,"Sky, Wind, Star and Poem",batá-rumba
1417,109845,Tyondai Braxton,The Duck and the Butcher,boogie
1418,159028,Junior Cepeda / arr. Angelique Kidjo,Quimbara,beiguan
1419,152285,Hite,Light,bhangragga
1420,152801,Yves Tumor,The Feeling When You Walk Away,beiguan
1421,153913,Maisha,Osiris,benga
1422,152284,Latasha,Sumpn,big band music
1423,158702,Kaki King,Goodchild,beach music
1424,153914,Jeremy Dutcher,Ultestakon,bhangragga
1425,152264,Morton Feldman,Piano Piece 1952 (Version 2),bluegrass
1426,152262,Machine Woman,Liquid Metal,beautiful music
1427,152128,Zeena Parkins,Determined,bend-skin
1428,114843,Philip Glass,Einstein on the Beach: Knee 4,bitcore
1429,152396,Jacob Collier,In My Room,big band music
1430,153848,Ben Lamar Gay,Lamps,bhangra-wine
1431,112771,David Lang,Memory Pieces: Cage,bossa nova
1432,152327,Telefon Tel Aviv,Fahrenheit Fair Enough,beautiful music
1433,152797,Rachel's,Water from the Same Source,breakcore
1434,151875,LEYA,Sister,black metal
1435,108920,Philip Glass,"String Quartet No. 2, ""Company""",batuco
1436,152344,Erlon Chaves,Procura-se Uma Virgem - (Prefixo) Tema De Abertura,bihu
1437,154595,Eli Keszler,The Tenth Part,bel canto
1438,152786,Ben Frost,Meg Ryan Eyez,big band music
1439,159032,Victor Daniel / arr. Angelique Kidjo,La Vida Es Un Carnaval,blues
1440,152343,Dennis Bovell,Eye Water Dub,barbershop music
1441,152287,Landlady,Share a Tree,blue-eyed soul
1442,153610,Oracle Hysterical,Helen,bihu
1443,153988,Mouse On Mars,Omnibuzz,bhajan
1444,152279,Dictaphone,Lofi Opium,batcave
1445,154222,Joseph Shabason,November (feat. Gigi Masin),bubblegum pop
1446,152400,Fjola Evans,Shoaling,brazilian funk
1447,152988,Steve Hauschildt,Saccade,brass band
1448,152403,France Jobin,Graviton,bhangra-wine
1449,120799,David Lang,"Cheating, Lying, Stealing",bhangra
1450,152405,Nicolas Jaar,Tourists,big band
1451,153175,Kate NV,??? you,beiguan
1452,148535,Steve Reich,2x5,bhajan
1453,114845,Philip Glass,Einstein on the Beach: Knee 5,blues ballad
1454,152413,Kate Tempest,Europe Is Lost (clean edit),biomusic
1455,107181,Nico Muhly,How About Now,bhangragga
1456,152411,Jlin,Erotic Heat,bihu
1457,152761,Ben Lamar Gay,"Music For 18 Hairdressers, Braids & Fractals",blues
1458,146428,Sven Helbig,Ich Geh' Dir Nach,big band music
1459,150055,Quindar,Six Degrees of Freedom,bihu
1460,152441,Jai Paul,BTSTU,bebop
1461,153017,Kadhja Bonet,Joy,bhangra-wine
1462,148491,John Adams,Shaker Loops: I. Shaking and Trembling,black metal
1463,153176,Kate NV,??? one,boogie woogie
1464,152404,Schneider Kacirek,Dust (feat. Sofia Jernberg),blackened death metal
1465,102648,Bobby McFerrin,Monks - The Shepherd,bhangramuffin
1466,114837,Philip Glass,Einstein on the Beach: Knee 2,bitpop
1467,152397,Mallow,Spaceshp Koupe/Could It Be Live,bhangragga
1468,153178,Kate NV,??? see,big band music
1469,152418,Okkyung Lee,The Crow Flew After Yi Sang,big beat
1470,148507,Philip Glass,Songs and Poems for Solo Cello: Tissue No. 7,bihu
1471,150274,Greg Fox,Earth Center Possessing Stream,bluegrass
1472,152417,John Cage,HPSCHD: Solo VII,biomusic
1473,152568,Arun Ghosh,Dagger Dance,big beat
1474,151764,Moses Sumney,Quarrel,bel canto
1475,152474,Florist,Vacation,bhangragga
1476,147722,GABI,Koo Koo,biomusic
1477,152458,La Nińa de los Peines aka Pastora Pavón Cruz,Bulerías,bhangragga
1478,148998,Bell Orchestre,As Seen Through Windows,biomusic
1479,153174,Kate NV,??? how,blues ballad
1480,152423,Sky Macklay,Many Many Cadences,blackened death metal
1481,114839,Philip Glass,Einstein on the Beach: Knee 3,big band music
1482,152415,Onyx Ashanti,Pulled and Twisted,biomusic
1483,151861,Daniel Brandt,On The Move,blues
1484,121317,John Adams,John's Book of Alleged Dances: Rag the Bone,bhangra-wine
1485,152473,Negative Gemini,You Weren't There Anymore,bel canto
1486,151761,Adult Jazz,Idiot Mantra,blue-eyed soul
1487,152500,Simone Forti,Bottom (1968) (excerpt),biguine
1488,152580,Roxanna Panufnik,The Call,bitcore
1489,152477,Sam Evian,Carolina,beautiful music
1490,105254,Ramallah Underground,Tashweesh (Interference),beautiful music
1491,151570,The Ah,I Changed Coulour,blues ballad
1492,140725,Robert Rowe,Melting the Darkness,big beat
1493,152456,Thanya Iyer,,beatboxing
1494,152567,Splashgirl,Bleak Warm Future,blackened death metal
1495,151965,Ian Chang,Inhaler,bhangramuffin
1496,119691,Eric Whitacre,Sleep,bhangramuffin
1497,152422,Little Women,Throat I,bitcore
1498,152597,Sharon Van Etten,Peace Signs,boogie-woogie
1499,152266,serpentwithfeet,blisters,bhangra-wine
1500,152506,Garland,Sepses,bhangra-wine
1501,154717,Panorama Sound,Packed for the Weekend,bhangragga
1502,152126,Jessica Bailiff,Your Ghost Is Not Enough,bhangragga
1503,152497,Krycek & Wav Fuzz,Ozone,beautiful music
1504,152520,Carmen Villain,Infinite Avenue,bebop
1505,153704,Lovozero,Solntse Vidit Vse,bitcore
1506,112673,itsnotyouitsme,Kid Icarus,bhangra-wine
1507,137119,Erik Griswold,Wallpaper Music,big beat
1508,152519,Todd Terje,Leisure Suit Preben,boogie
1509,152582,Rebecca Clarke,Morpheus,berlin school of electronic music
1510,109250,John Adams,Tourist Song,bihu
1511,152508,Joanne Foreman,Codex,bihu
1512,131806,Alexander Berne,Four Instantiations,boogie
1513,130430,Merrill Garbus,Ansa Ya,beiguan
1514,147726,Anna Meredith,Nautilus,bebop
1515,152505,Dino J.A. Deane,NB4,big band music
1516,154110,Julia Holter,Words I Heard,beatboxing
1517,152604,Arp,Pastoral Symphony: I. Dominoes,bihu
1518,152559,oOoOO & Islamiq Grrrls,Jobim Goes Latenight,batá-rumba
1519,152504,Ben Vince,What I Can See [feat. Micachu],bhajan
1520,144129,Paula Matthusen,in absentia,big beat
1521,143605,Johann Johannsson,Fordlandia,biguine
1522,151627,Photay,Outré Lux,breton music
1523,153745,C.J. Boyd & Sister Grotto,Fratres (in heaven),bhangragga
1524,136518,Aya Nishina,Ode To Infinity,biguine
1525,148616,Lambert,Sweet Apocalpyse,blackened death metal
1526,152496,Ka Baird,Tok Tru,black metal
1527,144725,Paula Matthusen,The Days are Nouns,bikutsi
1528,131120,Laurie Spiegel,Clockworks,blues ballad
1529,152521,TORRES,Greener Stretch,bebop
1530,153082,CEP,Lilian's Pavilion,big band
1531,152998,Oneohtrix Point Never,Age Of,bhangramuffin
1532,129867,Andy Akiho,"three shades, foreshadows",bhangramuffin
1533,148985,Dungen,Jakten genom skogen,blues
1534,152674,Thomas Bartlett and Nico Muhly,Dominic,brazilian funk
1535,153982,John Martyn,Small Hours,big band music
1536,153931,Mr Twin Sister,Echo Arms,bihu
1537,152663,Momo 'Wandel' Soumah,Afro Blue,bitcore
1538,148140,Kaitlyn Aurelia Smith,Wetlands,beach music
1539,148496,Marcos Balter,meltDown Upshot: 2. Parallel Spaces,big band
1540,152661,Kris Davis,Saturn Return,batá-rumba
1541,148623,Clogs,Pencil Stick,bebop
1542,138156,Jacob Cooper,Silver Threads: II. Fame,black metal
1543,152394,Visible Cloaks - (Ft. Matt Carlson),Neume,brass band
1544,148301,Oneohtrix Point Never,Boring Angel,biguine
1545,152587,Nick Hakim,Bet She Looks Like You,beautiful music
1546,109195,Kayhan Kalhor,Gallop of a Thousand Horses,bossa nova
1547,152463,Shara Nova,An Unknown Distance Yet to Run,big band
1548,152529,Jack and Eliza,Hold the Line,blues ballad
1549,150129,Four Tet,She Just Likes To Fight,big band
1550,152699,BC Camplight,You Should've Gone to School,batcave
1551,152077,Colleen,November,biguine
1552,129328,Valgeir Sigurđsson,Plainsong,bend-skin
1553,152280,MAE.SUN,Continuous Recognition,bhangra-wine
1554,152692,Felicia Atkinson,Lighter Than Aluminium (EXCERPT for ODD THEORY),batucada
1555,151100,Paula Matthusen,on the attraction for felicitous amplitude,boogie
1556,121338,Todd Reynolds,Centrifuge,biguine
1557,152648,Susie Ibarra,Pulse,bitcore
1558,152606,Smerz,Because,biguine
1559,123108,Annie Clark,Proven Badlands,blue-eyed soul
1560,152414,Kendrick Lamar,u,big band
1561,152591,Charlie Parker,"Dewey Square, arr. M. Parson",bebop
1562,149278,Mary Lattimore,We Just Found Out She Died,bhangramuffin
1563,148620,Julia Kent,Invitation to the Voyage,black metal
1564,139379,Anna Meredith,Heal You,bitpop
1565,152584,Man Forever featuring Laurie Anderson,Twin Torches featuring Laurie Anderson,bhangramuffin
1566,152579,Tigran Hamasyan,The Cave of Rebirth,big band music
1567,152702,Okay Kaya,La Meg,bhangramuffin
1568,129435,Son Lux,Flowers,bhangramuffin
1569,135366,John Zorn,Sacred Rites of the Left Hand Path,bikutsi
1570,152701,Hospitality,Friends of Friends,blues ballad
1571,138845,Francesco Tristano,Ludepre (Version),bihu
1572,148591,Hammock,I Can Almost See You,bhajan
1573,146253,Tim Hecker,Live Leak Instrumental,biguine
1574,152705,Batu,Don't,big band music
1575,154455,James Blake,Lullaby For My Insomniac,bhangramuffin
1576,148396,Andrew Bird,Dance of Death,bhangra
1577,130647,Alva Noto,Morning,big band music
1578,152679,Lighter Than Aluminium,Felicia Atkinson,bhangramuffin
1579,108048,Belinda Reynolds,Circa,bikutsi
1580,127235,Laura Gibson,Tall Grass Darkstar,beach music
1581,147780,Amiina,Juve & Fandor,black metal
1582,126010,Angelica Negron,The Peculiar Pie-Man of Porcupine Peak Electronics,bikutsi
1583,152678,Sheron,Lost Boys,beat
1584,154791,Park Jiha,Philos,boogie
1585,136142,Marcos Balter,Strohbass,bhajan
1586,152677,Bibio,Puddled in the Morning,biguine
1587,131112,Laurie Spiegel,Pentachrome,biguine
1588,100238,Iva Bittova,River of Milk (Proudem Mleka),berlin school of electronic music
1589,152676,Blank For,Sunny Rain,bihu
1590,152700,Seaven Teares,Meet Me,biguine
1591,127230,"Laura Gibson, Ethan Rose",Leaving Believing,bhangragga
1592,148318,Hauschka,I Need Exile,bikutsi
1593,152707,Connie Converse,Talkin' Like You (Two Tall Mountains),bass music
1594,152750,Jan Jelinek,"Lady Gaga, you once said in an interview that you write music for the fashion industry. Is fashion as important to you as music?",biguine
1595,152424,Kris Davis,Ten Exorcists,batá-rumba
1596,152319,Park Jiha,Accumulation Of Time,berlin school of electronic music
1597,152749,"Sonung, Bashim","Tomung Gingong, Bosmun",boogie woogie
1598,152275,Ibibio Sound Machine,Uyai,bitpop
1599,154073,Svarte Greiner,Last Light,batá-rumba
1600,152745,Jun Arasaki and Nine Sheep,Kajyadhi Fu Bushi (Visible Cloaks Remix),bikutsi
1601,151784,Yves Tumor,Role In Creation,boogie woogie
1602,152713,Luke Temple,Smashing Glass,black metal
1603,139416,Rebecca Oswald,"Sleep, Child",blues ballad
1604,120967,John Hollenbeck,"Gray Cottage Study No. 7 ""tax penalty payment approaching""",blue-eyed soul
1605,143672,Vijay Iyer,Accumulated Gestures,bitpop
1606,152501,SMX,Sleep,beautiful music
1607,153083,Ryuichi Sakamoto,andata (Oneohtrix Point Never Remix),bhangra-wine
1608,152757,Simone Forti,Dammi Dammi Quel Fazzolettino (folk song),big beat
1609,154104,Loren Connors,Blues No. 4,big band
1610,152527,Brian Eno,Kites I,bluegrass
1611,152756,OneMind,"Piano, Vocal, Drum",brazilian funk
1612,138117,Ryoji Ikeda,data.matrix,bossa nova
1613,154402,Lei Liang,Mountains Gradually Draw Closer,bhangramuffin
1614,152748,Kuniyuki Takahashi,Asia,bhangra
1615,153912,Minyeshu,Yetal (Where is it),blackened death metal
1616,154062,LOMA,Dark Oscillations,bitpop
1617,152744,Sugai Ken,Sasadaruma,bhangra-wine
1618,154284,Tim Brady,Désir: Concerto for Electric Guitar and Large Ensemble: Mvt. 1,bhangra
1619,152560,The Comet Is Coming,Start Running,baroque pop
1620,152741,Anna + Elizabeth,Irish Patriot,biguine
1621,152087,Helado Negro,Persona Facil,bhangra-wine
1622,152732,Chris Morrissey,The Inventor,bhangramuffin
1623,152760,Francesco Cavaliere,xilo fiaba que sta e resta,bend-skin
1624,153856,Khruangbin,Evan Finds The Third Room,beiguan
1625,148047,Laurel Halo,Out,berlin school of electronic music
1626,152758,Franco Battiato,No U Turn,batá-rumba
1627,153085,Arp,Nzuku,bhangra
1628,125173,Tan Dun,Water Spirit,benga
1629,108407,Kayhan Kalhor,Gallop of a Thousand Horses,bihu
1630,152675,Sonnymoon,Time,blue-eyed soul
1631,129676,Vivian Fung,Glimpses,blues
1632,151906,Jonathan Fitoussi,Labyrinths,bhajan
1633,152766,Henry Threadgill,Clear and Distinct,bend-skin
1634,130422,Caroline Shaw,Partita for Eight Voices: Courante,bhajan
1635,121987,Colin Stetson,Home,berlin school of electronic music
1636,152762,James 'creole' Thomas,Lead By No One,big band
1637,100299,Sufjan Stevens,Year of the Tiger,biguine
1638,152755,Skee Mask,50 Euro to Break Boost,bhangra
1639,148622,Daniel Lanois,Satie,big band
1640,152754,SW:SVN,tx 77 hinten,bluegrass
1641,152325,Alcest,Souvenirs d'un autre monde,biguine
1642,152751,Muslimgauze,Stars of Golan Heights,blues ballad
1643,152767,Dave Holland,QW5,bhajan
1644,152759,Simone Forti,Dal Di La (1972),biomusic
1645,152880,Jon Hassell,Slipstream,big band music
1646,152796,Mountain Man,Babylon,bhajan
1647,152793,Dirty Projectors,Break-Thru,bitpop
1648,152769,Javonntte,Searching (Vocal Mix),bel canto
1649,152967,Francesco Cavaliere,Bloaji Badejo,blue-eyed soul
1650,152655,Danalogue,Sweet B,bhajan
1651,152881,Jon Hassell,Al-Kongo Udu,bluegrass
1652,152811,Sur Back,Valentino,big band music
1653,154135,Ben Johnston,"Crossings - The Ascent, String Quartet No. 4, ""Amazing Grace""",biguine
1654,152764,Kamaal Williams,The Return,biguine
1655,152806,Jaimie Branch,Theme 001,batuco
1656,154492,Anemone,Bout De Toi,bhajan
1657,152341,Aston Family Man Barrett,Soul Constitution,batá-rumba
1658,152795,Lucky Dragons,Everybody Happy,blackened death metal
1659,151836,TORRES,To Be Given a Body,boogie-woogie
1660,152794,Caroline Says,I Tried,biomusic
1661,152698,Mount Eerie,Spring,batá-rumba
1662,152970,Jay Crocker,Kill Scene,bikutsi
1663,152993,Eartheater,Inclined,beiguan
1664,152985,Jenny Hval,The Dreamer Is Everyone in Her Dream,beatboxing
1665,119086,Tristan Perich,These Are They,blackened death metal
1666,152968,Ned Lagin,Seastones 05,bass music
1667,129023,Ballaké Sissoko & Vincent Segal,"""Ma-Ma"" FC",batuco
1668,153460,Duncan Bellamy,Life Mask,biguine
1669,152947,Serpente,Sob A Palha,biguine
1670,127139,Tortoise,I Set My Face to the Hillside,bebop
1671,152946,Kassem Mosse,Silver 94,bihu
1672,152984,Low,Quorum,bossa nova
1673,125079,David Longstreth,Instructional Video,bhajan
1674,152865,Jon Hassell,Aurora,biomusic
1675,153014,Joanne Forman,The Twittering Machine,biguine
1676,153013,Joakim,"Comes (Armand, France)",bhangramuffin
1677,153010,Cool Maritime,Forest Bathing (Carlos Nino Trinidad Mix),beiguan
1678,148449,Agnes Obel,Aventine,beat
1679,153009,Coil,Lost Rivers Of London,bhangramuffin
1680,152558,waelder,Omr,bhangra
1681,151122,Visible Cloaks,Screen,biomusic
1682,152999,Banoffee,Ripe,blue-eyed soul
1683,153019,"Marino Zuccheri, Renzo Dali'Oglio","Plastico (For Magnetic Tape, 1961)",bhangramuffin
1684,153185,F Ingers,All Rolled Up,berlin school of electronic music
1685,153087,Shy Layers,Midnight Marker,bend-skin
1686,148388,Francois Couturier,Fantasia,batá-rumba
1687,153012,Hampshire & Foat,Jasmine,big band music
1688,153011,DJ Richard,Dies Irae Xerox,brazilian jazz
1689,153187,Giant Claw,Soft Channel 002,berlin school of electronic music
1690,153015,John Coltrane,Untitled Original 11386 - Take 5,bhangramuffin
1691,154061,Kyle Dixon & Michael Stein,Stranger Things,big band
1692,153254,Holly Herndon,Unequal,boogie
1693,137736,Margarita Lecuona,Tabu,bhangramuffin
1694,153204,Ian Gottlieb,Threading Light: I,bluegrass
1695,153202,Nguzunguzu,Skycell,bhangramuffin
1696,154189,Sarah Davachi,Auster,bikutsi
1697,152094,Oneohtrix Point Never,Power of Persuasion,bel canto
1698,153191,Hatchie,Bad Guy,bhangramuffin
1699,153189,Not Waving,Where Are We (feat. Marie Davidson),big beat
1700,154213,Marc Ribot,Your Turn,beat
1701,154099,Booker Stardrum,Five Finger Cloud,berlin school of electronic music
1702,154472,Eli Keszler,Corrosion Kingdom,biomusic
1703,153929,My Brightest Diamond,Inside A Boy (Son Lux Remix),benga
1704,153911,Glass Candy,Digital Versicolor,bhangra
1705,153852,Tredici Bacci,Columbo,batucada
1706,154283,Robert Honstein,Olmsted: IV. World's End,big band music
1707,154489,Booker Stardrum,Drim Dram II,bhangramuffin
1708,154493,Robbie Lee & Mary Halvorson,Seven Of Strong,batá-rumba
1709,154432,J Hacha De Zola,On a Saturday,blue-eyed soul
1710,154430,Alex Lilly,Infantile,blues ballad
1711,151148,Volker Bertelmann,I Can't Express My Deep Love,big band
1712,118465,Angelica Negron,Otro Dia Mas,black metal
1713,154277,Caroline Shaw,So Quietly,big band
1714,152730,Robert Wyatt,Gharbzadegi,benga
1715,153985,Richard Reed Parry,Farewell Ceremony,bikutsi
1716,151944,Emily A. Sprague,Water Memory 1,boogie woogie
1717,150056,Quindar,Arabella Anita,bihu
1718,152503,7FO,Ougon No Yuge (?????),baroque music
1719,150218,Andrea Belfi,Lead,bikutsi
1720,153253,Holly Herndon,Chorus,beatboxing
1721,158505,Yasmin Williams,Sunshowers,beautiful music
1722,158499,Meriheini Luoto,Metsänpeitto IV,blues-rock
1723,158108,Sarah Kirkland Snider,Mass for the Endangered: Kyrie,bebop
1724,158506,Yasmin Williams,I Wonder,bhajan
1725,125896,Nils Frahm,Familiar,brass band
1726,150527,Thor & Friends,Grassfire,bhangra-wine
1727,136812,Arcade Fire,Her: Loneliness #3,batucada
1728,150133,The Heliocentrics,The Silverback,beatboxing
1729,158657,Lara Jones,Pillow,big band music
1730,148577,Cliff Martinez,The Knick: Son of Placenta Previa,biguine
1731,148830,Bell Orchestre,Les Lumieres Pt. 1,black metal
1732,152712,Jlin,Nyakinyua Rise,bebop
1733,149625,Emily Wells,Symphony 10 Could This Really Be the End,big beat
1734,149624,Emily Wells,Symphony 2 & The Click Boom Boom,biomusic
1735,150540,Colleen,I'm Kin,biomusic
1736,152574,Nicole Mitchell,Forest Wall Timewalk,bhangra-wine
1737,133824,Dirty Projectors,While You're Here,bitcore
1738,115978,Angelo Badalamenti,The City of Lost Children: Suite,beiguan
1739,151643,Moira Smiley,Bellow,big beat
1740,134163,Colleen,Sun Against My Eyes,big band music
1741,148456,Carla Kihlstedt,Rooting For The Shy Librarian,bitcore
1742,148285,Maria Huld Markan Sigfusdottir,Aequora,benga
1743,138015,Robert Honstein,I am hidden my dear for you!!!!!!!,bhajan
1744,152783,Tunto,Lagoon Music,big band music
1745,132321,Flying Lotus,Clock Catcher,brill building pop
1746,108958,Mary Lou Williams,Credo (Instrumental),big beat
1747,153399,Helado Negro,Tartamundo,bhangramuffin
1748,148490,Gavin Bryars,BIPED: Part 4,beatboxing
1749,153710,Lovozero,Chervi,big band music
1750,140178,Raymond Scott,The Bass-Line Generator,blackened death metal
1751,152575,Sona Jobarteh,Mamamuso,big beat
1752,140829,Meredith Monk,Astronaut Anthem,beat
1753,152668,Ellen Reid,Fear | Release,barbershop music
1754,140549,Andrew Norman,The Companion Guide to Rome: IX. Sabina,batcave
1755,151976,Zola Jesus,Doma,bikutsi
1756,151950,Benjamin Britten,Corpus Christi Carol,bhangra
1757,154069,Marty Manning,The Twilight Zone,blues-rock
1758,154058,Kyle Dixon & Michael Stein,Hawkins,black metal
1759,148316,Marcos Balter,"Meltdown Upshot: No. 5, Home",bhangragga
1760,138103,James Blake,Guerrero+Blake (Olga Bell mix),bhangra
1761,138160,Jacob Cooper,Silver Threads: VI. Jar,blues
1762,148500,Nico Muhly,"Mothertongue, part I: Archive",bel canto
1763,152598,Alice TM,Disorder,beat
1764,114832,Philip Glass,Einstein on the Beach: Knee 1,barndance
1765,152044,Andy Akiho,Prospects of a Misplaced Year I. The War Below,benga
1766,138839,Amiina,Passacaglia,bossa nova
1767,154221,Ken Thomson,Icebreaker,blackened death metal
1768,153891,Flume,Weekend feat. Moses Sumney,bitcore
1769,138090,Juana Molina,Martín Fierro,batcave
1770,154468,Patient Hands,The Poisoner,blue-eyed soul
1771,138123,Tod Dockstader,Pond Dance,bend-skin
1772,143299,Hayden Berry,The End Precedes the Beginning,beautiful music
1773,121731,Francesco Tristano,Mambo,beautiful music
1774,109842,Tyondai Braxton,Opening Bell,big band
1775,152829,Sean Mac Erlaine,Cotter's Dream,bend-skin
1776,152672,Hanna Benn,"Divide (Sing, Persist)",bend-skin
1777,152659,Sudan Archives,Pay Attention,big band
1778,148981,Threefifty,Andromeda,bhangragga
1779,135548,Mario Diaz de Leon,Luciform,black metal
1780,153822,The Dwarfs of East Agouza,Baka Of The Future,brass band
1781,150275,Greg Fox,My House of Equalizing Predecessors,bitcore
1782,131121,Laurie Spiegel,Dirge Part I-II,biguine
1783,151917,M+Ńrble,Jabko,bikutsi
1784,151916,Mubashira Mataali Group,Mutume Nabbi (Prophet Muhamad),bhangragga
1785,159162,Simon Jeffes,Music for a Found Harmonium,barndance
1786,151921,Out 2,Pale Version,big band music
1787,159163,GoGo Penguin,Ocean in a Drop,big band music
1788,151920,King Tubby,Mistry Maker Dub,bhangra-wine
1789,151919,Solitary Dancer,La Donna,bikutsi
1790,159158,Penguin Cafe Orchestra,Cutting Branches For A Temporary Shelter,bhangragga
1791,103340,John Adams,John's Book of Alleged Dances: Habanera,bhangragga
1792,152084,felicita,skip blush,bihu
1793,153503,TootArd,Bayati Blues,bebop
1794,152103,Deradoorian,A Beautiful Woman,bebop
1795,152270,Kedr Livanskiy,Ariadna,bitcore
1796,138749,Richard Carrick,Undersea,batuco
1797,152944,Max P,Cobra Anger,bitcore
1798,159165,GoGo Penguin,Don't Go,boogie-woogie
1799,152465,Delicate Steve,Butterfly,big band
1800,149137,Penguin Cafe Orchestra,Perpetuum Mobile,barndance
1801,159161,Simon Jeffes,Swing The Cat,blackened death metal
1802,159156,Simon Jeffes,Giles Farnaby's Dream,big beat
1803,152507,Hidden Operator,King Creole,bhajan
1804,159159,Simon Jeffes,Numbers 1 - 4,bhangragga
1805,152531,Nidia Minaj,Sentimentos,berlin school of electronic music
1806,152704,Moon Diagrams,End of Heartache,blue-eyed soul
