uid,artist,title
153506,Jerusalem In My Heart,Bein Ithnein
129324,Valgeir Sigurđsson,Draumaland
152119,Laura Cannell,A New Theory of Eclipse
158697,Gwenifer Raymond,Strange Lights Over Garth Mountain
154597,Anna Webber,Array
127854,Ben Neill,Posthorn
148613,Ólafur Arnalds,Doria
151128,Bobby Previte,When I Land
153511,Zeena Parkins and The Adorables,Invented
129602,Philip Glass,Akhnaten: Funeral
144467,Brian Eno,"Discreet Music, part I"
107810,David Lang,Lost Objects: I Lost a Sock
148443,Agnes Obel,Chord Left
151789,Angel Deradoorian,Return-Transcend
149318,David West,Polar Light
148617,Max Richter,Black Mirror: The Consolations of Philosophy
154596,Eli Keszler,Enter the Bristle Strum
148787,Penguin Cafe,Aurora
120080,Jónsi & Alex,Atlas Song
154321,Lubomyr Melnyk,Fallen Trees - Part V: Not Forgotten
130628,Ryuichi Sakamoto,20 msec.
154038,G Y D A,Í Annarri Vídd
104741,Sufjan Stevens,The BQE: Part 3
153746,Philippe Petit,Lenox Avenue Tintinnabulum
152537,Meredith Monk,Facing North: Hocket
120574,Keith Jarrett,Ritual Prayer
130289,Marcelo Zarvos,Nepomuk's Dances: Arrival
154613,Caleb Burhans,Once In A Blue Moon
159013,Mica Levi,Lipstick to Void
105335,Steve Reich,"Variations for Vibes, Piano and Strings: 2. Slow"
152130,UMFANG,Path
153405,Helado Negro,Transmission Listen
151593,Paola Prestini,Sympathique
151121,Visible Cloaks,Valve
133613,Missy Mazzoli,Tooth and Nail
152810,Kaitlyn Aurelia Smith,Yugoslavia
127443,Brian Eno,An Ending (Ascent)
148817,Yann Tiersen,Pern
152000,The Hands Free,It's She
154452,Ava Luna,Centerline
150934,Tyshawn Sorey,Cascade in Slow Motion
148049,Johann Johannsson,The Theory of Everything: Forces of Attraction
148835,Julianna Barwick,Someway
149004,Rachel Grimes,In the Vapor with the Air Underneath
159027,Arooj Aftab,Mohabbat
152177,Cate Le Bon,Wonderful
153860,Jherek Bischoff,Celebration (Featuring The Celebration Choir)
146962,Christopher Cerrone,Hoyt-Schermerhorn
118622,John Luther Adams,Dream in White on White
151786,ADR,Open Invitation
159025,Vijay Iyer,Augury
147778,Amiina,Perth
159002,Osvaldo Golijov,Wa Habibi
153359,Dan Deacon,Rat Film: Calhoun
159004,Julia Wolfe,Protest
102115,Moondog (Louis Hardin),Witch of Endor
153719,Makaya McCraven,Atlantic Black
153824,Roger Waters,Wait For Her
144258,John Adams,China Gates
152662,Nik Bartsch's Ronin,Modul 34
154713,Tamayugé,Jyu Hantai
158432,Quest Ensemble,Pizz Trance
148795,Devonte Hynes (Blood Orange),Palo Alto: Fred Drives
107782,Philip Glass,Dance II
153358,Dan Deacon,Rat Film: Seagull
150042,Ryuichi Sakamoto,Solari
125898,Nils Frahm,Old Thought
133130,Shara Nova,From the Invisible to the Visible
137649,Glenn Kotche,The Haunted mvt. 5 - Dance
152972,Pariah,Linnaea
148863,Steve Reich,Music for 18 Musicians: Section IX
151688,Noveller,Deep Shelter
154615,Daniel Thorne,From the Other Side Of The World
121585,Patrick Burke,Awake
159046,Hania Rani,Dunkel
119231,Nicole Lizee,"Girl, You're Living a Life of Crime"
118469,Angelica Negron,Aventuras en el Agua
159036,big dog little dog,Cipher
134478,Daniel Wohl,Corpus
159024,Einojuhani Rautavaara,"Cantus Arcticus, Op. 61: I. The Bog"
151015,Third Coast Percussion,Paddle to the Sea: Thaw
158734,Maya Youssef,Silver Lining
153878,Brian Eno,1/2 (arr. David Lang)
153613,Christina Vantzou,Remote Polyphony
153089,Gossamer,III. Encounter
154045,Glenn Kotche,Wild Sound Part 4
153546,Mary Lattimore,Hello From the Edge of the Earth
151966,Terry Riley,Across the Lake of the Ancient Word
159006,Rhiannon Giddens,Ten Thousand Voices
154799,Maya Youssef,The Seven Gates of Damascus
117892,Laurie Anderson,Another Day in America
158992,Les Filles de Illighadad,Surbajo
131048,Ingram Marshall,Son of Soe-pa
148504,Osvaldo Golijov,"Last Round, mvt. II: Lentissimo"
152809,Arthur Moon,Boxing
155627,Nora Morrow,Rose Moon
154716,Panorama Sound,Everywhere
148048,Johann Johannsson,The Theory of Everything: Domestic Pressures
151098,Tyondai Braxton,ArpRec1
153594,Sufjan Stevens,Year of the Dog
119352,Cameron Britt,Gossamer Albatross
152048,Bill Frisell,In Line
143783,Peter Gregson,Time
122419,Goran Bregovic,Champagne
151001,Philip Glass,Japura River
149273,Ryuichi Sakamoto,Asnyc: Ubi
151549,Olga Bell,Krasnoyarsk Krai
154802,Sussan Deyhim,The Candle And The Moth
119327,Clogs,2:3:5
138157,Jacob Cooper,Silver Threads III. Antique Windfall
137653,Glenn Kotche,Anomaly mvt. 3
150242,LCD Soundsystem,Pulse (v1)
152870,Jon Hassell,Dreaming
153252,Holly Herndon,Interference
142746,Julia Wolfe,Reeling
136810,Arcade Fire,Her: Sleepwalker
148043,Emilie Levienaise-Farrouch,Scale of Volatility
146257,Tim Hecker,Violet Monumental II
158703,Kaki King,Teek
154796,Catlin Magi,Siidisulgis Linnukene
128112,Okkyung Lee,Yellow River
144166,Ingram Marshall,Fog Tropes
154101,Sam Gendel,East LA Haze Dream
152791,Tess Roby,Catalyst
136829,Explosions in the Sky & David Wingo,Prince Avalanche: An Old Peasant Like Me
158989,Mdou Moctar,Taliat
154794,Sona Jobarteh,Gambia
152789,Stereolab,The Flower Called Nowhere
153541,Esmerine,Translator's Clos I
107764,Nico Muhly,Quiet Music
130418,Caroline Shaw,Partita for Eight Voices: Passacaglia
138996,Elena Kats-Chernin,Variations in a Serious Black Dress
158979,dal:um,The Waves
158696,Gwenifer Raymond,Hell For Certain
158695,Abel Selaocoe,Keld ft Abel Selaocoe & Callum Connell
119338,Padma Newsome,Beating Stick
153373,Jon Hopkins,Neon Pattern Drum
136466,Lubomyr Melnyk,Marginal Invitation
152673,Catrin Finch and Seckou Keita,1677
159009,Traditional / Rhiannon Giddens,Little Margaret
140892,Anna Thorvaldsdottir,Trajectories
101715,Philip Glass,Koyaanisqatsi: Clouds
106562,Steve Reich,Duet
154685,Bambi Lou,President
151990,The Hands Free,Lost Halo
153722,Sarah Davachi,Evensong
121705,Gavin Bryars,The Vespertine Park
152888,Johann Johannson,Odi et Amo
154715,Panorama Sound,Wander (feat. Pilar)
130688,Hildur Ingveldardottir Guonadottir,Erupting Light
152208,Public Service Broadcasting,People Will Always Need Coal
159008,"Oscar Brown, Jr / Rhiannon Giddens",Brown Baby
126377,Arthur Russell,"Instrumentals Vol. 2, Track 13"
148385,Torbjorn Omalm,Huhta
113971,John Luther Adams,Dark Wind
149077,Steve Reich,The Four Sections: Movement 3
150526,Thor & Friends,Swimming with Stina
138280,Edgar Meyer,1B
138153,Jacob Cooper,Silver Threads: I. Silver Threads
154448,Kelly Moran,Autowave
154797,Catilin Magi,Lüttat-Tüttat
143224,John Supko,Divine the Rest
148841,Julianna Barwick,One Half
135117,Nigel Westlake,Onomatopoeia
155357,Cecilia McDowall,Three Latin Motets
115837,Arvo Part,Tabula rasa: Ludus
146793,Aleksandra Vrebalov,The Sea Ranch Songs: Elements I
121217,Zoe Keating,Legions (War)
152258,Blonde Redhead,In Particular
115836,Arvo Part,Summa
154047,Vula Viel,Do Not Be Afraid
158341,Anna Clyne,Rest Your Hands
130423,Judd Greenstein,Aeiou
152256,Missy Mazzoli,Vespers for Violin (and Electronics)
148307,Sarah Neufeld & Colin Stetson,The Sun Roars Into View
148989,Juana Molina,Sin Domes
153636,Poppy Ackroyd,Quail
150360,"Ensemble, Et Al",Medal Meddle Metal
153533,Henrique Eisenmann,Sarabande No. 2
148831,Bell Orchestre,The Upwards March
154055,Makaya McCraven,Young Genius
127626,John Luther Adams,Strange Birds Passing
136236,Du Yun,When a Tiger Meets a Rosa Rugosa
155803,Alev Lenz,After Every Winter Must Come Spring
137708,Amon Tobin,Bloodstone (In-Concert Recording)
108955,Carolyn Yarnell,Lapis Lazuli
133705,David Lang,Death Speaks: I am walking
152895,Sudan Archives,Nont for Sale
147729,Efterklang,Dreams Today
150045,Joshua Abrams & Natural Information Society,St. Cloud
123112,Shara Nova,"A Paper, a pen, a note to a friend"
152792,Hiroshi Yoshimura,Water Copy
151881,Steve Reich,Quartet: II. Slow
154178,Tess Roby,Air Above Mirage
142972,Ann Southam,Glass Houses #1
158490,John Tavener,Mahamatar
138837,Julianna Barwick,Very Own
150923,Nico Muhly,Comfortable Cruising Altitude
154616,Mary Lattimore & Mac McCaughan,III
141169,Florent Ghys,Beaute Plastique
154599,Gemma Peacocke,Love
158501,Meriheini Luoto,Metsänpeitto I
139119,Anna Clyne,Prince of Clouds
153473,Zoe Keating,Nix
143423,Terry Riley,Autodreamographical Tales 6: See Them Out There
137651,Glenn Kotche,The Traveling Turtle
112757,Meredith Monk,Impermanence: Maybe 1
158326,Benjamin Louis Brody + Ian Chang,ASMR II
134470,Daniel Wohl,Neighborhood
122050,John Luther Adams,...and Bells Remembered
151986,The Hands Free,Kellam's Reel/Rusty Gully
143461,Michel van der Aa,Violin concerto Mvmt. 3
153530,Henrique Eisenmann,Jeneupti
154798,Maya Youssef,Queen Of The Night
153895,Kaitlyn Aurelia Smith,Riparian
151804,David Lang,Just (After Song of Songs)
158331,Laraaji,Through Luminous Eyes 1
146131,Steve Reich,Double Sextet: 1. Fast
150060,Public Service Broadcasting,Tomorrow
121233,Zoe Keating,Don't Worry
152110,Ellen Arkbro,For Organ and Brass
154175,Susumu Yokota,Fairy Dance of Twinkle and Shadow
153826,Padma Newsome,All Hollowed Out
112690,Nico Muhly,A Hudson Cycle
154789,Rajna Swaminathan,Offering
135639,Bryce Dessner,Aheym
148572,John Luther Adams,In the White Silence: Letter B
146897,Arvo Part,Da Pacem Domine
127087,Christopher Tignor,Electricity Turns Them On
103764,Laurie Anderson,Hiawatha
130164,Missy Mazzoli,Still Life With Avalanche
120079,Jónsi & Alex,Happiness
158704,Kaki King,Can't Touch This Or That Or You Or My Face
148627,Ballaké Sissoko & Vincent Segal,Chamber Music
121273,Kate Moore,Spin Bird
154040,María Huld Markan Sigfúsdóttir,Spirals
154600,Gemma Peacocke,Bees
113095,Eve Beglarian,Until It Blazes
146222,Jherek Bischoff,Closer to Closure
153854,M. Geddes Gengras,Kapoho
154612,Daniel Palkowski,Asana Suite: OpeningMantra
154041,Daníel Bjarnason,Blow Bright
153983,Alice Coltrane,Wisdom Eye
154281,George Oakley,Toccata
107377,David Lang,Born to be Wild
153660,Poppy Ackroyd,Luna
153987,Paul Bley Trio,Ida Lupino
153606,Hatis Noit,Illogical Lullaby
154792,Elza Soares,Banho
153538,Daniel Brandt,Ltd
135545,Steve Reich,Vermont Counterpoint
153851,Laurel Halo,Quietude
117574,Matmos,Flame
150928,Anna Thorvaldsdottir,Fields
137726,Kimmo Pohjonen and Samuli Kosminen,Uniko: VII. Avara
115839,Arvo Part,Wallfahrtslied (Pilgrim's Song)
131119,Laurie Spiegel,The Orient Express
153604,Olafur Arnalds,ekki hugsa
130632,Missy Mazzoli,"Dissolve, O My Heart"
151003,Philip Glass,Madeira River
154795,Sona Jobarteh,Gainaako
153995,Makaya McCraven,Suite Haus (feat. Nubya Garcia)
153981,David Bowie and Brian Eno,Moss Garden
143692,Bryce Dessner,Murder Ballades: Dark Holler
118477,Angelica Negron,Music for Students: Kyle Parker
146239,Tim Hecker,Obsidian Counterpoint
126243,Julianna Barwick,Envelop
140039,Vijay Iyer,Dig The Say
125043,Jakub Ciupinski,Continuum: Second Movement
150926,Richard Reed Parry,The Brief and Neverending Blur
152588,Childish Japes,Before You Die
146221,Jherek Bischoff,Automatism
154801,Sussan Deyhim,Majoun
153659,Paul Wiancko,Lift: Part III [Galacial - Maniacal - Lift]
148781,Steve Reich,Mallet Quartet: 1. Fast
136800,Hanan Townshend,To the Wonder: Toil
158504,Meriheini Luoto,Metsänpeitto III
149000,Bell Orchestre,Icicles / Bicycles
154042,Nnamdi Ogbonnaya,Freeze
153091,Tigue,Cranes
152578,Beverly Glenn-Copeland,Ghost House
141176,Florent Ghys,Teamwork
153603,Olafur Arnalds,undir
153635,Poppy Ackroyd,Paper
152112,William Basinski,Melancholia II
134724,Max Richter,On The Nature of Daylight
154727,Mahsa Vahdat,I Was Dead
143228,Judd Greenstein,City Boy
158339,Dmitri Yanov-Yanovski,Short Epitaph (for two violas)
123111,Sarah Kirkland Snider,Daughter of the Waves
142985,Lubomyr Melnyk,Evertina
119331,Clogs,Fiddlegree
151600,Jennifer Jolley,Bullet Time (for 9 Violas)
148982,Threefifty,Crossing State Lines
152592,Battles,Ice Cream (Featuring Matias Aguayo)
148583,Philip Glass,Glassworks: 1. Opening
151837,Alva Noto + Ryuichi Sakamoto,Ax Mr. L.
134308,William Bolcom,Graceful Ghost
158705,Kaki King,Great Round Burn
142751,Tyondai Braxton,Casino Trem
116086,Hildigunnur Rúnarsdóttir,Vocalise
148453,Agnes Obel,Under Giant Trees
158699,Gwenifer Raymond,Gwaed am Gwaed
154529,Eli Keszler,Enter the Brist
158694,Abel Selaocoe,Eastern Bells ft Beka Reid & Seth Sutton
158508,Yasmin Williams,Dragonfly
151119,Visible Cloaks,Terrazzo
158601,Kirsten Volness,River Rising
152330,Tangents,Jindabyne
148200,A Silver Mt. Zion,Stumble Then Rise on Some Awkward Morning
154790,Park Jiha,Arrival
151819,Traditional Bulgarian,Kalimankou Denkou
153680,SANS,Kulkija - The Walking Song
127136,Tortoise,Ten-Day Interval
152658,Tomaga,The Inexorable Sadness of Pencils
151787,Anna Meredith,Calion
129597,Philip Glass,Facades
158503,Meriheini Luoto,Metsänpeitto II
142560,Wally Gunn,The Fence Is Gone
152656,Ex Easter Island Head,Ten Bells
150873,Ursula K. Le Guin,Music and Poetry of The Kesh: Heron Song
119083,Tristan Perich,"1-Bit Symphony, movement 1"
152651,Metá Metá,Logun
134475,Daniel Wohl,Limbs
123340,David Lang,The Little Match Girl Passion: We Sit and Cry
112095,Steve Reich,Music for 18 Musicians
112267,Terry Riley,In C
124005,Anna Thorvaldsdottir,Hrim
100015,Meredith Monk,Do You Be
158492,John Tavener,Popule meus
121376,Tyondai Braxton,Platinum Rows
153661,Poppy Ackroyd,Resolve
123110,Shara Nova,"A Whistle, A Tune, A Macaroon"
152145,Ellen Fullman,Change Of Direction
152113,Delia Gonzalez,In Through The Light
152479,Kara-Lis Coverdale,Imgs/r
151934,Sons of Kemet,My Queen is Angela Davis
152257,Laurel Halo,Years
121808,Philip Glass,Etude 5
151846,Satoshi & Makoto,Flour
112370,Laurie Anderson,From the Air
158605,iboukle Martinaityte,Saudade
152129,Kelly Lee Owens,S.O
151880,Steve Reich,Quartet: I. Fast
151622,Colleen,Soul Alphabet
105739,Steve Reich,Electric Guitar Phase
101318,Terry Riley,Land's End
124386,Richard Reed Parry,"For Heart, Breath and Orchestra"
151825,Haley Heynderickx,The Bug Collector
153360,Dan Deacon,Rat Film: Rat Poison
105949,David Lang,"Cheating, Lying, Stealing"
158457,Errollyn Wallen,Chorale
151689,Sarah Davachi,For Voice
159023,Vijay Iyer,Touba
152992,Antonio Vivaldi,WINTER - Low Light
151654,Jonny Greenwood,Phantom Thread: I'll Follow Tomorrow
153536,Collectress,Woodenheart
154793,Elza Soares,Mulher do fim do mundo
153535,Trio Chemirani,Synkathistos
150222,Valiska,Heavy Riser
154686,Caroline Shaw,Plan & Elevation: IV. The Orangery
152879,Jon Hassell,Caravanesque
154503,John Zorn,Kochot
158602,Elori Saxl,The Blue of Distance
159011,Mica Levi,Creation
151962,Glasser,Mirrorage
158500,Meriheini Luoto,Metsänpeitto V
159015,Mica Levi,Alien Loop
151820,Hanna Benn,Unfasten
127144,Tortoise,Four-Day Interval
153543,Esmerine,19/14
148382,Kelly Moran,Limonium
128505,Steve Reich,Electric Counterpoint: 1. Fast
152502,Tsembla,Penumbra
151964,David Bowie (with Brian Eno),Warszawa
158613,Emmy Lindstrom,Song About Em
151963,Julianna Barwick,The Magic Place
153531,Issam Rafea and Gao Hong,Chasing Butterflies
151939,Sons of Kemet,My Queen Is Harriet Tubman
152322,Mdou Moctar,Sousoume Tamachek
153542,Dawn of Midi,Io
157825,Colin Stetson,Sorrow: III.
151124,Visible Cloaks,Mask
153849,Nirmala Rajasekar - Maithree,Mary O'Neil
121584,David Crowell,Waiting in the Rain for Snow
142992,Poppy Ackroyd,Roads
158603,Patricia Brennan,Solar
146043,Frank Zappa,G-Spot Tornado
108266,Steve Reich,Different Trains: After the War
127132,Tortoise,Swung from the Gutters
159041,BON,Veritas
159012,Mica Levi,Mirror to Vortex
158706,Soojin Suh,Colorist lll - Stream Of Consciousness
158509,Yasmin Williams,Swift Breeze
130427,Merrill Garbus,Quizassa
117890,Laurie Anderson,Only An Expert
136900,Osvaldo Golijov,Youth Without Youth: Youth Without Youth
109843,Tyondai Braxton,Uffe's Woodshop
158698,Gwenifer Raymond,Eulogy for Dead French Composer
105765,Jason Treuting,July
145364,Christopher Cerrone,South Catalina
142748,Michael Gordon,Gene Takes a Drink
158604,Amanda Berlind,Woog
120965,John Hollenbeck,"Gray Cottage Study No. 4 ""healing and gratitude"""
140879,Philip Glass,Etude 2
158515,Meriheini Luoto,Metsänpeitto VI
119372,Darcy James Argue,Transit
123354,Meredith Monk,Facing North: Long Shadows 2
150529,David Crowell,Echolocation
159082,Odalie,Camille
152577,Beverly Glenn-Copeland,Ever New
139730,Sufjan Stevens,The Human Plague
100154,Terry Riley,The Cusp of Magic: Prayer Circle
154176,Yves Tumor,Economy of Freedom
153857,Marcus Fischer & Simon Scott,Thorns
119571,Padma Newsome,To Hugo
119241,Aphex Twin,4
154156,Loose Fur,Chinese Apple
149071,Steve Reich,Radio Rewrite: 1. Fast
150315,Leah Kardos,Malio Malio
103472,John Adams,China Gates
158512,Yasmin Williams,Jarabi
146135,Philip Glass,Music in Fifths
102458,Colin Jacobsen,"Beloved, do not let me be discouraged"
148442,Agnes Obel,Fuel to Fire
159022,Vijay Iyer,Break Stuff
144888,Daniel Wohl,Progression
153996,Yazz Ahmed,The Lost Pearl (Hector Plimmer Remix)
148553,John Mackey,Sheltering Sky
158653,Damon Locks - Black Monument Ensemble,Now (Forever Momentary Space)
147781,Amiina,Sexfaldur
154502,John Zorn,Bikkurim
154768,Meredith Monk,Ellis Island
133704,David Lang,Death Speaks: pain changes
135266,Phil Kline,The Long Winter
153910,Shore,A Hundred Times
152941,Ai Messiah,Sentience & Sapience
148826,Nils Frahm,Because This Must Be
158519,Meriheini Luoto,Metsänpeitto IX
137772,Osvaldo Golijov,The Man Who Cried: Close Your Eyes
140883,Philip Glass,Etude 6
150316,Leah Kardos,The Calm Work
152267,Tropic of Cancer,I Woke Up and the Storm Was Over
141935,Julia Holter,"Memory Drew Her Portrait (Live from Merkin Concert Hall on February 25, 2015)"
159047,Hania Rani,Spring
151120,Visible Cloaks,Bloodstream
130693,Hildur Ingveldardottir Guonadottir,Opaque
159035,Pamela Z,The Schmetterling
158656,Simon Knighton,Monster Ballet
106794,Steve Reich,Cello Counterpoint
159029,"Ballake Sissoko, Sona Jobarteh",Djourou
148143,Kaitlyn Aurelia Smith,Rare Things Grow
150223,Valiska,Softness
119951,David Lang,"Amjad ""Sleeping Panorama"""
159020,MIA,Galang (Trio Riot Version)
148445,Agnes Obel,September Song
159010,Gian Carlo Menotti / Rhiannon Giddens,Black Swan
148582,Aaron Dessner,Transpecos: Final Theme
149426,Philip Glass,Satyagraha: Evening Song
158510,Yasmin Williams,Adrift (ft. Taryn Wood)
107234,Phil Kline,The Blue Room: Tarantella
119336,Padma Newsome,Pencil Stick
153875,Imarhan,Tarha Nam
150057,Rafiq Bhatia,Open Spaces;  Open Minds
148139,Kaitlyn Aurelia Smith,First Flight
151981,Kelly Lee Owens,Bird
151126,Bobby Previte,Casting Off
158518,Meriheini Luoto,Metsänpeitto VIII
119350,Caleb Burhans,Keymaster
151748,Michael Gordon,River
159014,Anna Meredith,Paramour
153601,Olafur Arnalds,ypsilon
105999,Meredith Monk,Impermanence: Mieke's Melody #5
150532,Nils Frahm,A Place
154885,Elena Kats-Chernin,Dance of the Paper Umbrellas
150686,Four Tet,Two Thousand and Seventeen
105121,Phil Kline,The Blue Room: March
158982,Cocanha,Cotelon
148983,Tunde Jegede,Song of the Waterfall
153855,Moses Sumney,Worth It
134160,Terry Riley,A Rainbow in Curved Air
154664,Christine Delphine Hedden,Kitchen Dance
128201,Yoshio Machida,Valley of Wind
146787,Aleksandra Vrebalov,The Sea Ranch Songs: Fort Ross Chorale
119326,Clogs,5/4
158633,Caroline Shaw,Narrow Sea
125076,David Lang,Sunray
146528,Caleb Burhans,Remembrance
150061,Jenny Hval,Oslo Oedipus
147782,Sarah Neufeld,Chase the Bright and Burning
159030,John Hollenbeck,Joys & Desires #3 - The Garden of Love
116410,Nils Frahm,Ambre
154151,L/F/D/M,Texan Flower Girl
148317,Hauschka,Constant Growth Fails
159007,Ola Belle Reed / Rhiannon Giddens,Letter
149006,Explosions in the Sky,Landing Cliffs
159080,Resina,Mercury Immersion
159019,John Lennon / arr. Vijay Iyer,Imagine
153808,Goran Bregovic,Underground Tango
117111,Meredith Monk,"Book of Days: Travellers 1,2,3"
148494,Marcos Balter,meltDown Upshot: 1. Credo
130273,John Adams,Hallelujah Junction
105594,Philip Glass,Koyaanisqatsi: Koyaanisqatsi
152724,Vijay Iyer,Far From Over
149479,Crystal Mooncone,Fossil Tears
154302,Lubomyr Melnyk,Requiem For A Fallen Tree
153537,Joep Beving,Hanging D
158517,Meriheini Luoto,Metsänpeitto VII
112254,Terry Riley,Counting in C
154179,DRINKS,Blue From the Dark
147586,Steve Reich,Tehillim: Part 1
120076,Jim O'Rourke,I'm Happy
122386,Nico Muhly,Motion
158585,Elena Kats-Chernin,Blue Rose
153540,Daniel Herskedal,The Roc
158658,Robert Bentall,Novakoski
140463,Jessica Meyer,Hello
152385,Jennifer Jolley,"Prisoner of Conscience, V. Police and Thieves"
154611,Vula Viel,Fire
125894,Nils Frahm,Keep
159001,Sarah Louise,Rime
125181,Jakub Ciupinski,The Architect's Brother
153200,Tropic of Cancer,Plant Lilies at My Head
105181,Philip Glass,Kundun: Selections
159081,Jo Berger Myhre,Aviary
123403,Henryk Gorecki,"Symphony No. 3, Op. 36, ""Symphony of Sorrowful Songs"": 2. Lento e largo - tranquillissimo"
150062,Jenny Hval,The Seer
153470,Zoe Keating,Icefloe
147948,Johann Johannsson,Flight from the City
150059,Public Service Broadcasting,The Race for Space
131687,John Adams,Sri Moonshine
159079,Resina,Darwin's Finches
149010,Explosions in the Sky,"So Long, Lonesome"
158987,Nubya Garcia,La cumbia me esta llamando
119233,Nicole Lizee,Jupiter Moon Menace
123107,Son Lux,Beautiful Mechanical
152733,Seabuckthorn,What the Shepherds Call Ghosts
152121,Fiona Brice,Berlin
148595,Agnes Obel,Stretch Your Eyes
150253,Qasim Naqvi,Aligned
155804,Alev Lenz,Laura
158673,Moses Boyd,Y.O.Y.O
153612,Christina Vantzou,At Dawn
148588,Philip Glass,Glassworks: 6. Closing
108323,Gavin Bryars,The Sinking of the Titanic
152650,Tigue,Dress Well
153545,Mary Lattimore,It Feels Like Floating
154450,Sam Gendel and Sam Wilkes,THEEM AND VARIATIONS
148455,Agnes Obel,Fuel to Fire [David Lynch Remix]
154449,Meg Baird & Mary Lattimore,Between Two Worlds
152049,Bill Frisell,Rambler
158665,Infinity Knives (Tariq Ravelomanana),"Thus Spoke My Father, The Coward"
117386,Valgeir Sigurđsson,"Cold Ground, Hot II"
148786,Penguin Cafe,Solaris
151982,Cocteau Twins,Fifty-Fifty Clown
146066,Kate Moore,Velvet
152768,Henrik Schwarz,AlgoRhythm
154391,Kaija Saariaho,"Cloud Trio - I. Calmo, medtitato"
117133,Bora Yoon,Sons Nouveaux
153556,BOTANY,Ory (Joyous Toil)
135546,Marcos Balter,Pessoa
158662,Jason Moran,Follow the Light
152667,The Kraken Quartet,Chance The Dog (the song)
144595,Philip Glass,"Einstein on the Beach: Trial 2, Prison (Ensemble)"
151785,Marielle V Jakobsons,Star Core
151677,Colleen,Everyone Alive Wants Answers
119324,Johann Hieronymus Kapsburger,Kapsburger
151102,Anna Thorvaldsdottir,Aura
153472,Zoe Keating,Possible
158671,Tomaga,REVERIE FOR FRAGILE HOUSEPLANTS
147108,Meredith Monk,On Behalf of Nature: Spider Web Anthem
153547,Mary Lattimore,Wawa By The Ocean
151016,Third Coast Percussion,Paddle to the Sea: The Lighthouse
152714,"Daniel Wohl, recomposer",Extra Pressure (Remix of Partita by Caroline Shaw)
117384,Valgeir Sigurđsson,Draumaland
152251,Dustin O'Halloran,"An Ending, A Beginning"
159017,Anna Meredith,The Vapours
152053,Philip Glass,Piano Concerto No. 3: Movement I
158520,Meriheini Luoto,Metsänpeitto X
134749,Caleb Burhans,The Things Left Unsaid
153599,Olafur Arnalds,re:member
154051,Thom Yorke,The Universe Is Indifferent
153459,Duncan Bellamy,Endless
138173,Nicole Lizee,"Death to Kosmische (Live from the Greene Space on March 24, 2014)"
153384,Motion Graphics,Anyware
158674,Moses Boyd,Stranger Than Fiction
152790,Steve Reich,"Tehillim: II: Psalm 34: 13-15 ""Mihaish heychahfaytz chayyim"""
106975,Okkyung Lee,Sky
138747,Richard Carrick,Sinking
148141,Kaitlyn Aurelia Smith,Envelop
135181,Daniel Bjarnason,Emergence
137784,Ryan Francis,"Etudes for Piano, 6. Loop"
144597,Colin Stetson,From No Part of Me Could I Summon a Voice
116415,Nils Frahm,Said and Done
124284,Jherek Bischoff,Cistern 1 VRSN2
121194,Nick Zammuto,Fast Pasture
158668,Infinity Knives (Tariq Ravelomanana),Death of a Hip Hop Dancer
149427,Philip Glass,Akhnaten: Hymn To The Sun
153933,Tim Hecker,This Life
141172,Florent Ghys,"No Lemon, No Melon"
153354,Dan Deacon,Rat Film: Pelican
153828,Padma Newsome,Cloud Theory
149277,Mary Lattimore,The Quiet at Night
148309,The Books,Cello Song
153521,Gregory Beyer,"Berimbau Trio no. 1, ""Harmonia"""
148628,Ballaké Sissoko & Vincent Segal,Oscarine
158672,Tomaga,INTIMATE IMMENSITY
114204,Gyorgy Ligeti,Etudes for Piano (adapted for player piano) X. Der Zauberlehrling
153646,Thom Yorke,Suspirium
139738,Francesco Tristano,A Soft Shell Groove
143698,Son Lux,To Love
153375,Jon Hopkins,Feel First Life
100295,Mark Dancigers,Cloudbank
148789,Penguin Cafe,Moonbo
134731,Conrad Tao,vestiges: upon ripping perforated pages
136808,Ólafur Arnalds,Another Happy Day: Poland
148838,Julianna Barwick,Crystal Lake
110746,Nico Muhly,Flexible Music
158664,Jason Moran,How much more terrible was the Night
148197,Johann Johannsson,Arrival: Heptapod B
149999,Oneohtrix Point Never,Problem Areas
148512,Philip Glass,"String Quartet No. 3, ""Mishima,"" mvt. V: Mishima/Closing"
153526,Kamasi Washington,Fists of Fury
136931,Massive Attack,Danny the Dog: Two Rocks and a Cup of Water
146237,Jherek Bischoff,The Sea's Son
150046,Dexter Story,Eastern Prayer ft. Nia Andrews
153502,Ben Lamar Gay,Miss Nealie Burns
152268,Zeena Parkins,Coda
158660,Héloďse Werner,coronasolfčge for 6
153877,The Cradle,Bag of Holding
129850,Ben Frost & Daniel Bjarnason,Reyja
148798,Zammuto,Smolt
153527,Gregory Beyer,"Berimbau Quartet no 1, ""Chip"""
153021,Masayoshi Fujita,Spaceship Magical
152101,Eva Quartet,"Sto Si Sednala, Done"
153471,Zoe Keating,Forte
158659,Simon Dobson,Unsual(ly) Light
129598,Philip Glass,The Grid
123453,Steve Reich,Dance Patterns
115279,Philip Miller,9 Drawings for Projection: Weighing and Wanting
154617,D.J. Sparr,Earthcaster Suite I. Drips
158669,Infinity Knives (Tariq Ravelomanana),Für Arvo (in 2005)
153751,Resina,Glimmer
148297,Johann Johannsson,The Miners' Hymns: Freedom from Want and Fear
154598,Padma Newsome,Song of the Bees (Artifact)
136649,Andrew York,Sunburst
121497,Matt Marks,"The Little Death, Vol. 1: Penetration Overture"
158663,Jason Moran,Toni Morrison said Black is a Rainbow (Shadow)
107552,Philip Glass,Koyaanisqatsi: Pruitt Igoe
153984,Kraftwerk,Franz Schubert
145762,Anna Clyne,"Rewind (Live from the Chicago Symphone Orchestra on April 3, 2014)"
126280,Dan Deacon,Big Milk
148832,Julianna Barwick,Beached
119245,Aphex Twin,Jynweythek Ylow
128104,Okkyung Lee,Kung
149476,Nicholas Britell,Moonlight: Little's Theme; The Spot; Chiron's Theme
142557,Wally Gunn,The Beginning And
152729,Helena Espvall & Masaki Batoh,Kling Klang
144596,Colin Stetson,The Righteous Wrath of an Honorable Man
148833,Julianna Barwick,Big Hollow
125072,Vladimir Martynov,The Beatitudes
158689,Electric Jalaba,Daimla
146137,Ryan Francis,Remix
122489,Matt Marks,"The Little Death, Vol. 1: Sing"
149272,Ryuichi Sakamoto,Async: Stakra
150791,Kamancello,Radiance
143444,Terry Riley,Half-Wolf Dances Mad in Moonlight
144117,Julia Wolfe,Anthracite Fields: Flowers
118151,Missy Mazzoli,A Door Into the Dark
152535,Aka Pygmies,Dikoboda Sombe ii
150128,Four Tet,Circling
144592,Bing & Ruth,The Towns We Love Is Our Own
158980,Arooj Aftab,Inayaat
127567,Cornelius Dufallo,Violin Loop I
122786,Clogs,Bed and Rest
134743,Nico Muhly,Beaming Music
108330,Dumisani Maraire,Mai Nozipo (Mother Nozipo)
131060,Jim Fox,Colorless sky became fog
134750,Caleb Burhans,Nunc dimittis
112392,John Adams,Hoodoo Zephyr
135319,John Zorn,Gnostic Prelude VIII. The Invisibles
146065,Kate Moore,Stories for Ocean Shells
151644,Moira Smiley,One Step Dance
119236,Aphex Twin,Logon Rock Witch
148381,Kelly Moran,Freesia
117573,Matmos,Aluminum
136308,Kala Ramnath,Aalap and Tarana
130627,Ryuichi Sakamoto,CHASM
105027,Okkyung Lee,Story of You and Me
108720,Louis Andriessen,La Passione (The Passion): Una forma nera cornuta (A horned black form)
131110,Laurie Spiegel,Patchwork
148846,Max Richter,Mrs. Dalloway: Meeting Again
158893,Xavier Foley,Shelter Island
118470,Angelica Negron,Remando en el Mismo Lugar
117380,Valgeir Sigurđsson,Past Tundra
106273,Philip Glass,Satyagraha
138832,Dustin O'Halloran,Minim
106939,Osvaldo Golijov,Radio
154618,Paolo Angeli,Hunting Bears (Trilogia del Tempo)
154591,Stoic,Something Vanishing
151525,Oumou Sangare,Minata Waraba (Sampha Remix)
148840,Julianna Barwick,Labyrinthine
158667,Infinity Knives (Tariq Ravelomanana),Dis Dumbass Ghost
148441,Emilie Levienaise-Farrouch,Minnesang
148779,Steve Reich,Double Sextet: 3. Fast
153258,Holly Herndon,An Exit
136824,Jon Hopkins,How I Live Now: Lost Map/The Hawk
148619,Julia Kent,Gardermoen
121222,Zoe Keating,Legions (Reverie)
105599,Meredith Monk,Gotham Lullaby
120009,Johann Johannsson,Eg sleep per aldrei
148484,Einojuhani Rautavaara,"Symphony No. 7 ""Angel of Light,"" mvt. III"
144469,Brian Eno,"Discreet Music, part III"
153391,Motion Graphics,Mezzotint Gliss (instrumental)
158690,Electric Jalaba,Agia Hausa
148183,Philip Glass,"String Quartet No. 3, ""Mishima"": I. 1957: Award Montage"
142542,Owen Pallett,Chorale
148295,Bing & Ruth,Rails
148621,Julia Kent,Transportation
116812,Terry Riley,G Song
158733,Ellen Fullman & Theresa Wong,Harbors Part 2
147473,Kjartan Sveinsson,Teil I
153930,William Brittelle,The Colossus
153634,Caroline Shaw,Blueprint
133525,Nicholas Cords,Five Migrations
148142,Kaitlyn Aurelia Smith,"When I Try, I'm Full"
158693,Abel Selaocoe,Ulibambe
148788,Penguin Cafe,(The Roaring of A) Silent Sun
146816,Florent Ghys,Friday 3pm
104658,Meredith Monk,Impermanence: Rocking
151629,Samora Pinderhughes,History
141173,Florent Ghys,Invitation to Love
109033,Louis Andriessen,Bells For Haarlem
121341,Todd Reynolds,Icy Sleeves of Green v2.0
103954,Nico Muhly,Pillaging Music
148397,John Adams,Coast
158990,Mabe Fratti,Hacia el Vacio
132095,Lubomyr Melnyk,Nightrail From The Sun
123113,Judd Greenstein,"Clearing, Dawn, Dance"
146224,Jherek Bischoff,Headless
118475,Angelica Negron,Hoy Es Un Dia Nublado
153602,Olafur Arnalds,partial
121750,Francesco Tristano,Strings Of Life
127926,Hilary Hahn / Hauschka,Ashes
109464,Steve Reich,Tehillim: Part 2
153894,Colleen,Humming Fields
148294,Bing & Ruth,Starwood Choker
158652,Damon Locks - Black Monument Ensemble,Now (Forever Momentary Space)
111278,Einojuhani Rautavaara,Divertimento
154280,Max Richter,On The Nature Of Daylight (Orchestral Version)
113129,Paola Prestini,Sounds: Last Hymn
131113,Laurie Spiegel,A Folk Study
143567,Arvo Part,Fratres
148039,Aphex Twin,Next Heap With
136828,Explosions in the Sky & David Wingo,Prince Avalanche: Theme from Prince Avalanche
143677,Andy Akiho,KARakurENAI
153376,Jon Hopkins,C O S M
149477,Nicholas Britell,Moonlight: End Credits Suite
158691,Electric Jalaba,Briando
114099,Ryuichi Sakamoto,Reversing
154153,Jessika Kenney and Eyvind Kang,Kidung
107359,Jennifer Higdon,String Poetic: Nocturne
153353,Dan Deacon,Rat Film: Horn Phase
147102,Meredith Monk,On Behalf of Nature: Eon
152657,Erland Dahlen,Wood
128734,Dustin O'Halloran,Fragile N.4
151640,Moira Smiley,Mother of Invention
148834,Julianna Barwick,Nebula
140620,Louis Andriessen,Prospettive e Retrospettive
153177,Kate NV,??? bug
152249,Ben Lukas Boysen,Sleepers Beat Theme
152820,Sean Mac Erlaine,The Melting Song
158325,Harold Budd & Robin Guthrie,Perfect Fire
140890,Anna Thorvaldsdottir,Aeriality
136237,David Lang,Light Moving
152787,Meredith Monk,Atlas - Part 1: Personal Climate: Choosing Companions
154800,Stella Chiweshe,Nehondo
153225,Marc Mellits,Smoke: Movement 3
153720,Makaya McCraven,Black Lion
152731,Hermeto Pascoal,Mercosom
152876,"Jon Hassell, Brian Eno",Delta Rain Dream
108477,Steve Reich,Different Trains: America - Before the war
152782,Tunto,Kakadu Music
137775,Mark O'Connor,Appalachia Waltz
152144,Stuart Dempster,Morning Light
152932,The Dreebs,De Beers
159003,Osvaldo Golijov,Lúa Descolorida (Aria De Las Lágrimas De Pedro)
153798,Emily Glass,Gentle Sanctuary
152680,Traditional,Erghan Diado (Song of Schopsko)
158507,Yasmin Williams,Juvenescence
153799,Shida Shahabi,Flora
153749,Jessie Montgomery,Strum
152738,Gilda Lyons,Bone Needles
153209,Oliver Coates,Sky with Four Moons
136516,Aya Nishina,White Flower
153171,Kate NV,yxo EAR
123674,itsnotyouitsme,always look up (always look up)
152885,Jon Hassell,Secretly Happy
142904,Jessica Meyer,Source of Joy
123724,Konrad Kaczmarek,Freezing Alt
152812,Mary Lattimore,Never Saw Him Again
152459,El Torombo,Bulerias
148842,Julianna Barwick,Pyrrhic
131118,Laurie Spiegel,The Unquestioned Answer
119729,Ryuichi Sakamoto,Riot in Lagos
139722,Andrew Norman,Music in Circles: Part II
126556,Anna Clyne,Roulette
124019,Dustin O'Halloran,Requiem for the Static King: Part One
119351,Angelica Negron,Drawings for Meyoko
151645,Moira Smiley,Dressed in Yellow
121274,Kate Moore,Mystic Trumpeter
101537,Arvo Part,Tabula rasa: Silentium
151924,Orlando,From Memory
148026,Liima,Woods
104670,Steve Reich,New York Counterpoint
146820,Florent Ghys,Thursday Morning
140550,Ted Hearne,Law of Mosaics: Excerpts from the middle of something
120966,John Hollenbeck,"Gray Cottage Study No. 5 ""dustish"""
127924,Hilary Hahn / Hauschka,North Atlantic
143696,Bryce Dessner,Murder Ballades: Tears For Sister Polly
152274,Negative Gemini,You Never Knew
152175,Kate Bush,Mother Stands For Comfort
150312,Penguin Cafe,The Track of the Dull Sun
158428,Quest Ensemble,Drops
152334,Anna Thorvaldsdottir,thann heilaga kross
153513,Catrin Finch & Seckou Keita,Hinna-Djulo
158343,Echo Collective,Inflection Point
130629,Ryuichi Sakamoto,World Citizen/re-cycled
108823,Kevin Volans,Walking Song
158336,Errollyn Wallen,Pace
109231,Steve Reich,Electric Counterpoint: 2. Slow
152778,Tunto,Spring Music
153224,Marc Mellits,Smoke: Movement 2
130428,Caroline Shaw,Partita for Eight Voices: Sarabande
158328,Brandee Younger & Dezron Douglas,Toilet Paper Romance
154688,Nils Frahm & Anne Müller,Journey For A Traveller
152874,Miles Davis,Prelude (Part Two)
158327,Scott Lee,Through the Mangrove Tunnels
142903,Jessica Meyer,Getting Home (I Must Be...)
121231,Zoe Keating,Lost
158511,Yasmin Williams,Through the Woods
153211,Oliver Coates,Sky with Nameless Colors
159026,Arooj Aftab,Suroor
152374,Sarah Davachi,Garlands
150037,Daniel Hart,Bibb County Reprise
158628,Lyra Pramuk,Cradle
152808,Susumu Yokota,Kodomotachi
130686,Hildur Ingveldardottir Guonadottir,Elevation
152805,Jolie Holland,All the Morning Birds
124018,Dustin O'Halloran,"We Played Some Open Chords and Rejoiced, for the Earth Had Circled the Sun Yet Another Year"
121190,Michael Gordon,Tree-Oh
148440,Isotope 217,La Jetee
152803,Oneohtrix Point Never,Submersible
130663,Paul Corley,She Is In The Ground
152798,John Maus,Maniac
152908,Merrill Garbus,Hatari
148298,Julia Holter,Marienbad
152822,Sean Mac Erlaine,Shake and Sign
153721,Sarah Davachi,Gloaming
152752,Brian Eno,Needle Click
159034,Gavin Bryars,Jesus' Blood Never Failed Me Yet (excerpt)
151822,Jaimie Branch,Theme 002
152746,H. Takahashi,Elegy
128102,Okkyung Lee,One Hundred Years Old Rain (The Same River Twice)
159033,Alvin Lucier,I Am Sitting In A Room (excerpt)
148040,Aphex Twin,Fingerbib
152585,Dedekind Cut,Tahoe
139719,Marcos Balter,Bladed Stance
152780,Tunto,Bazaar Music
140786,Meredith Monk,Mercy: Urban March
118652,Nico Muhly,I Drink the Air Before Me: Music Under Pressure 1 - Flute
153702,Lovozero,Volosy
113104,Kevin Volans,This is how it is
159031,Trio Chemirani,
139275,Graham Fitkin,Stub
108661,Rahul Dev Burman,Aaj Ki Raat (Tonight is the Night)
153229,Marc Mellits,Smoke: Movement 7
159018,Devonte Hynes,There Was Nothing
152739,Harriet Tubman,Taken
151143,Jane Antonia Cornish,Into Silence II
159005,Michael Gordon,Decasia (excerpt)
158337,Errollyn Wallen,Peace on Earth
130645,Alva Noto,Moon
148145,Kaitlyn Aurelia Smith,Stratus
112371,Steve Reich,The Cave: Genesis XXI
158513,Yasmin Williams,Urban Driftwood (ft. Amadou Kouyate)
152882,Jon Hassell,Pastorale Vassant
152821,Sean Mac Erlaine,The Diplomat III
158330,Susan Alcorn,Pedernal
150220,Andrea Belfi,Syncline
154125,"Sam Gendel, Sam Wilkes",BOA
154054,Makaya McCraven,Mantra
152945,Diptera,Silver
153228,Marc Mellits,Smoke: Movement 6
152329,Sufjan Stevens,Tonya Harding (In D major)
153173,Kate NV,??? OAK
104098,Osvaldo Golijov,Mariel
152823,Sean Mac Erlaine,Love the Way They Sing
138999,Elena Kats-Chernin,Schubert Blues
101557,Arvo Part,Spiegel im Spiegel (Mirror in the Mirror)
152825,Sean Mac Erlaine,An Buachaill Caol Dubh
148827,Ólafur Arnalds,Near Light
151096,Evan Ziporyn,Qi: Garden
135315,John Zorn,Gnostic Prelude III. Prelude of Light
139728,Mark Dancigers,Everness
151239,Kara-Lis Coverdale,Touch me & die
147783,Sarah Neufeld,Wrong Thought
159040,Brigitte Fontaine,Comme ŕ la radio
119244,Aphex Twin,Cliffs
153016,Jon Hassell,Slipstream
154473,Ljova,The Comet
153081,Laurel Halo,Supersymmetry
148866,Steve Reich,Music for 18 Musicians: Pulses
159038,Omar Khorshid,Rakset El Fadaa
148380,Caroline Shaw,Valencia
148799,Donnacha Dennehy,Pushpulling
153086,Laurie Anderson,Walk the Dog
151147,Volker Bertelmann,My Kids Live on Mars
152905,Katie Gately,Last Day
151553,Molly Joyce,Lean Back And Release
148601,Chicago Underground Quartet,Tunnel Chrome
154494,Vessel,Arcanum (For Christalla)
152824,Sean Mac Erlaine,Horse-Drawn Thoughts
121337,Todd Reynolds,TaskForce: Farmlab
147474,Kjartan Sveinsson,Teil II
153529,Tolgahan Çogulu,Gelin Savmasi
154278,Nico Muhly,Advice to a Young Woman
137661,Glenn Kotche,Anomaly mvt. 7
149478,Nicholas Britell,Moonlight: The Culmination
152775,Tunto,Moroccan Train Twist Music
119564,Padma Newsome,The Creatures in the Garden of Lady Walton: Cocodrillo
119682,Eric Whitacre,Lux Aurumque (Light of Gold)
153078,Claude Vivier,Jesus Erbarme Dich
148980,Threefifty,Running in a Burning House
153539,Sarathy Korwar,Indefinite Leave To Remain
152827,Sean Mac Erlaine,En Fetelle Mai
119354,Ryan Brown,Under the Rug
142559,Caleb Burhans,Beneath
146295,Off World,Choral Hatch
159042,BON,Aya
138119,Keith Fullerton Whitman,Generator 1
142344,Kate Moore,Sensitive Spot
135318,John Zorn,Gnostic Prelude VII. Sign and Sigil
151097,Evan Ziporyn,Qi: Transport
159039,Omar Khorshid,Taqasim Sanat Alfeyn
134802,Kevin Puts,If I Were a Swan
152190,Steve Hauschildt,Time We Have
153993,Shabaka Hutchings,"Black Skin, Black Masks"
153827,Padma Newsome,Trunk Proud
128649,Foday Musa Suso,Summer Time
146797,Aleksandra Vrebalov,The Sea Ranch Songs: Elements II
112363,Laurie Anderson,O Superman (for Massenet)
153444,John Luther Adams,In the White Silence: Letter O
152826,Sean Mac Erlaine,The Alchemist III
136930,Massive Attack,Danny the Dog: Sam
152725,Frank Zappa,Peaches En Regalia
102561,Joni Mitchell,Blue
135931,Flying Lotus,Until the Colours Come
147475,Kjartan Sveinsson,Teil III
150066,David Crowell,Green Arrow
152978,Little Walter,Don't Need No Horse
154286,Scott L. Miller,Admiration
154098,Laraaji,Laraajazzi (Natureboy Flako Remix)
151229,John Hollenbeck,Long Swing Dream
131973,Angelica Negron,Quimbombo
159048,Monsieur Doumani,Tiritichtas
148305,Rachel Grimes,Every Morning
152317,Noveller,A Pink Sunset For No One
146064,Kate Moore,Whoever You Are Come Forth
139135,Richard Reed Parry,Quartet for Heart and Breath
148575,Gary Lionelli,OJ: Made in America: Made in America
144404,Erkki-Sven Tuur,Dedication
159043,Hania Rani,Con Moto
154105,Felicia Atkinson,I'm Following You
159050,Monsieur Doumani,Thamata
144591,Bing & Ruth,Police Police Police Police Police
152804,Colleen,Geometría del Universo
148393,Saltland,A Common Truth
146223,Jherek Bischoff,Cas(s)iopeia
154124,Rexy,Dont Turn Me Away
146965,Jakub Ciupinski,Morning Tale
153372,Jon Hopkins,Emerald Rush
153534,Henrique Eisenmann,Anthropophagy
152711,Ka Baird,You Are Myself
148597,Clint Mansell,High Rise: Danger in the Streets of the Sky
152948,Haron,Lotuseter
143593,Maria Huld Markan Sigfusdottir,Clockworking
152498,Les Halles,First Distance
153194,Ian Gottlieb,Threading Light II.
152328,Squarepusher,Iambic 5 Poetry
126621,David Lang,The So-Called Laws of Nature: Part III
151974,Anna & Elizabeth,Hop High
153023,Raime,Real People
152785,Jacaszek,Even Not Within Seeing Of The Sun
129722,Philip Glass,"Powaqqatsi: Video Dream, New Cities in Ancient Lands"
151535,Sarah Davachi,For Organ
121228,Zoe Keating,Escape Artist
159037,Jessie Montgomery,Duo for Violin and Cello: III. Presto
159051,Clarice Jensen,The End
148395,Andrew Bird,Ethio Invention No. 1
137974,Kirsten Volness,Gaia
150068,Sufjan Stevens,Planetarium: Moon
122853,Valerie Coleman,Umoja
148300,Oneohtrix Point Never,Chrome Country
137717,Terry Riley,Sunrise of the Planetary Dream Collector
152828,Sean Mac Erlaine,Hansa Dase
140047,Bill Frisell,John Steinbeck
148625,Alexander Balanescu,Angels & Insects: Waltz
144314,Foday Musa Suso,"Spring Waterfall (Live from National Sawdust on October 1, 2015)"
116351,Florent Ghys,Coma Carus
152245,Kelly Moran,Aster
159049,Monsieur Doumani,Alavrostishiotis
148778,Steve Reich,Double Sextet: 2. Slow
150541,Colleen,This Hammer Breaks
153257,Holly Herndon,Locker Leak
127921,Hilary Hahn / Hauschka,Adash
146256,Tim Hecker,Violet Monumental I
135640,Bryce Dessner,Little Blue Something
153195,Sam Gendel,THEEM AND VARIATIONS
145055,Sarah Kirkland Snider,The Currents
153025,Tenderlonious,SV Interlude (feat. The22archestra)
148848,Max Richter,Orlando: Genesis of Poetry
152410,Arca,Desafío
148255,Radiohead,Treefingers
152734,Steve Tibbetts,Life Of Dot
152665,Masayoshi Fujita,It's Magical
101629,Midhat Assem,"Ya Habibi Ta'ala (My Love, Come Quickly)"
135095,David Lang,The Little Match Girl Passion: When It Is Time For Me To Go
154690,Elena Kats-Chernin,Unsent Love Letters
145036,Rachel Grimes,"The Clearing (Live from Merkin Concert Hall on February 10, 2016"
159044,Hania Rani,Jezus Malusienki
148505,Osvaldo Golijov,Tenebrae: I.
148296,Bing & Ruth,TWTGA
148384,Torbjorn Omalm,Ruija
140544,Sufjan Stevens,The Human Plague (Remix)
152402,Grouper,Clearing
153377,Jon Hopkins,Echo Dissolve
148845,Yann Tiersen,Yuzin
145014,Kate Moore,Sliabh Beagh
124022,A Winged Victory for the Sullen,Steep Hills of Vicodin Tears
154490,Andréa Daltro,Kiuá
119342,Padma Newsome,Pitasi
143784,Peter Gregson,Cycle
153514,ouri,Escape
147096,Vijay Iyer,Passage
154491,Vessel,Good Animal (For Hannah)
150531,Pino Forastiere,Unpredictable Dance
120022,Johann Johannsson,Ţynnkudagur
151701,Michael Gordon,Clouded Yellow
153461,Negro Leo,Singular
144070,Hannah Lash,Stalk
117233,Peteris Vasks,Cantabile per Archi
104294,Nico Muhly,Clear Music
121577,Judd Greenstein,Change
146228,Jherek Bischoff,The Wolf
148800,Tim Hecker,Borderlands
153374,Jon Hopkins,Everything Connected
105438,Ingram Marshall,Fog Tropes
153505,Jerusalem In My Heart,A Granular Buzuk
150065,Julia Holter,FuŚęr Felix
153501,TootArd,Laissez Passer
153628,Miguel Zenón,Rosario
148310,Tortoise,Gesceap
148794,Devonte Hynes,Palo Alto: Big Game
116867,Foday Musa Suso,Sunset
148837,Julianna Barwick,Adventurer of the Family
153607,Hatis Noit,Anagram c.i.y
119734,Ryuichi Sakamoto,Hwit
153380,Jon Hopkins,Recovery
152042,Andy Cartwright,It Was Aglow
150537,Colleen,Eclipse
150530,David Crowell,Poly Rush
127687,Judd Greenstein,First Ballade
154279,Max Richter,Vladimir's Blues (Jlin Remix)
153544,Chancha Via Circuito,Kawa Kawa (feat. Kaleema)
151113,John Mills-Cockell,Hollywood Dream Trip
121236,Zoe Keating,Flying and Flocking
142563,Brad Wells,Render
148041,Aphex Twin,Avril 14th
158329,Susan Alcorn,Pedernal
159045,Hania Rani,Malasana
107678,Peter Broderick,Music for Falling from Trees: Part 6: Electroconvulsive shock
152313,Bill Frisell,Pretty Stars
119353,Anna Clyne,Beware Of
114904,Stephen Scott,Music One for Bowed Strings
123099,Meredith Monk,Songs of Ascension: Clusters 2
154528,Gemma Peacocke,Bees
153379,Jon Hopkins,Luminous Beings
119735,Ryuichi Sakamoto,Still Life
140636,Pawel Mykietyn,Krum 2
146426,Sven Helbig,Abendgluhen
154071,Espectrostatic,Balete Drive
112253,Terry Riley,Zinc
153683,Rick Baitz,Hall of Mirrors
152040,Andy Cartwright,Figure Afar
150069,Sufjan Stevens,Planetarium: Mars
123081,Meredith Monk,Songs of Ascension: Spring Variation
148291,A Winged Victory for the Sullen,"We Played Some Open Chords and Rejoiced, for the Earth Had Circled the Sun Yet Another Year"
154282,David Kirkland Garner,The Sky Was Good for Flying
152028,Christina Vantzou,Some Limited and Waning Memory
153631,Okonkolo,Wolenche Por Chango
104508,Judd Greenstein,Sing Along
138115,Brian Eno,The Big Ship
154072,Nick Cave,Song Of Joy
152466,Mica Levi,Under the Skin: Love
152030,Taylor Deupree & Marcus Fischer,On Branches
144034,Brian Byrne,Saxophone Quartet no. 1
144545,Tristan Perich,Telescope
136249,Mathew Rosenblum,Sharpshooter
153713,Doctor Nativo,Guatemaya
150040,Sarah Neufeld,And Still They Move
151649,Gavin Bryars,The Fifth Century: Eternity Magnifies Our Joys Exceedingly
146246,Tim Hecker,Music of the Air
153688,Robert Honstein,Bow Lines
139134,Richard Reed Parry,Duet for Heart and Breath
140634,Pawel Mykietyn,Krum
151712,David Lang,increase
151626,Molly Joyce,Shapeshifter
117379,Valgeir Sigurđsson,Dreamland
132381,Philip Glass,Metamorphosis Two: Flowing
150195,Terry Riley,Dark Queen Mantra: I. Vizcaino
153825,Padma Newsome,and the birds in the trees say...
151624,Matana Roberts,Amma Jerusalem School
100007,Astor Piazzolla,Tango Suite
148304,Panda Bear,Boys Latin
152831,Rahim AlHaj,A Gift From a Sufi Soul
148790,Max Richter,Berlin By Overnight
143599,Maria Huld Markan Sigfusdottir,Sleeping Pendulum
135934,Sarah Neufeld,Forcelessness
153800,Hollas Longton,How To Get To Arnhem
128730,Dustin O'Halloran,We Move Lightly
152467,Deradoorian,Mountainside
151652,Jonny Greenwood,Phantom Thread: Catch Hold
153690,Robert Honstein,Lagoon
115673,Johann Johannsson,Fordlandia: The Rocket Builder (Io Pan!)
140552,Ted Hearne,"Law of Mosaics: Climactic moments from Adagio for Strings and The Four Seasons, slowed down and layered on top of one another"
153692,Robert Honstein,Strada Nuova
148144,Kaitlyn Aurelia Smith,Arthropoda
148847,Max Richter,Orlando: Modular Astronomy
130643,Alva Noto,Logic Moon
135256,Tim Hecker,Chimeras
141177,Florent Ghys,"Nappe Brodee, ou Tenki"
153801,Jean-Sebastien Audet,Staunchly Righteous Non Alignment
118609,Missy Mazzoli,Isabelle Eberhardt Dreams of Pianos
100679,Keith Jarrett,Elegy for Violin and String Orchestra
104295,Evan Ziporyn,Be-In
154159,Circuit Des Yeux,Paper Bag
154619,Paolo Angeli,Optimistic
151625,Julia Holter,Our Sorrows
153614,Clarice Jensen,For This From That Will Be Filled (a)
154161,Chico Buraque and Milton Nascimento,Calice
144066,Bora Yoon,O viridissima virga
135828,itsnotyouitsme,wrinkling into a beautiful and broken world
106520,Steve Reich,Tokyo/Vermont Counterpoint
154162,Charles Rumback & Ryley Walker,Cannots
100433,Keith Jarrett,The Koln Concert: Part 1
126619,Sarah Kirkland Snider,Penelope: Home
153684,Robert Honstein,"Fast Notes, Long Tones"
153986,Susumu Yokota,Azukiiro No Kaori
118481,Angelica Negron,We (I) Said Nothing
144536,Bora Yoon,Semaphore Conductus
154060,Kyle Dixon & Michael Stein,Sick Of Cow
154155,Glenn Branca,Lesson No.1 For Electric Guitar
153853,Visible Cloaks,Transient
149599,Colin Stetson,In the Vespers
158514,Yasmin Williams,After the Storm
101307,Veljo Tormis,Singing Aboard Ship
151852,Kate Moore,Dolorosa
154454,Caterina Barbieri,Rendering Intuitions
145540,Arvo Part,Fur Alina
154111,Julia Holter,Colligere
136244,Caroline Shaw,Allemande (Daniel Wohl Remix)
154320,Lubomyr Melnyk,Son Of Parasol
151671,Ian Chang,ASMR
148820,Yann Tiersen,Penn ar Lann
153940,Gwenifer Raymond,Bleeding Finger Blues
154160,PJ Harvey,Man-Sized Sextet
153462,Anna Meredith,How to Be Confident
153611,Oracle Hysterical,No Comfort
142564,Wally Gunn,Surviving Death
148391,Amiina,Crocodile
154097,Julianna Barwick & Ikue Mori,Rejoinder
154157,Feist,Pleasure
119370,Darcy James Argue,Phobos
119337,Padma Newsome,Sticks & Nails
150359,"Ensemble, Et Al",Ondrejko
154109,Julia Holter,Voce Simul
130696,Hildur Ingveldardottir Guonadottir,Into Warmer Air
106325,Mary Ellen Childs,Hocket
147723,GABI,Fleece
106576,Belinda Reynolds,Yawp
142556,Missy Mazzoli,Vesper Sparrow
124385,Nico Muhly,Wish You Were Here
154059,Kyle Dixon & Michael Stein,Possessed
108265,Ornette Coleman,Lonely Woman
151783,Avalon Emerson,One More Fluorescent Rush
148839,Julianna Barwick,Forever
112678,itsnotyouitsme,Lost Nation Municipal Airport
105069,Sufjan Stevens,The BQE: Part 6
118478,Angelica Negron,Music for Students: Candy Tucker
124697,Andrzej Panufnik,"String Sextet, ""Song to the Virgin Mary"""
158332,Laraaji,Through Luminous Eyes 4
148578,Alva Noto,The Revenant: Hawk Punished
154610,Vula Viel,Breathe the Air
119341,Padma Newsome,Witch Stick
151935,Antemeridian,Tuesday AM
152572,Tim Berne's Snakeoil,Angles
153779,Dmitry Evgrafov,Consolation
151830,Space Captain,Sycamore - A Cappella
151838,John Maus,The Combine
152248,Rachel Grimes,Bloodroot
151623,Kelly Moran,Heliconia
137777,Ryuichi Sakamoto,Bibo No Aozora
145185,Max Richter,Space 21
151829,Charlotte Dos Santos,Red Clay
151556,Anna Meredith,Scrimshaw
122353,Andy Akiho,Kiiro (Yellow)
143226,Sarah Kirkland Snider,Pale as Centuries
151782,Matthew Barnes,War It
149274,Nicholas Britell,Moonlight: The Middle of the World
133560,John Adams,Fellow Traveler
152664,We Like We,Endless Harmonies
153230,Blondes,Aeon
129764,Philip Glass,Koyaanisqatsi: Vessels
138158,Jacob Cooper,Silver Threads: IV. Wefted Histories
148630,Ballaké Sissoko & Vincent Segal,Super étoile
154154,Seval,Details
119676,Mari Kimura,Clone Barcarolle for Augmented Violin
114257,John Luther Adams,The Farthest Place
112815,Moondog (Louis Hardin),Rabbit Hop
153227,Marc Mellits,Smoke: Movement 5
153528,Sibarg Ensemble,Cipher
158651,Damon Locks - Black Monument Ensemble,The Colors That You Bring
154158,The Roches,Big Nuthin'
158600,iboukle Martinaityte,Millefleur
152120,Vanessa Amara,02 20 - 03 - 2017 21 - 12 - 2016 06
158670,Kirsten Volness,Alone Together
151834,Jlin,Nandi
151876,LEYA,Swoon
151240,Mary Lattimore,Jimmy V
142381,Ann Southam,Glass Houses #14
112234,Ingram Marshall,September Canons
126323,David Lang,Wed
121651,Ryan Francis,"Wind-Up Bird Preludes, 5. What Happened In The Night I"
152526,Callie Ryan,Orange Notes
148843,Julianna Barwick,The Harbinger
153750,Resina,Trigger
151907,Chris Carter,Tone Maps
148136,Johann Johannsson,The Drowned World
152338,Aleksi Perälä,UK74R1721031
152337,7FO,Moment
154152,Jon Hassell,Miracle Steps
150936,Tyshawn Sorey,Flowers for Prashant
151903,Blank For,For Tim
138130,Oneohtrix Point Never,Zebra
151894,Pauline Oliveros,Crossing the Sands
151835,Giant Claw / (Keith Rankin),Deep Thoughts 002
158322,Caroline Shaw,Taxidermy
134932,Angelica Negron,The Little Things
120874,Dan Deacon,Wet Wings
148289,Brian Eno,Emerald and Stone
151826,Lhasa de Sela,Soon This Space Will Be Too Small
154401,Rafiq Bhatia,Hoods Up
151911,Lucy Railton,Pinnevik
151909,Lorenzo Senni,The Challenge
148201,A Silver Mt. Zion,13 Angels Standing Guard 'round the Side of Your Bed
148146,Kaitlyn Aurelia Smith,Existence in the Unfurling
151893,Bibio,Quantock
153084,Blood Orange,It is What It Is
152100,serpentwithfeet,bless ur heart
151843,Lizzy Mercier Descloux,Hard-Boiled Babe
152032,The Dead Texan,"A Chronicle of Early Failures, Part 1"
151943,Stella Chiweshe,Ndabaiwa
152393,Holger Czukay,Ode to Perfume
151842,The Daredevil Christopher Wright,Divorce
154654,Die Knoedel,In The Red Currants (In Die Ribisl)
154100,Oneohtrix Point Never,The Station
151841,Fishbach / (Flora Fishbach),Mortel
145037,Rachel Grimes,"Transverse Plane (Live from Merkin Concert Hall on February 10, 2016)"
151927,Max Eastley,Tenessee
114895,David Byrne,A Persecution Followed
151925,Shuta Hasunuma,Lal
133701,David Lang,Death Speaks: you will return
151923,Lanark Artefax,Touch Absence (Intimidating Stillness Mix)
151452,Nina Shekhar,Quirkhead
121989,Colin Stetson,Red Horse Judges (II)
149001,Bell Orchestre,Water / Light / Shifts
151936,Holger Czukay,Breath Taking
154451,Adrianne Lenker,From
137179,David Crowell,Kaleidoscope
151946,Eamon Fogarty,Katie Dear
152951,Laurel Halo,Mercury
151980,Susumu Yokota,Blue Sky and Yellow Sunflower
130412,Michael Harrison,Hijaz
151910,A Winged Victory for the Sullen,Long May It Sustain
151926,Iglew,Boxed V - 24 Illuminated
140889,Anna Thorvaldsdottir,Ro
116369,Florent Ghys,Air
151970,Eartheater,The Internet Is Handmade
130642,Alva Noto,Iano
138219,Mason Bates,Observer in the Magellanic Cloud
151952,Theo Bleckmann,Final Answer
150038,Lusine,Chatter
148629,Ballaké Sissoko & Vincent Segal,Samba Tomora
151968,Girlpool,I Like That You Can See It
102976,Vivian Fung,Pizzicato for String Quartet
150254,Qasim Naqvi,The Cast
150041,Colin Stetson,Like Wolves on the Fold
150039,Kelly Moran,Optimist
152031,Krallice,Quadripartite Mirror Realm
146303,Automatisme,Simultanéité 4
152035,Toby Driver,Avignon
136881,The Necks,The Boys: The Boys II
152034,Lapalux ft. GABI,Data Demon
150043,Colin Stetson,Spindrift
105656,David Byrne,High Life for Nine Instruments
153458,Duncan Bellamy,Lines Glow
152079,"Lindstrřm, ft. Jenny Hval",Bungl (Like a Ghost)
159021,Vijay Iyer,Historicity
148796,Zammuto,It Can Feel So Good
152041,Kyle Bobby Dunn,An Excrement Suite (For Voices Lost Again)
134550,Laurel Halo,Morcom
133245,Andy Akiho,"Three Shades, Foreshadows (excerpt)"
151973,Melody's Echo Chamber,Quand Vas Tu Rentrer
129635,Philip Glass; Ravi Shankar (composition for sitar),Brazil
126326,Daniel Wohl,"Aorta, Movement III"
148999,Bell Orchestre,Dark Lights
151954,Iso Ambient Orchestra,Smudgeon
152573,Immortal Onion,When a Dog Poops On Your Carpet
148138,Johann Johannsson,Orphic Hymn
152039,Federico Durand,El cascabel de plata
137648,Glenn Kotche,Anomaly mvt. 1
152406,James Blake,Retrograde
138096,Bjork,Unravel
152131,Karen Gwyer,Why Is There a Long Line in Front of the Factory?
112263,Terry Riley,Is In C In F?
137650,Glenn Kotche,Anomaly mvt. 2
126899,Sarah Kirkland Snider,Penelope: Nausicaa
152576,Jessika Kenney,Her Sword II
148030,Trygve Seim,Across the Doorsill
152127,Sophia Loizou,Genesis 92: The Awakening
148547,Siamak Aghaei & Colin Jacobsen,Ascending Bird
152093,Jefre Cantu-Ledesma,Echoing Green
148303,Owen Pallett,E is for Estranged
147960,Múm,Green Grass of Tunnel
152091,Lowly,Word
153079,Glasser,Home
138065,Atom TM,Voralpenthema
154322,David Allred,For Catherine E. Coulson
152080,Leon Lowman,Narrow River
152092,Star Rover,Western Winds Bitter Christians
153605,He Was Eaten By Owls,We Shall Oscillate Like A Pendulum
133508,Blind Willie Johnson,Dark Was the Night
153876,Felicita (feat. Caroline Polachek),Marzipan
152085,TEEN,Tokyo
124415,Jacob Cooper,Clifton Gates
140798,Meredith Monk,Quarry Weave
119566,Padma Newsome,On the Edge
152179,Mr. Fingers,The Juice
127853,Jon Hassell,Last Night the Moon Came
148444,Agnes Obel,Red Virgin Soil
158988,Esperanza Spalding,formwela 2
152265,The New Pornographers,Execution Day
152171,GABI,Falling
127228,"Laura Gibson, Ethan Rose",Old Waters
121191,Paul de Jong,Inward Bound
152143,Fred Szymanski,It Is Hard To Know
150924,Paula Matthusen,the ontology of an echo
152200,Mind Over Mirrors,Matchstick Grip
151635,Shinya Fukumori,For 2 Akis
146967,Daniel Wohl,Limbs
152185,Strawberry Switchblade,Since Yesterday
151762,Juana Molina,Cosoco
102444,Traditional Arabic,Wa Habibi (Beloved)
111799,Robert Een,Censored
152188,Luke Temple,Hardest Working Self Made Mexican
146298,Automatisme,Transport 1
145059,Missy Mazzoli,Heartbreaker
154123,Pierre Arvay,Skyway
152187,Lotic,Hunted
121399,Matt McBane,Ride
150921,Jace Clayton,Lethe's Children
152176,Ital Tek,Aquamarine
120002,Johann Johannsson,Odi et Amo
137082,Thomas Newman,Unstrung Heroes: Is Unstrung
152199,Jean Grae & Quelle Chris,My Contribution to This Scam
152966,Blackwater,Istanbul
152206,L'Rain,Which Fork / I'll Be
151790,Jenny Hval,Female Vampire
131155,Laurie Spiegel,Appalachian Grove I
152205,Tennyson,Like What
151766,Kalbells ft. Ryan Power,Craving Art Droplets
152250,Eluvium,Amreik
147662,Johann Johannsson,Sicario: Melancholia
152611,Carla dal Forno,Clusters
152255,Helios,Nothing It Can
151832,Jenny Hval,Mephisto In The Water
152078,Dirty Projectors,On the Beach
152254,Federico Durand,Lluvia de estrellas
151877,LEYA,666
149480,Caroline Shaw,in manus tuas
152246,Greg Haines,The Spin
126279,Laurie Anderson,Let X=X/It Tango
117122,Meredith Monk,Book of Days: Madwoman's Vision
152196,Felicia Atkinson,Valis
103665,Osvaldo Golijov,Youth Without Youth: Farewell
103937,Philip Glass,Modern Love Waltz
111674,John Zorn,Femina: Part 4
152192,Lucrecia Dalt,Tar
122314,The Books,It Never Changes to Stop
134720,Colleen,Everything Lay Still
152259,Silvia Kastel,Heart 2 Tape
151918,De Leon,B1
151788,Shinichi Atobe,Regret
135253,Steve Reich,Electric Counterpoint: 3. Fast
151895,Emilie Simon,Baby Penguins
152321,Geomungo Factory,"Sky, Wind, Star and Poem"
109845,Tyondai Braxton,The Duck and the Butcher
159028,Junior Cepeda / arr. Angelique Kidjo,Quimbara
152285,Hite,Light
152801,Yves Tumor,The Feeling When You Walk Away
153913,Maisha,Osiris
152284,Latasha,Sumpn
158702,Kaki King,Goodchild
153914,Jeremy Dutcher,Ultestakon
152264,Morton Feldman,Piano Piece 1952 (Version 2)
152262,Machine Woman,Liquid Metal
152128,Zeena Parkins,Determined
114843,Philip Glass,Einstein on the Beach: Knee 4
152396,Jacob Collier,In My Room
153848,Ben Lamar Gay,Lamps
112771,David Lang,Memory Pieces: Cage
152327,Telefon Tel Aviv,Fahrenheit Fair Enough
152797,Rachel's,Water from the Same Source
151875,LEYA,Sister
108920,Philip Glass,"String Quartet No. 2, ""Company"""
152344,Erlon Chaves,Procura-se Uma Virgem - (Prefixo) Tema De Abertura
154595,Eli Keszler,The Tenth Part
152786,Ben Frost,Meg Ryan Eyez
159032,Victor Daniel / arr. Angelique Kidjo,La Vida Es Un Carnaval
152343,Dennis Bovell,Eye Water Dub
152287,Landlady,Share a Tree
153610,Oracle Hysterical,Helen
153988,Mouse On Mars,Omnibuzz
152279,Dictaphone,Lofi Opium
154222,Joseph Shabason,November (feat. Gigi Masin)
152400,Fjola Evans,Shoaling
152988,Steve Hauschildt,Saccade
152403,France Jobin,Graviton
120799,David Lang,"Cheating, Lying, Stealing"
152405,Nicolas Jaar,Tourists
153175,Kate NV,??? you
148535,Steve Reich,2x5
114845,Philip Glass,Einstein on the Beach: Knee 5
152413,Kate Tempest,Europe Is Lost (clean edit)
107181,Nico Muhly,How About Now
152411,Jlin,Erotic Heat
152761,Ben Lamar Gay,"Music For 18 Hairdressers, Braids & Fractals"
146428,Sven Helbig,Ich Geh' Dir Nach
150055,Quindar,Six Degrees of Freedom
152441,Jai Paul,BTSTU
153017,Kadhja Bonet,Joy
148491,John Adams,Shaker Loops: I. Shaking and Trembling
153176,Kate NV,??? one
152404,Schneider Kacirek,Dust (feat. Sofia Jernberg)
102648,Bobby McFerrin,Monks - The Shepherd
114837,Philip Glass,Einstein on the Beach: Knee 2
152397,Mallow,Spaceshp Koupe/Could It Be Live
153178,Kate NV,??? see
152418,Okkyung Lee,The Crow Flew After Yi Sang
148507,Philip Glass,Songs and Poems for Solo Cello: Tissue No. 7
150274,Greg Fox,Earth Center Possessing Stream
152417,John Cage,HPSCHD: Solo VII
152568,Arun Ghosh,Dagger Dance
151764,Moses Sumney,Quarrel
152474,Florist,Vacation
147722,GABI,Koo Koo
152458,La Nińa de los Peines aka Pastora Pavón Cruz,Bulerías
148998,Bell Orchestre,As Seen Through Windows
153174,Kate NV,??? how
152423,Sky Macklay,Many Many Cadences
114839,Philip Glass,Einstein on the Beach: Knee 3
152415,Onyx Ashanti,Pulled and Twisted
151861,Daniel Brandt,On The Move
121317,John Adams,John's Book of Alleged Dances: Rag the Bone
152473,Negative Gemini,You Weren't There Anymore
151761,Adult Jazz,Idiot Mantra
152500,Simone Forti,Bottom (1968) (excerpt)
152580,Roxanna Panufnik,The Call
152477,Sam Evian,Carolina
105254,Ramallah Underground,Tashweesh (Interference)
151570,The Ah,I Changed Coulour
140725,Robert Rowe,Melting the Darkness
152456,Thanya Iyer,
152567,Splashgirl,Bleak Warm Future
151965,Ian Chang,Inhaler
119691,Eric Whitacre,Sleep
152422,Little Women,Throat I
152597,Sharon Van Etten,Peace Signs
152266,serpentwithfeet,blisters
152506,Garland,Sepses
154717,Panorama Sound,Packed for the Weekend
152126,Jessica Bailiff,Your Ghost Is Not Enough
152497,Krycek & Wav Fuzz,Ozone
152520,Carmen Villain,Infinite Avenue
153704,Lovozero,Solntse Vidit Vse
112673,itsnotyouitsme,Kid Icarus
137119,Erik Griswold,Wallpaper Music
152519,Todd Terje,Leisure Suit Preben
152582,Rebecca Clarke,Morpheus
109250,John Adams,Tourist Song
152508,Joanne Foreman,Codex
131806,Alexander Berne,Four Instantiations
130430,Merrill Garbus,Ansa Ya
147726,Anna Meredith,Nautilus
152505,Dino J.A. Deane,NB4
154110,Julia Holter,Words I Heard
152604,Arp,Pastoral Symphony: I. Dominoes
152559,oOoOO & Islamiq Grrrls,Jobim Goes Latenight
152504,Ben Vince,What I Can See [feat. Micachu]
144129,Paula Matthusen,in absentia
143605,Johann Johannsson,Fordlandia
151627,Photay,Outré Lux
153745,C.J. Boyd & Sister Grotto,Fratres (in heaven)
136518,Aya Nishina,Ode To Infinity
148616,Lambert,Sweet Apocalpyse
152496,Ka Baird,Tok Tru
144725,Paula Matthusen,The Days are Nouns
131120,Laurie Spiegel,Clockworks
152521,TORRES,Greener Stretch
153082,CEP,Lilian's Pavilion
152998,Oneohtrix Point Never,Age Of
129867,Andy Akiho,"three shades, foreshadows"
148985,Dungen,Jakten genom skogen
152674,Thomas Bartlett and Nico Muhly,Dominic
153982,John Martyn,Small Hours
153931,Mr Twin Sister,Echo Arms
152663,Momo 'Wandel' Soumah,Afro Blue
148140,Kaitlyn Aurelia Smith,Wetlands
148496,Marcos Balter,meltDown Upshot: 2. Parallel Spaces
152661,Kris Davis,Saturn Return
148623,Clogs,Pencil Stick
138156,Jacob Cooper,Silver Threads: II. Fame
152394,Visible Cloaks - (Ft. Matt Carlson),Neume
148301,Oneohtrix Point Never,Boring Angel
152587,Nick Hakim,Bet She Looks Like You
109195,Kayhan Kalhor,Gallop of a Thousand Horses
152463,Shara Nova,An Unknown Distance Yet to Run
152529,Jack and Eliza,Hold the Line
150129,Four Tet,She Just Likes To Fight
152699,BC Camplight,You Should've Gone to School
152077,Colleen,November
129328,Valgeir Sigurđsson,Plainsong
152280,MAE.SUN,Continuous Recognition
152692,Felicia Atkinson,Lighter Than Aluminium (EXCERPT for ODD THEORY)
151100,Paula Matthusen,on the attraction for felicitous amplitude
121338,Todd Reynolds,Centrifuge
152648,Susie Ibarra,Pulse
152606,Smerz,Because
123108,Annie Clark,Proven Badlands
152414,Kendrick Lamar,u
152591,Charlie Parker,"Dewey Square, arr. M. Parson"
149278,Mary Lattimore,We Just Found Out She Died
148620,Julia Kent,Invitation to the Voyage
139379,Anna Meredith,Heal You
152584,Man Forever featuring Laurie Anderson,Twin Torches featuring Laurie Anderson
152579,Tigran Hamasyan,The Cave of Rebirth
152702,Okay Kaya,La Meg
129435,Son Lux,Flowers
135366,John Zorn,Sacred Rites of the Left Hand Path
152701,Hospitality,Friends of Friends
138845,Francesco Tristano,Ludepre (Version)
148591,Hammock,I Can Almost See You
146253,Tim Hecker,Live Leak Instrumental
152705,Batu,Don't
154455,James Blake,Lullaby For My Insomniac
148396,Andrew Bird,Dance of Death
130647,Alva Noto,Morning
152679,Lighter Than Aluminium,Felicia Atkinson
108048,Belinda Reynolds,Circa
127235,Laura Gibson,Tall Grass Darkstar
147780,Amiina,Juve & Fandor
126010,Angelica Negron,The Peculiar Pie-Man of Porcupine Peak Electronics
152678,Sheron,Lost Boys
154791,Park Jiha,Philos
136142,Marcos Balter,Strohbass
152677,Bibio,Puddled in the Morning
131112,Laurie Spiegel,Pentachrome
100238,Iva Bittova,River of Milk (Proudem Mleka)
152676,Blank For,Sunny Rain
152700,Seaven Teares,Meet Me
127230,"Laura Gibson, Ethan Rose",Leaving Believing
148318,Hauschka,I Need Exile
152707,Connie Converse,Talkin' Like You (Two Tall Mountains)
152750,Jan Jelinek,"Lady Gaga, you once said in an interview that you write music for the fashion industry. Is fashion as important to you as music?"
152424,Kris Davis,Ten Exorcists
152319,Park Jiha,Accumulation Of Time
152749,"Sonung, Bashim","Tomung Gingong, Bosmun"
152275,Ibibio Sound Machine,Uyai
154073,Svarte Greiner,Last Light
152745,Jun Arasaki and Nine Sheep,Kajyadhi Fu Bushi (Visible Cloaks Remix)
151784,Yves Tumor,Role In Creation
152713,Luke Temple,Smashing Glass
139416,Rebecca Oswald,"Sleep, Child"
120967,John Hollenbeck,"Gray Cottage Study No. 7 ""tax penalty payment approaching"""
143672,Vijay Iyer,Accumulated Gestures
152501,SMX,Sleep
153083,Ryuichi Sakamoto,andata (Oneohtrix Point Never Remix)
152757,Simone Forti,Dammi Dammi Quel Fazzolettino (folk song)
154104,Loren Connors,Blues No. 4
152527,Brian Eno,Kites I
152756,OneMind,"Piano, Vocal, Drum"
138117,Ryoji Ikeda,data.matrix
154402,Lei Liang,Mountains Gradually Draw Closer
152748,Kuniyuki Takahashi,Asia
153912,Minyeshu,Yetal (Where is it)
154062,LOMA,Dark Oscillations
152744,Sugai Ken,Sasadaruma
154284,Tim Brady,Désir: Concerto for Electric Guitar and Large Ensemble: Mvt. 1
152560,The Comet Is Coming,Start Running
152741,Anna + Elizabeth,Irish Patriot
152087,Helado Negro,Persona Facil
152732,Chris Morrissey,The Inventor
152760,Francesco Cavaliere,xilo fiaba que sta e resta
153856,Khruangbin,Evan Finds The Third Room
148047,Laurel Halo,Out
152758,Franco Battiato,No U Turn
153085,Arp,Nzuku
125173,Tan Dun,Water Spirit
108407,Kayhan Kalhor,Gallop of a Thousand Horses
152675,Sonnymoon,Time
129676,Vivian Fung,Glimpses
151906,Jonathan Fitoussi,Labyrinths
152766,Henry Threadgill,Clear and Distinct
130422,Caroline Shaw,Partita for Eight Voices: Courante
121987,Colin Stetson,Home
152762,James 'creole' Thomas,Lead By No One
100299,Sufjan Stevens,Year of the Tiger
152755,Skee Mask,50 Euro to Break Boost
148622,Daniel Lanois,Satie
152754,SW:SVN,tx 77 hinten
152325,Alcest,Souvenirs d'un autre monde
152751,Muslimgauze,Stars of Golan Heights
152767,Dave Holland,QW5
152759,Simone Forti,Dal Di La (1972)
152880,Jon Hassell,Slipstream
152796,Mountain Man,Babylon
152793,Dirty Projectors,Break-Thru
152769,Javonntte,Searching (Vocal Mix)
152967,Francesco Cavaliere,Bloaji Badejo
152655,Danalogue,Sweet B
152881,Jon Hassell,Al-Kongo Udu
152811,Sur Back,Valentino
154135,Ben Johnston,"Crossings - The Ascent, String Quartet No. 4, ""Amazing Grace"""
152764,Kamaal Williams,The Return
152806,Jaimie Branch,Theme 001
154492,Anemone,Bout De Toi
152341,Aston Family Man Barrett,Soul Constitution
152795,Lucky Dragons,Everybody Happy
151836,TORRES,To Be Given a Body
152794,Caroline Says,I Tried
152698,Mount Eerie,Spring
152970,Jay Crocker,Kill Scene
152993,Eartheater,Inclined
152985,Jenny Hval,The Dreamer Is Everyone in Her Dream
119086,Tristan Perich,These Are They
152968,Ned Lagin,Seastones 05
129023,Ballaké Sissoko & Vincent Segal,"""Ma-Ma"" FC"
153460,Duncan Bellamy,Life Mask
152947,Serpente,Sob A Palha
127139,Tortoise,I Set My Face to the Hillside
152946,Kassem Mosse,Silver 94
152984,Low,Quorum
125079,David Longstreth,Instructional Video
152865,Jon Hassell,Aurora
153014,Joanne Forman,The Twittering Machine
153013,Joakim,"Comes (Armand, France)"
153010,Cool Maritime,Forest Bathing (Carlos Nino Trinidad Mix)
148449,Agnes Obel,Aventine
153009,Coil,Lost Rivers Of London
152558,waelder,Omr
151122,Visible Cloaks,Screen
152999,Banoffee,Ripe
153019,"Marino Zuccheri, Renzo Dali'Oglio","Plastico (For Magnetic Tape, 1961)"
153185,F Ingers,All Rolled Up
153087,Shy Layers,Midnight Marker
148388,Francois Couturier,Fantasia
153012,Hampshire & Foat,Jasmine
153011,DJ Richard,Dies Irae Xerox
153187,Giant Claw,Soft Channel 002
153015,John Coltrane,Untitled Original 11386 - Take 5
154061,Kyle Dixon & Michael Stein,Stranger Things
153254,Holly Herndon,Unequal
137736,Margarita Lecuona,Tabu
153204,Ian Gottlieb,Threading Light: I
153202,Nguzunguzu,Skycell
154189,Sarah Davachi,Auster
152094,Oneohtrix Point Never,Power of Persuasion
153191,Hatchie,Bad Guy
153189,Not Waving,Where Are We (feat. Marie Davidson)
154213,Marc Ribot,Your Turn
154099,Booker Stardrum,Five Finger Cloud
154472,Eli Keszler,Corrosion Kingdom
153929,My Brightest Diamond,Inside A Boy (Son Lux Remix)
153911,Glass Candy,Digital Versicolor
153852,Tredici Bacci,Columbo
154283,Robert Honstein,Olmsted: IV. World's End
154489,Booker Stardrum,Drim Dram II
154493,Robbie Lee & Mary Halvorson,Seven Of Strong
154432,J Hacha De Zola,On a Saturday
154430,Alex Lilly,Infantile
151148,Volker Bertelmann,I Can't Express My Deep Love
118465,Angelica Negron,Otro Dia Mas
154277,Caroline Shaw,So Quietly
152730,Robert Wyatt,Gharbzadegi
153985,Richard Reed Parry,Farewell Ceremony
151944,Emily A. Sprague,Water Memory 1
150056,Quindar,Arabella Anita
152503,7FO,Ougon No Yuge (?????)
150218,Andrea Belfi,Lead
153253,Holly Herndon,Chorus
158505,Yasmin Williams,Sunshowers
158499,Meriheini Luoto,Metsänpeitto IV
158108,Sarah Kirkland Snider,Mass for the Endangered: Kyrie
158506,Yasmin Williams,I Wonder
125896,Nils Frahm,Familiar
150527,Thor & Friends,Grassfire
136812,Arcade Fire,Her: Loneliness #3
150133,The Heliocentrics,The Silverback
158657,Lara Jones,Pillow
148577,Cliff Martinez,The Knick: Son of Placenta Previa
148830,Bell Orchestre,Les Lumieres Pt. 1
152712,Jlin,Nyakinyua Rise
149625,Emily Wells,Symphony 10 Could This Really Be the End
149624,Emily Wells,Symphony 2 & The Click Boom Boom
150540,Colleen,I'm Kin
152574,Nicole Mitchell,Forest Wall Timewalk
133824,Dirty Projectors,While You're Here
115978,Angelo Badalamenti,The City of Lost Children: Suite
151643,Moira Smiley,Bellow
134163,Colleen,Sun Against My Eyes
148456,Carla Kihlstedt,Rooting For The Shy Librarian
148285,Maria Huld Markan Sigfusdottir,Aequora
138015,Robert Honstein,I am hidden my dear for you!!!!!!!
152783,Tunto,Lagoon Music
132321,Flying Lotus,Clock Catcher
108958,Mary Lou Williams,Credo (Instrumental)
153399,Helado Negro,Tartamundo
148490,Gavin Bryars,BIPED: Part 4
153710,Lovozero,Chervi
140178,Raymond Scott,The Bass-Line Generator
152575,Sona Jobarteh,Mamamuso
140829,Meredith Monk,Astronaut Anthem
152668,Ellen Reid,Fear | Release
140549,Andrew Norman,The Companion Guide to Rome: IX. Sabina
151976,Zola Jesus,Doma
151950,Benjamin Britten,Corpus Christi Carol
154069,Marty Manning,The Twilight Zone
154058,Kyle Dixon & Michael Stein,Hawkins
148316,Marcos Balter,"Meltdown Upshot: No. 5, Home"
138103,James Blake,Guerrero+Blake (Olga Bell mix)
138160,Jacob Cooper,Silver Threads: VI. Jar
148500,Nico Muhly,"Mothertongue, part I: Archive"
152598,Alice TM,Disorder
114832,Philip Glass,Einstein on the Beach: Knee 1
152044,Andy Akiho,Prospects of a Misplaced Year I. The War Below
138839,Amiina,Passacaglia
154221,Ken Thomson,Icebreaker
153891,Flume,Weekend feat. Moses Sumney
138090,Juana Molina,Martín Fierro
154468,Patient Hands,The Poisoner
138123,Tod Dockstader,Pond Dance
143299,Hayden Berry,The End Precedes the Beginning
121731,Francesco Tristano,Mambo
109842,Tyondai Braxton,Opening Bell
152829,Sean Mac Erlaine,Cotter's Dream
152672,Hanna Benn,"Divide (Sing, Persist)"
152659,Sudan Archives,Pay Attention
148981,Threefifty,Andromeda
135548,Mario Diaz de Leon,Luciform
153822,The Dwarfs of East Agouza,Baka Of The Future
150275,Greg Fox,My House of Equalizing Predecessors
131121,Laurie Spiegel,Dirge Part I-II
151917,M+Ńrble,Jabko
151916,Mubashira Mataali Group,Mutume Nabbi (Prophet Muhamad)
159162,Simon Jeffes,Music for a Found Harmonium
151921,Out 2,Pale Version
159163,GoGo Penguin,Ocean in a Drop
151920,King Tubby,Mistry Maker Dub
151919,Solitary Dancer,La Donna
159158,Penguin Cafe Orchestra,Cutting Branches For A Temporary Shelter
103340,John Adams,John's Book of Alleged Dances: Habanera
152084,felicita,skip blush
153503,TootArd,Bayati Blues
152103,Deradoorian,A Beautiful Woman
152270,Kedr Livanskiy,Ariadna
138749,Richard Carrick,Undersea
152944,Max P,Cobra Anger
159165,GoGo Penguin,Don't Go
152465,Delicate Steve,Butterfly
149137,Penguin Cafe Orchestra,Perpetuum Mobile
159161,Simon Jeffes,Swing The Cat
159156,Simon Jeffes,Giles Farnaby's Dream
152507,Hidden Operator,King Creole
159159,Simon Jeffes,Numbers 1 - 4
152531,Nidia Minaj,Sentimentos
152704,Moon Diagrams,End of Heartache
