artist,start_time,title,uid
Ryan Brown,2022-01-26T11:57:57+00:00,Under the Rug,119354
Olga Bell,2022-01-26T11:54:55+00:00,Krasnoyarsk Krai,151549
Bibio,2022-01-26T11:50:34+00:00,Quantock,151893
Caleb Burhans,2022-01-26T11:38:13+00:00,Beneath,142559
Missy Mazzoli,2022-01-26T11:28:19+00:00,Tooth and Nail,133613
Off World,2022-01-26T11:21:17+00:00,Choral Hatch,146295
The Books,2022-01-26T11:17:16+00:00,It Never Changes to Stop,122314
Jacob Cooper,2022-01-26T11:09:01+00:00,Silver Threads III. Antique Windfall,138157
Richard Reed Parry,2022-01-26T11:02:20+00:00,Quartet for Heart and Breath,139135
Jon Hassell,2022-01-26T10:56:10+00:00,Dreaming,152870
David Lang,2022-01-26T10:52:40+00:00,Born to be Wild,107377
Julia Wolfe,2022-01-26T10:46:51+00:00,Reeling,142746
Threefifty,2022-01-26T10:40:43+00:00,Running in a Burning House,148980
Emilie Levienaise-Farrouch,2022-01-26T10:36:53+00:00,Scale of Volatility,148043
Lizzy Mercier Descloux,2022-01-26T10:32:06+00:00,Hard-Boiled Babe,151843
Valgeir Sigurđsson,2022-01-26T10:29:58+00:00,Draumaland,129324
Osvaldo Golijov,2022-01-26T10:22:25+00:00,Mariel,104098
Makaya McCraven,2022-01-26T10:17:06+00:00,Suite Haus (feat. Nubya Garcia),153995
Zola Jesus,2022-01-26T10:14:51+00:00,Doma,151976
Judd Greenstein,2022-01-26T10:03:36+00:00,City Boy,143228
Evan Ziporyn,2022-01-26T09:53:58+00:00,Qi: Garden,151096
Poppy Ackroyd,2022-01-26T09:49:24+00:00,Paper,153635
Benjamin Britten,2022-01-26T09:46:19+00:00,Corpus Christi Carol,151950
Lubomyr Melnyk,2022-01-26T09:41:02+00:00,Evertina,142985
Shabaka Hutchings,2022-01-26T09:34:04+00:00,"Black Skin, Black Masks",153993
Glenn Kotche,2022-01-26T09:26:40+00:00,Wild Sound Part 4,154045
Chris Carter,2022-01-26T09:24:03+00:00,Tone Maps,151907
Kate Moore,2022-01-26T09:15:01+00:00,Sensitive Spot,142344
Du Yun,2022-01-26T09:09:36+00:00,When a Tiger Meets a Rosa Rugosa,136236
Andrew Bird,2022-01-26T09:02:43+00:00,Ethio Invention No. 1,148395
De Leon,2022-01-26T08:58:13+00:00,B1,151918
Shara Nova,2022-01-26T08:56:04+00:00,"A Paper, a pen, a note to a friend",123112
Aleksandra Vrebalov,2022-01-26T08:50:57+00:00,The Sea Ranch Songs: Elements II,146797
Hatis Noit,2022-01-26T08:43:04+00:00,Illogical Lullaby,153606
Shinichi Atobe,2022-01-26T08:33:03+00:00,Regret,151788
Steve Reich,2022-01-26T08:26:11+00:00,"Variations for Vibes, Piano and Strings: 2. Slow",105335
Bill Frisell,2022-01-26T08:23:28+00:00,John Steinbeck,140047
Anna Thorvaldsdottir,2022-01-26T08:17:44+00:00,Fields,150928
Blank For,2022-01-26T08:12:23+00:00,For Tim,151903
Florent Ghys,2022-01-26T08:06:12+00:00,Beaute Plastique,141169
Haley Heynderickx,2022-01-26T08:02:24+00:00,The Bug Collector,151825
Peter Gregson,2022-01-26T07:57:06+00:00,Time,143783
Kjartan Sveinsson,2022-01-26T07:50:13+00:00,Teil III,147475
Nora Morrow,2022-01-26T07:43:52+00:00,Rose Moon,155627
Blackwater,2022-01-26T07:37:33+00:00,Istanbul,152966
Philip Glass,2022-01-26T07:34:36+00:00,Japura River,151001
Volker Bertelmann,2022-01-26T07:31:04+00:00,I Can't Express My Deep Love,151148
Molly Joyce,2022-01-26T07:23:57+00:00,Lean Back And Release,151553
Giant Claw / (Keith Rankin),2022-01-26T07:20:44+00:00,Deep Thoughts 002,151835
Nico Muhly,2022-01-26T07:13:45+00:00,How About Now,107181
Colleen,2022-01-26T07:08:51+00:00,Soul Alphabet,151622
John Luther Adams,2022-01-26T07:05:41+00:00,In the White Silence: Letter O,153444
Jenny Hval,2022-01-26T07:02:04+00:00,Female Vampire,151790
Aphex Twin,2022-01-26T06:58:15+00:00,Fingerbib,148040
Steve Reich,2022-01-26T06:51:13+00:00,2x5,148535
Explosions in the Sky & David Wingo,2022-01-26T06:47:28+00:00,Prince Avalanche: An Old Peasant Like Me,136829
Daniel Wohl,2022-01-26T06:43:19+00:00,Limbs,146967
Brian Eno,2022-01-26T06:38:59+00:00,An Ending (Ascent),127443
Greg Fox,2022-01-26T06:33:49+00:00,Earth Center Possessing Stream,150274
Yasmin Williams,2022-01-26T06:28:47+00:00,Urban Driftwood (ft. Amadou Kouyate),158513
David Lang,2022-01-26T06:23:29+00:00,Wed,126323
Padma Newsome,2022-01-26T06:21:40+00:00,The Creatures in the Garden of Lady Walton: Cocodrillo,119564
Sona Jobarteh,2022-01-26T06:16:29+00:00,Gambia,154794
Missy Mazzoli,2022-01-26T13:52:56+00:00,Still Life With Avalanche,130164
Steve Reich,2022-01-26T13:46:10+00:00,Quartet: I. Fast,151880
Jon Hassell,2022-01-26T13:34:47+00:00,Last Night the Moon Came,127853
Max Richter,2022-01-26T13:28:32+00:00,On The Nature of Daylight,134724
Ramallah Underground,2022-01-26T13:25:08+00:00,Tashweesh (Interference),105254
Poppy Ackroyd,2022-01-26T13:20:14+00:00,Quail,153636
M+Ńrble,2022-01-26T13:16:26+00:00,Jabko,151917
Erkki-Sven Tuur,2022-01-26T13:09:08+00:00,Dedication,144404
Zoe Keating,2022-01-26T13:03:09+00:00,Legions (War),121217
Mubashira Mataali Group,2022-01-26T12:57:56+00:00,Mutume Nabbi (Prophet Muhamad),151916
Terry Riley,2022-01-26T12:47:25+00:00,Sunrise of the Planetary Dream Collector,137717
Philip Glass,2022-01-26T12:41:47+00:00,Madeira River,151003
Eric Whitacre,2022-01-26T12:36:12+00:00,Sleep,119691
LEYA,2022-01-26T12:32:07+00:00,666,151877
Steve Reich,2022-01-26T12:28:39+00:00,Music for 18 Musicians: Pulses,148866
Bing & Ruth,2022-01-26T12:22:33+00:00,Police Police Police Police Police,144591
Daniel Wohl,2022-01-26T12:18:00+00:00,Neighborhood,134470
Caroline Shaw,2022-01-26T12:08:53+00:00,in manus tuas,149480
Paola Prestini,2022-01-26T12:03:04+00:00,Sympathique,151593
Angelica Negron,2022-01-26T14:59:04+00:00,Quimbombo,131973
Anna Meredith,2022-01-26T20:57:05+00:00,Nautilus,147726
Ingram Marshall,2022-01-26T20:47:11+00:00,Fog Tropes,144166
Philip Glass,2022-01-26T20:39:39+00:00,"String Quartet No. 2, ""Company""",108920
Poppy Ackroyd,2022-01-26T20:35:24+00:00,Resolve,153661
Julia Holter,2022-01-26T20:28:43+00:00,Words I Heard,154110
Missy Mazzoli,2022-01-26T20:23:29+00:00,Vespers for Violin (and Electronics),152256
Lanark Artefax,2022-01-26T20:17:57+00:00,Touch Absence (Intimidating Stillness Mix),151923
Tess Roby,2022-01-26T20:14:19+00:00,Air Above Mirage,154178
Makaya McCraven,2022-01-26T20:08:48+00:00,Young Genius,154055
Daniel Brandt,2022-01-26T20:03:25+00:00,Ltd,153538
William Basinski,2022-01-26T19:56:59+00:00,Melancholia II,152112
BON,2022-01-26T19:52:52+00:00,Veritas,159041
Elena Kats-Chernin,2022-01-26T19:48:22+00:00,Unsent Love Letters,154690
Jessie Montgomery,2022-01-26T19:45:30+00:00,Duo for Violin and Cello: III. Presto,159037
Junior Cepeda / arr. Angelique Kidjo,2022-01-26T19:40:51+00:00,Quimbara,159028
big dog little dog,2022-01-26T19:36:43+00:00,Cipher,159036
Colleen,2022-01-26T19:33:53+00:00,Geometría del Universo,152804
Simon Jeffes,2022-01-26T19:30:22+00:00,Music for a Found Harmonium,159162
Out 2,2022-01-26T19:25:21+00:00,Pale Version,151921
Les Halles,2022-01-26T19:18:31+00:00,First Distance,152498
GoGo Penguin,2022-01-26T19:14:11+00:00,Ocean in a Drop,159163
Rexy,2022-01-26T19:09:31+00:00,Dont Turn Me Away,154124
Daniel Palkowski,2022-01-26T19:02:01+00:00,Asana Suite: OpeningMantra,154612
Einojuhani Rautavaara,2022-01-26T18:56:49+00:00,"Cantus Arcticus, Op. 61: I. The Bog",159024
Childish Japes,2022-01-26T18:52:56+00:00,Before You Die,152588
Maya Youssef,2022-01-26T18:41:38+00:00,Silver Lining,158734
Eli Keszler,2022-01-26T18:36:42+00:00,The Tenth Part,154595
Philip Glass,2022-01-26T18:27:53+00:00,Akhnaten: Funeral,129602
Arca,2022-01-26T18:24:00+00:00,Desafío,152410
David Lang,2022-01-26T18:15:57+00:00,Lost Objects: I Lost a Sock,107810
King Tubby,2022-01-26T18:13:03+00:00,Mistry Maker Dub,151920
Valgeir Sigurđsson,2022-01-26T18:10:34+00:00,Draumaland,117384
Laurie Anderson,2022-01-26T18:06:02+00:00,From the Air,112370
Squarepusher,2022-01-26T18:00:21+00:00,Iambic 5 Poetry,152328
Jeremy Dutcher,2022-01-26T17:56:40+00:00,Ultestakon,153914
MIA,2022-01-26T17:53:59+00:00,Galang (Trio Riot Version),159020
Anna & Elizabeth,2022-01-26T17:50:25+00:00,Hop High,151974
Rhiannon Giddens,2022-01-26T17:47:30+00:00,Ten Thousand Voices,159006
Mouse On Mars,2022-01-26T17:42:46+00:00,Omnibuzz,153988
Kaki King,2022-01-26T17:38:14+00:00,Teek,158703
Daniel Brandt,2022-01-26T17:32:40+00:00,On The Move,151861
Abel Selaocoe,2022-01-26T17:27:22+00:00,Eastern Bells ft Beka Reid & Seth Sutton,158694
Solitary Dancer,2022-01-26T17:23:07+00:00,La Donna,151919
Kelly Lee Owens,2022-01-26T17:19:54+00:00,S.O,152129
Delia Gonzalez,2022-01-26T17:13:45+00:00,In Through The Light,152113
Jacaszek,2022-01-26T17:10:25+00:00,Even Not Within Seeing Of The Sun,152785
Ben Lamar Gay,2022-01-26T16:59:07+00:00,Lamps,153848
Kirsten Volness,2022-01-26T16:52:05+00:00,Alone Together,158670
Zoe Keating,2022-01-26T16:45:31+00:00,Escape Artist,121228
SANS,2022-01-26T16:41:50+00:00,Kulkija - The Walking Song,153680
Oracle Hysterical,2022-01-26T16:37:02+00:00,Helen,153610
Tomaga,2022-01-26T16:32:24+00:00,The Inexorable Sadness of Pencils,152658
Vula Viel,2022-01-26T16:28:03+00:00,Do Not Be Afraid,154047
Philip Glass,2022-01-26T16:24:03+00:00,Etude 5,121808
Lucy Railton,2022-01-26T16:18:44+00:00,Pinnevik,151911
Steve Reich,2022-01-26T16:11:47+00:00,Double Sextet: 2. Slow,148778
Padma Newsome,2022-01-26T16:05:42+00:00,Pencil Stick,119336
Valerie Coleman,2022-01-26T16:02:40+00:00,Umoja,122853
Carla dal Forno,2022-01-26T15:58:10+00:00,Clusters,152611
Terry Riley,2022-01-26T15:51:32+00:00,Land's End,101318
Alexander Balanescu,2022-01-26T15:48:16+00:00,Angels & Insects: Waltz,148625
David Lang,2022-01-26T15:37:46+00:00,"Cheating, Lying, Stealing",105949
LEYA,2022-01-26T15:33:50+00:00,Sister,151875
Laurie Anderson,2022-01-26T15:28:35+00:00,Hiawatha,103764
Richard Reed Parry,2022-01-26T15:26:38+00:00,Farewell Ceremony,153985
Ballaké Sissoko & Vincent Segal,2022-01-26T15:22:47+00:00,Super étoile,148630
Lorenzo Senni,2022-01-26T15:18:17+00:00,The Challenge,151909
Julianna Barwick,2022-01-26T15:14:13+00:00,Very Own,138837
Arvo Part,2022-01-26T15:05:21+00:00,Wallfahrtslied (Pilgrim's Song),115839
David Lang,2022-01-26T22:53:05+00:00,The So-Called Laws of Nature: Part III,126621
Sarah Kirkland Snider,2022-01-26T22:45:31+00:00,The Currents,145055
Laurie Anderson,2022-01-26T22:37:07+00:00,O Superman (for Massenet),112363
Iglew,2022-01-26T22:33:40+00:00,Boxed V - 24 Illuminated,151926
Max Richter,2022-01-26T22:29:45+00:00,Orlando: Genesis of Poetry,148848
G Y D A,2022-01-26T22:23:28+00:00,Í Annarri Vídd,154038
Hilary Hahn / Hauschka,2022-01-26T22:17:46+00:00,Adash,127921
Kaki King,2022-01-26T22:12:51+00:00,Goodchild,158702
Terry Riley,2022-01-26T21:52:09+00:00,In C,112267
Ka Baird,2022-01-26T21:47:37+00:00,You Are Myself,152711
Marc Mellits,2022-01-26T21:44:52+00:00,Smoke: Movement 5,153227
Ellen Arkbro,2022-01-26T21:32:17+00:00,For Organ and Brass,152110
Ballaké Sissoko & Vincent Segal,2022-01-26T21:26:49+00:00,Chamber Music,148627
Eric Whitacre,2022-01-26T21:22:42+00:00,Lux Aurumque (Light of Gold),119682
Hanan Townshend,2022-01-26T21:17:09+00:00,To the Wonder: Toil,136800
Shuta Hasunuma,2022-01-26T21:14:03+00:00,Lal,151925
Kirsten Volness,2022-01-26T21:10:33+00:00,Gaia,137974
María Huld Markan Sigfúsdóttir,2022-01-26T21:02:44+00:00,Spirals,154040
David Lang,2022-01-27T04:56:20+00:00,Memory Pieces: Cage,112771
Daniel Herskedal,2022-01-27T04:50:52+00:00,The Roc,153540
itsnotyouitsme,2022-01-27T04:47:10+00:00,Kid Icarus,112673
Philip Glass,2022-01-27T04:40:46+00:00,Glassworks: 1. Opening,148583
Eamon Fogarty,2022-01-27T04:36:36+00:00,Katie Dear,151946
Tim Hecker,2022-01-27T04:31:38+00:00,Violet Monumental I,146256
Lubomyr Melnyk,2022-01-27T04:24:24+00:00,Requiem For A Fallen Tree,154302
Rachel Grimes,2022-01-27T04:16:39+00:00,"The Clearing (Live from Merkin Concert Hall on February 10, 2016",145036
Blondes,2022-01-27T04:12:46+00:00,Aeon,153230
Owen Pallett,2022-01-27T04:08:53+00:00,Chorale,142542
Bing & Ruth,2022-01-27T04:02:57+00:00,TWTGA,148296
Goran Bregovic,2022-01-27T03:57:44+00:00,Underground Tango,153808
Mary Lou Williams,2022-01-27T03:51:40+00:00,Credo (Instrumental),108958
Collectress,2022-01-27T03:48:11+00:00,Woodenheart,153536
Kara-Lis Coverdale,2022-01-27T03:43:44+00:00,Imgs/r,152479
Issam Rafea and Gao Hong,2022-01-27T03:39:19+00:00,Chasing Butterflies,153531
Iso Ambient Orchestra,2022-01-27T03:36:00+00:00,Smudgeon,151954
Satoshi & Makoto,2022-01-27T03:33:10+00:00,Flour,151846
John Zorn,2022-01-27T03:29:16+00:00,Kochot,154503
Kate Moore,2022-01-27T03:16:28+00:00,Sliabh Beagh,145014
Steve Hauschildt,2022-01-27T03:12:22+00:00,Saccade,152988
Hania Rani,2022-01-27T03:07:25+00:00,Dunkel,159046
Michael Gordon,2022-01-27T02:57:04+00:00,Clouded Yellow,151701
Philip Glass,2022-01-27T02:51:52+00:00,Etude 6,140883
Bobby McFerrin,2022-01-27T02:48:50+00:00,Monks - The Shepherd,102648
Penguin Cafe Orchestra,2022-01-27T02:45:40+00:00,Cutting Branches For A Temporary Shelter,159158
Hannah Lash,2022-01-27T02:39:45+00:00,Stalk,144070
Vijay Iyer,2022-01-27T02:34:19+00:00,Break Stuff,159022
Theo Bleckmann,2022-01-27T02:26:32+00:00,Final Answer,151952
C.J. Boyd & Sister Grotto,2022-01-27T02:19:32+00:00,Fratres (in heaven),153745
Gian Carlo Menotti / Rhiannon Giddens,2022-01-27T02:15:16+00:00,Black Swan,159010
Lambert,2022-01-27T02:11:50+00:00,Sweet Apocalpyse,148616
Kaki King,2022-01-27T02:07:43+00:00,Can't Touch This Or That Or You Or My Face,158704
Soojin Suh,2022-01-27T02:02:34+00:00,Colorist lll - Stream Of Consciousness,158706
Vessel,2022-01-27T02:00:24+00:00,Good Animal (For Hannah),154491
Gwenifer Raymond,2022-01-27T01:54:32+00:00,Hell For Certain,158696
Kate NV,2022-01-27T01:50:43+00:00,??? you,153175
David Lang,2022-01-27T01:47:09+00:00,The Little Match Girl Passion: When It Is Time For Me To Go,135095
Andréa Daltro,2022-01-27T01:41:22+00:00,Kiuá,154490
Angel Deradoorian,2022-01-27T01:33:06+00:00,Return-Transcend,151789
Holger Czukay,2022-01-27T01:22:19+00:00,Breath Taking,151936
Tim Hecker,2022-01-27T01:17:32+00:00,Borderlands,148800
Meredith Monk,2022-01-27T01:13:23+00:00,Do You Be,100015
Peteris Vasks,2022-01-27T01:05:04+00:00,Cantabile per Archi,117233
Laurie Anderson,2022-01-27T00:58:11+00:00,Let X=X/It Tango,126279
Philip Glass,2022-01-27T00:51:53+00:00,Facades,129597
Ryuichi Sakamoto,2022-01-27T00:47:14+00:00,Still Life,119735
Steve Reich,2022-01-27T00:43:11+00:00,Quartet: II. Slow,151881
Ellen Reid,2022-01-27T00:34:27+00:00,Fear | Release,152668
Steve Hauschildt,2022-01-27T00:28:36+00:00,Time We Have,152190
Paula Matthusen,2022-01-27T00:24:21+00:00,in absentia,144129
Daníel Bjarnason,2022-01-27T00:13:34+00:00,Blow Bright,154041
Max Eastley,2022-01-27T00:10:49+00:00,Tenessee,151927
Henrique Eisenmann,2022-01-27T00:04:58+00:00,Anthropophagy,153534
Poppy Ackroyd,2022-01-27T00:00:18+00:00,Luna,153660
