artist,start_time,title,uid
Rahim AlHaj,2022-01-19T11:54:14+00:00,A Gift From a Sufi Soul,152831
Elena Kats-Chernin,2022-01-19T11:49:29+00:00,Unsent Love Letters,154690
Steve Reich,2022-01-19T11:46:54+00:00,The Cave: Genesis XXI,112371
Henrique Eisenmann,2022-01-19T11:38:34+00:00,Jeneupti,153530
Vessel,2022-01-19T11:36:23+00:00,Good Animal (For Hannah),154491
Masayoshi Fujita,2022-01-19T11:32:19+00:00,Spaceship Magical,153021
Hilary Hahn / Hauschka,2022-01-19T11:28:54+00:00,Ashes,127926
Dustin O'Halloran,2022-01-19T11:26:45+00:00,"An Ending, A Beginning",152251
Hannah Lash,2022-01-19T11:20:50+00:00,Stalk,144070
Olafur Arnalds,2022-01-19T11:14:46+00:00,re:member,153599
Elza Soares,2022-01-19T11:11:04+00:00,Banho,154792
Vijay Iyer,2022-01-19T11:05:01+00:00,Passage,147096
Nils Frahm,2022-01-19T10:57:59+00:00,A Place,150532
Peter Gregson,2022-01-19T10:52:41+00:00,Cycle,143784
Emily A. Sprague,2022-01-19T10:45:15+00:00,Water Memory 1,151944
"Daniel Wohl, recomposer",2022-01-19T10:38:44+00:00,Extra Pressure (Remix of Partita by Caroline Shaw),152714
Paula Matthusen,2022-01-19T10:34:29+00:00,in absentia,144129
Valgeir Sigurđsson,2022-01-19T10:32:20+00:00,Draumaland,129324
Quindar,2022-01-19T10:27:24+00:00,Arabella Anita,150056
Zoe Keating,2022-01-19T10:23:31+00:00,Icefloe,153470
Colleen,2022-01-19T10:17:28+00:00,This Hammer Breaks,150541
David Lang,2022-01-19T10:07:16+00:00,increase,151712
John Tavener,2022-01-19T09:51:06+00:00,Mahamatar,158490
Johann Johannsson,2022-01-19T09:37:30+00:00,Fordlandia,143605
Steve Reich,2022-01-19T09:32:55+00:00,Duet,106562
C.J. Boyd & Sister Grotto,2022-01-19T09:25:45+00:00,Fratres (in heaven),153745
Meredith Monk,2022-01-19T09:18:01+00:00,Atlas - Part 1: Personal Climate: Choosing Companions,152787
Philip Glass,2022-01-19T09:10:29+00:00,Metamorphosis Two: Flowing,132381
Lambert,2022-01-19T09:07:19+00:00,Sweet Apocalpyse,148616
Kaitlyn Aurelia Smith,2022-01-19T09:02:41+00:00,First Flight,148139
7FO,2022-01-19T08:57:22+00:00,Ougon No Yuge (?????),152503
John Adams,2022-01-19T08:41:32+00:00,Hallelujah Junction,130273
Peteris Vasks,2022-01-19T08:33:28+00:00,Cantabile per Archi,117233
Sarah Neufeld,2022-01-19T08:29:59+00:00,Forcelessness,135934
Dmitri Yanov-Yanovski,2022-01-19T08:22:21+00:00,Short Epitaph (for two violas),158339
Judd Greenstein,2022-01-19T08:08:53+00:00,Change,121577
David Crowell,2022-01-19T08:05:04+00:00,Poly Rush,150530
Sufjan Stevens,2022-01-19T07:59:44+00:00,Tonya Harding (In D major),152329
Son Lux,2022-01-19T07:52:07+00:00,Beautiful Mechanical,123107
Bryce Dessner,2022-01-19T07:44:14+00:00,Little Blue Something,135640
Nils Frahm,2022-01-19T07:40:29+00:00,Ambre,116410
Andrea Belfi,2022-01-19T07:34:27+00:00,Lead,150218
Aphex Twin,2022-01-19T07:30:54+00:00,4,119241
Sarah Kirkland Snider,2022-01-19T07:23:20+00:00,The Currents,145055
Steve Reich,2022-01-19T07:19:14+00:00,Radio Rewrite: 1. Fast,149071
Rajna Swaminathan,2022-01-19T07:12:23+00:00,Offering,154789
Hilary Hahn / Hauschka,2022-01-19T07:06:56+00:00,Adash,127921
Hauschka,2022-01-19T07:02:48+00:00,Constant Growth Fails,148317
Colleen,2022-01-19T06:59:43+00:00,Geometría del Universo,152804
Todd Reynolds,2022-01-19T06:54:21+00:00,Icy Sleeves of Green v2.0,121341
Owen Pallett,2022-01-19T06:50:28+00:00,Chorale,142542
Daniel Brandt,2022-01-19T06:45:21+00:00,Ltd,153538
Goran Bregovic,2022-01-19T06:40:08+00:00,Underground Tango,153808
Angelica Negron,2022-01-19T06:37:16+00:00,Hoy Es Un Dia Nublado,118475
Explosions in the Sky,2022-01-19T06:30:59+00:00,Landing Cliffs,149006
Rachel Grimes,2022-01-19T06:28:45+00:00,Every Morning,148305
Nico Muhly,2022-01-19T06:21:21+00:00,Motion,122386
Maya Youssef,2022-01-19T06:14:29+00:00,Queen Of The Night,154798
Eric Whitacre,2022-01-19T06:10:22+00:00,Lux Aurumque (Light of Gold),119682
John Adams,2022-01-19T06:05:49+00:00,China Gates,103472
Mary Lattimore,2022-01-19T13:55:59+00:00,Wawa By The Ocean,153547
Rachel Grimes,2022-01-19T13:48:28+00:00,"The Clearing (Live from Merkin Concert Hall on February 10, 2016",145036
Penguin Cafe,2022-01-19T13:44:04+00:00,Solaris,148786
Tess Roby,2022-01-19T13:40:11+00:00,Catalyst,152791
Ólafur Arnalds,2022-01-19T13:36:42+00:00,Another Happy Day: Poland,136808
Osvaldo Golijov,2022-01-19T13:30:29+00:00,Tenebrae: I.,148505
Oneohtrix Point Never,2022-01-19T13:27:20+00:00,Problem Areas,149999
John Tavener,2022-01-19T13:14:40+00:00,Popule meus,158492
Yann Tiersen,2022-01-19T13:11:35+00:00,Yuzin,148845
Caleb Burhans,2022-01-19T13:04:07+00:00,Keymaster,119350
Meredith Monk,2022-01-19T12:59:50+00:00,Songs of Ascension: Spring Variation,123081
Michael Gordon,2022-01-19T12:49:29+00:00,Clouded Yellow,151701
Arvo Part,2022-01-19T12:39:24+00:00,Tabula rasa: Ludus,115837
Holly Herndon,2022-01-19T12:33:21+00:00,Chorus,153253
Gossamer,2022-01-19T12:29:06+00:00,III. Encounter,153089
Kate Moore,2022-01-19T12:16:27+00:00,Sliabh Beagh,145014
Mary Lattimore,2022-01-19T12:12:56+00:00,Hello From the Edge of the Earth,153546
Meriheini Luoto,2022-01-19T12:06:35+00:00,Metsänpeitto I,158501
Andréa Daltro,2022-01-19T12:00:49+00:00,Kiuá,154490
Zeena Parkins,2022-01-19T20:59:14+00:00,Coda,152268
Glenn Kotche,2022-01-19T20:51:36+00:00,Wild Sound Part 4,154045
Stella Chiweshe,2022-01-19T20:42:32+00:00,Ndabaiwa,151943
Tim Hecker,2022-01-19T20:37:46+00:00,Borderlands,148800
Zoe Keating,2022-01-19T20:34:28+00:00,Possible,153472
Alev Lenz,2022-01-19T20:27:38+00:00,After Every Winter Must Come Spring,155803
Henrique Eisenmann,2022-01-19T20:21:47+00:00,Anthropophagy,153534
Susan Alcorn,2022-01-19T20:16:04+00:00,Pedernal,158329
Devonte Hynes,2022-01-19T20:14:09+00:00,Palo Alto: Big Game,148794
Laurie Anderson,2022-01-19T20:08:18+00:00,Walk the Dog,153086
Bing & Ruth,2022-01-19T20:00:21+00:00,Rails,148295
David Lang,2022-01-19T19:55:46+00:00,"Amjad ""Sleeping Panorama""",119951
Kaitlyn Aurelia Smith,2022-01-19T19:51:49+00:00,"When I Try, I'm Full",148142
Claude Vivier,2022-01-19T19:48:44+00:00,Jesus Erbarme Dich,153078
Meredith Monk,2022-01-19T19:45:49+00:00,On Behalf of Nature: Eon,147102
Mica Levi,2022-01-19T19:40:39+00:00,Under the Skin: Love,152466
Nico Muhly,2022-01-19T19:37:30+00:00,A Hudson Cycle,112690
Meriheini Luoto,2022-01-19T19:30:24+00:00,Metsänpeitto IX,158519
Ryuichi Sakamoto,2022-01-19T19:23:58+00:00,Hwit,119734
Caroline Shaw,2022-01-19T19:16:17+00:00,Blueprint,153634
Brian Byrne,2022-01-19T19:06:32+00:00,Saxophone Quartet no. 1,144034
Jon Hassell,2022-01-19T19:03:38+00:00,Slipstream,153016
Max Richter,2022-01-19T18:57:34+00:00,Mrs. Dalloway: Meeting Again,148846
Bryce Dessner,2022-01-19T18:55:10+00:00,Murder Ballades: Dark Holler,143692
Terry Riley,2022-01-19T18:45:32+00:00,G Song,116812
Sarathy Korwar,2022-01-19T18:39:31+00:00,Indefinite Leave To Remain,153539
Dustin O'Halloran,2022-01-19T18:36:59+00:00,Minim,138832
Oneohtrix Point Never,2022-01-19T18:32:43+00:00,Boring Angel,148301
Sarah Kirkland Snider,2022-01-19T18:26:34+00:00,Pale as Centuries,143226
Yasmin Williams,2022-01-19T18:23:11+00:00,Swift Breeze,158509
Tortoise,2022-01-19T18:15:36+00:00,Gesceap,148310
Nicholas Britell,2022-01-19T18:13:37+00:00,Moonlight: The Middle of the World,149274
Mathew Rosenblum,2022-01-19T18:06:28+00:00,Sharpshooter,136249
Katie Gately,2022-01-19T18:02:25+00:00,Last Day,152905
Paolo Angeli,2022-01-19T17:57:50+00:00,Hunting Bears (Trilogia del Tempo),154618
Judd Greenstein,2022-01-19T17:50:07+00:00,First Ballade,127687
Stoic,2022-01-19T17:44:37+00:00,Something Vanishing,154591
Tolgahan Çogulu,2022-01-19T17:39:19+00:00,Gelin Savmasi,153529
Julianna Barwick,2022-01-19T17:34:55+00:00,Labyrinthine,148840
John Mills-Cockell,2022-01-19T17:29:42+00:00,Hollywood Dream Trip,151113
Brian Eno,2022-01-19T17:27:31+00:00,Emerald and Stone,148289
Alev Lenz,2022-01-19T17:25:24+00:00,Laura,155804
Dan Deacon,2022-01-19T17:22:10+00:00,Rat Film: Rat Poison,153360
Motion Graphics,2022-01-19T17:18:22+00:00,Anyware,153384
Sarah Davachi,2022-01-19T17:08:47+00:00,For Voice,151689
Flying Lotus,2022-01-19T17:07:40+00:00,Until the Colours Come,135931
Steve Reich,2022-01-19T17:01:41+00:00,The Four Sections: Movement 3,149077
Peter Broderick,2022-01-19T16:57:43+00:00,Music for Falling from Trees: Part 6: Electroconvulsive shock,107678
Public Service Broadcasting,2022-01-19T16:52:56+00:00,People Will Always Need Coal,152208
Glenn Kotche,2022-01-19T16:49:17+00:00,Anomaly mvt. 7,137661
Zoe Keating,2022-01-19T16:44:20+00:00,Forte,153471
Stephen Scott,2022-01-19T16:37:05+00:00,Music One for Bowed Strings,114904
Kaitlyn Aurelia Smith,2022-01-19T16:32:09+00:00,Envelop,148141
Meriheini Luoto,2022-01-19T16:28:09+00:00,Metsänpeitto III,158504
Eli Keszler,2022-01-19T16:23:17+00:00,Enter the Brist,154529
Kate Moore,2022-01-19T16:11:50+00:00,Velvet,146066
Oneohtrix Point Never,2022-01-19T16:08:10+00:00,Age Of,152998
Padma Newsome,2022-01-19T16:02:31+00:00,Trunk Proud,153827
Penguin Cafe,2022-01-19T15:57:50+00:00,Moonbo,148789
Ryuichi Sakamoto,2022-01-19T15:53:10+00:00,Still Life,119735
Ryan Francis,2022-01-19T15:48:12+00:00,"Etudes for Piano, 6. Loop",137784
Andrea Belfi,2022-01-19T15:40:34+00:00,Syncline,150220
Nick Zammuto,2022-01-19T15:35:46+00:00,Fast Pasture,121194
Max Richter,2022-01-19T15:31:52+00:00,Orlando: Genesis of Poetry,148848
John Adams,2022-01-19T15:19:33+00:00,Sri Moonshine,131687
Yasmin Williams,2022-01-19T15:15:04+00:00,Sunshowers,158505
Ka Baird,2022-01-19T15:10:32+00:00,You Are Myself,152711
Henrique Eisenmann,2022-01-19T15:03:50+00:00,Sarabande No. 2,153533
Thom Yorke,2022-01-19T22:56:48+00:00,Suspirium,153646
Florent Ghys,2022-01-19T22:53:09+00:00,Coma Carus,116351
Kelly Moran,2022-01-19T22:50:06+00:00,Autowave,154448
Andy Cartwright,2022-01-19T22:46:23+00:00,Figure Afar,152040
Valgeir Sigurđsson,2022-01-19T22:42:38+00:00,Dreamland,117379
Meriheini Luoto,2022-01-19T22:30:58+00:00,Metsänpeitto IV,158499
Penguin Cafe,2022-01-19T22:26:00+00:00,Aurora,148787
Massive Attack,2022-01-19T22:23:28+00:00,Danny the Dog: Two Rocks and a Cup of Water,136931
Christina Vantzou,2022-01-19T22:17:46+00:00,Some Limited and Waning Memory,152028
Susumu Yokota,2022-01-19T22:13:39+00:00,Kodomotachi,152808
Jon Hopkins,2022-01-19T22:08:06+00:00,Feel First Life,153375
Julianna Barwick,2022-01-19T22:05:14+00:00,Adventurer of the Family,148837
Nico Muhly,2022-01-19T21:57:53+00:00,Flexible Music,110746
Jolie Holland,2022-01-19T21:53:21+00:00,All the Morning Birds,152805
Sam Gendel and Sam Wilkes,2022-01-19T21:49:49+00:00,THEEM AND VARIATIONS,154450
Judd Greenstein,2022-01-19T21:43:45+00:00,Sing Along,104508
Meg Baird & Mary Lattimore,2022-01-19T21:37:40+00:00,Between Two Worlds,154449
iboukle Martinaityte,2022-01-19T21:20:27+00:00,Saudade,158605
Bryce Dessner,2022-01-19T21:10:30+00:00,Aheym,135639
Bill Frisell,2022-01-19T21:03:57+00:00,Rambler,152049
Terry Riley,2022-01-19T23:57:26+00:00,Zinc,112253
Sibarg Ensemble,2022-01-20T04:57:59+00:00,Cipher,153528
Louis Andriessen,2022-01-20T04:53:11+00:00,La Passione (The Passion): Una forma nera cornuta (A horned black form),108720
Amon Tobin,2022-01-20T04:48:35+00:00,Bloodstone (In-Concert Recording),137708
Jennifer Higdon,2022-01-20T04:43:52+00:00,String Poetic: Nocturne,107359
Kate Moore,2022-01-20T04:39:34+00:00,Whoever You Are Come Forth,146064
Meredith Monk,2022-01-20T04:34:00+00:00,Facing North: Long Shadows 2,123354
Ben Neill,2022-01-20T04:22:52+00:00,Posthorn,127854
Helena Espvall & Masaki Batoh,2022-01-20T04:18:21+00:00,Kling Klang,152729
Sarah Kirkland Snider,2022-01-20T04:11:33+00:00,Mass for the Endangered: Kyrie,158108
Richard Reed Parry,2022-01-20T04:07:06+00:00,Duet for Heart and Breath,139134
Florent Ghys,2022-01-20T04:00:23+00:00,Friday 3pm,146816
Brian Eno,2022-01-20T03:50:23+00:00,"Discreet Music, part I",144467
Thor & Friends,2022-01-20T03:46:16+00:00,Swimming with Stina,150526
Efterklang,2022-01-20T03:43:16+00:00,Dreams Today,147729
Julia Kent,2022-01-20T03:37:46+00:00,Invitation to the Voyage,148620
Nicholas Britell,2022-01-20T03:32:34+00:00,Moonlight: End Credits Suite,149477
Gary Lionelli,2022-01-20T03:30:06+00:00,OJ: Made in America: Made in America,148575
Julianna Barwick,2022-01-20T03:24:36+00:00,Big Hollow,148833
David West,2022-01-20T03:18:59+00:00,Polar Light,149318
Valgeir Sigurđsson,2022-01-20T03:13:55+00:00,Past Tundra,117380
Yasmin Williams,2022-01-20T03:08:50+00:00,Dragonfly,158508
Terry Riley,2022-01-20T03:03:09+00:00,Dark Queen Mantra: I. Vizcaino,150195
Steve Reich,2022-01-20T02:54:04+00:00,Tokyo/Vermont Counterpoint,106520
Matana Roberts,2022-01-20T02:49:43+00:00,Amma Jerusalem School,151624
Oneohtrix Point Never,2022-01-20T02:44:41+00:00,Chrome Country,148300
Vladimir Martynov,2022-01-20T02:39:10+00:00,The Beatitudes,125072
Sufjan Stevens,2022-01-20T02:34:43+00:00,The BQE: Part 3,104741
Ben Lamar Gay,2022-01-20T02:32:15+00:00,"Music For 18 Hairdressers, Braids & Fractals",152761
Keith Fullerton Whitman,2022-01-20T02:22:24+00:00,Generator 1,138119
Paolo Angeli,2022-01-20T02:17:27+00:00,Optimistic,154619
Max Richter,2022-01-20T02:10:39+00:00,Berlin By Overnight,148790
Mary Lattimore & Mac McCaughan,2022-01-20T02:03:17+00:00,III,154616
Elori Saxl,2022-01-20T01:55:50+00:00,The Blue of Distance,158602
Kelly Moran,2022-01-20T01:53:49+00:00,Limonium,148382
Padma Newsome,2022-01-20T01:52:07+00:00,Song of the Bees (Artifact),154598
Jerusalem In My Heart,2022-01-20T01:46:49+00:00,Bein Ithnein,153506
Arcade Fire,2022-01-20T01:43:37+00:00,Her: Sleepwalker,136810
D.J. Sparr,2022-01-20T01:41:18+00:00,Earthcaster Suite I. Drips,154617
Zoe Keating,2022-01-20T01:36:24+00:00,Flying and Flocking,121236
Matt Marks,2022-01-20T01:33:51+00:00,"The Little Death, Vol. 1: Sing",122489
John Zorn,2022-01-20T01:27:23+00:00,Gnostic Prelude VII. Sign and Sigil,135318
David Bowie and Brian Eno,2022-01-20T01:22:26+00:00,Moss Garden,153981
Brian Eno,2022-01-20T01:19:27+00:00,The Big Ship,138115
Motion Graphics,2022-01-20T01:16:15+00:00,Mezzotint Gliss (instrumental),153391
Meriheini Luoto,2022-01-20T01:11:56+00:00,Metsänpeitto VII,158517
TootArd,2022-01-20T01:08:02+00:00,Laissez Passer,153501
Edgar Meyer,2022-01-20T01:04:03+00:00,1B,138280
Andy Cartwright,2022-01-20T01:00:18+00:00,It Was Aglow,152042
Frank Zappa,2022-01-20T00:56:39+00:00,Peaches En Regalia,152725
Steve Reich,2022-01-20T00:50:06+00:00,Double Sextet: 3. Fast,148779
Johann Johannsson,2022-01-20T00:43:43+00:00,Fordlandia: The Rocket Builder (Io Pan!),115673
Julia Kent,2022-01-20T00:39:35+00:00,Gardermoen,148619
Foday Musa Suso,2022-01-20T00:34:52+00:00,"Spring Waterfall (Live from National Sawdust on October 1, 2015)",144314
Meredith Monk,2022-01-20T00:30:33+00:00,Gotham Lullaby,105599
Dustin O'Halloran,2022-01-20T00:27:27+00:00,We Move Lightly,128730
Einojuhani Rautavaara,2022-01-20T00:17:12+00:00,"Symphony No. 7 ""Angel of Light,"" mvt. III",148484
Yasmin Williams,2022-01-20T00:11:35+00:00,I Wonder,158506
A Winged Victory for the Sullen,2022-01-20T00:05:21+00:00,"We Played Some Open Chords and Rejoiced, for the Earth Had Circled the Sun Yet Another Year",148291
Kaija Saariaho,2022-01-20T00:02:51+00:00,"Cloud Trio - I. Calmo, medtitato",154391
