artist,start_time,title,uid
Einojuhani Rautavaara,2022-01-28T11:58:34+00:00,"Symphony No. 7 ""Angel of Light,"" mvt. III",148484
Mahsa Vahdat,2022-01-28T11:55:24+00:00,I Was Dead,154727
Kraftwerk,2022-01-28T11:50:58+00:00,Franz Schubert,153984
Andy Akiho,2022-01-28T11:40:33+00:00,"three shades, foreshadows",129867
Valgeir Sigurđsson,2022-01-28T11:38:24+00:00,Draumaland,129324
Kate Moore,2022-01-28T11:35:06+00:00,Spin Bird,121273
Steve Reich,2022-01-28T11:28:59+00:00,Dance Patterns,123453
Luke Temple,2022-01-28T11:25:00+00:00,Hardest Working Self Made Mexican,152188
Nicole Lizee,2022-01-28T11:20:42+00:00,"Girl, You're Living a Life of Crime",119231
Sarah Kirkland Snider,2022-01-28T11:14:33+00:00,Pale as Centuries,143226
Keith Jarrett,2022-01-28T11:07:11+00:00,Ritual Prayer,120574
Laurie Spiegel,2022-01-28T11:01:48+00:00,Clockworks,131120
Brian Eno,2022-01-28T10:59:37+00:00,Emerald and Stone,148289
Clogs,2022-01-28T10:53:33+00:00,Pencil Stick,148623
Duncan Bellamy,2022-01-28T10:49:08+00:00,Endless,153459
Jacob Cooper,2022-01-28T10:41:06+00:00,Silver Threads: VI. Jar,138160
Dan Deacon,2022-01-28T10:38:27+00:00,Rat Film: Pelican,153354
Olafur Arnalds,2022-01-28T10:31:59+00:00,undir,153603
Tigue,2022-01-28T10:27:13+00:00,Dress Well,152650
Lotic,2022-01-28T10:23:51+00:00,Hunted,152187
Richard Reed Parry,2022-01-28T10:19:24+00:00,Duet for Heart and Breath,139134
Mary Lattimore,2022-01-28T10:08:58+00:00,Wawa By The Ocean,153547
Darcy James Argue,2022-01-28T09:57:42+00:00,Phobos,119370
Dungen,2022-01-28T09:53:30+00:00,Jakten genom skogen,148985
David Bowie and Brian Eno,2022-01-28T09:48:33+00:00,Moss Garden,153981
Veljo Tormis,2022-01-28T09:43:04+00:00,Singing Aboard Ship,101307
Nicholas Britell,2022-01-28T09:41:05+00:00,Moonlight: The Middle of the World,149274
David Lang,2022-01-28T09:30:19+00:00,"Cheating, Lying, Stealing",120799
Steve Reich,2022-01-28T09:24:19+00:00,The Four Sections: Movement 3,149077
Rebecca Oswald,2022-01-28T09:19:23+00:00,"Sleep, Child",139416
Public Service Broadcasting,2022-01-28T09:14:37+00:00,People Will Always Need Coal,152208
Mr. Fingers,2022-01-28T09:11:50+00:00,The Juice,152179
Mary Ellen Childs,2022-01-28T09:04:01+00:00,Hocket,106325
Motion Graphics,2022-01-28T09:00:14+00:00,Anyware,153384
Philip Glass,2022-01-28T08:53:23+00:00,Einstein on the Beach: Knee 3,114839
Kaija Saariaho,2022-01-28T08:50:53+00:00,"Cloud Trio - I. Calmo, medtitato",154391
Imarhan,2022-01-28T08:45:47+00:00,Tarha Nam,153875
Penguin Cafe,2022-01-28T08:41:06+00:00,Moonbo,148789
Cate Le Bon,2022-01-28T08:38:10+00:00,Wonderful,152177
Clogs,2022-01-28T08:34:36+00:00,Fiddlegree,119331
Stella Chiweshe,2022-01-28T08:25:32+00:00,Ndabaiwa,151943
Padma Newsome,2022-01-28T08:22:08+00:00,All Hollowed Out,153826
Panorama Sound,2022-01-28T08:18:25+00:00,Packed for the Weekend,154717
Jon Hopkins,2022-01-28T08:12:52+00:00,Feel First Life,153375
Susumu Yokota,2022-01-28T08:10:12+00:00,Azukiiro No Kaori,153986
Sam Gendel and Sam Wilkes,2022-01-28T08:06:40+00:00,THEEM AND VARIATIONS,154450
Alice TM,2022-01-28T08:03:33+00:00,Disorder,152598
Bill Frisell,2022-01-28T07:57:00+00:00,Rambler,152049
Tyshawn Sorey,2022-01-28T07:46:17+00:00,Flowers for Prashant,150936
Zoe Keating,2022-01-28T07:40:57+00:00,Nix,153473
GABI,2022-01-28T07:34:51+00:00,Falling,152171
Nico Muhly,2022-01-28T07:26:03+00:00,Wish You Were Here,124385
David Lang,2022-01-28T07:13:16+00:00,Just (After Song of Songs),151804
Eve Beglarian,2022-01-28T07:02:26+00:00,Until It Blazes,113095
oOoOO & Islamiq Grrrls,2022-01-28T07:00:23+00:00,Jobim Goes Latenight,152559
Henrique Eisenmann,2022-01-28T06:53:40+00:00,Sarabande No. 2,153533
Jherek Bischoff,2022-01-28T06:49:58+00:00,Celebration (Featuring The Celebration Choir),153860
Philip Glass,2022-01-28T06:41:45+00:00,Piano Concerto No. 3: Movement I,152053
John Adams,2022-01-28T06:33:04+00:00,Shaker Loops: I. Shaking and Trembling,148491
Marcus Fischer & Simon Scott,2022-01-28T06:23:44+00:00,Thorns,153857
M. Geddes Gengras,2022-01-28T06:15:00+00:00,Kapoho,153854
Moses Sumney,2022-01-28T06:11:54+00:00,Worth It,153855
Fred Szymanski,2022-01-28T06:07:35+00:00,It Is Hard To Know,152143
Paul Bley Trio,2022-01-28T06:04:37+00:00,Ida Lupino,153987
Explosions in the Sky,2022-01-28T06:00:57+00:00,"So Long, Lonesome",149010
Paula Matthusen,2022-01-28T13:59:49+00:00,The Days are Nouns,144725
Julia Kent,2022-01-28T13:55:41+00:00,Gardermoen,148619
Sarah Kirkland Snider,2022-01-28T13:46:55+00:00,Daughter of the Waves,123111
Meredith Monk,2022-01-28T13:42:36+00:00,Gotham Lullaby,105599
Felicia Atkinson,2022-01-28T13:35:42+00:00,Valis,152196
Steve Reich,2022-01-28T13:20:22+00:00,Electric Guitar Phase,105739
Mary Lattimore,2022-01-28T13:16:11+00:00,The Quiet at Night,149277
Tigue,2022-01-28T13:10:03+00:00,Cranes,153091
Philip Glass,2022-01-28T13:01:59+00:00,Einstein on the Beach: Knee 5,114845
Mary Lattimore & Mac McCaughan,2022-01-28T12:54:37+00:00,III,154616
Tyondai Braxton,2022-01-28T12:44:10+00:00,Platinum Rows,121376
Padma Newsome,2022-01-28T12:42:28+00:00,Song of the Bees (Artifact),154598
Erik Griswold,2022-01-28T12:37:16+00:00,Wallpaper Music,137119
Stoic,2022-01-28T12:31:46+00:00,Something Vanishing,154591
Threefifty,2022-01-28T12:27:30+00:00,Crossing State Lines,148982
Matt Marks,2022-01-28T12:24:57+00:00,"The Little Death, Vol. 1: Sing",122489
Lucrecia Dalt,2022-01-28T12:19:55+00:00,Tar,152192
Alice Coltrane,2022-01-28T12:16:53+00:00,Wisdom Eye,153983
Motion Graphics,2022-01-28T12:13:40+00:00,Mezzotint Gliss (instrumental),153391
Ryan Francis,2022-01-28T12:11:00+00:00,"Wind-Up Bird Preludes, 5. What Happened In The Night I",121651
Alexander Berne,2022-01-28T12:08:50+00:00,Four Instantiations,131806
Lovozero,2022-01-28T20:59:59+00:00,Chervi,153710
Ben Lamar Gay,2022-01-28T20:57:31+00:00,"Music For 18 Hairdressers, Braids & Fractals",152761
Anna Thorvaldsdottir,2022-01-28T20:49:34+00:00,Hrim,124005
Paolo Angeli,2022-01-28T20:44:59+00:00,Hunting Bears (Trilogia del Tempo),154618
Kendrick Lamar,2022-01-28T20:40:24+00:00,u,152414
Matt Marks,2022-01-28T20:35:15+00:00,"The Little Death, Vol. 1: Penetration Overture",121497
Rachel Grimes,2022-01-28T20:30:29+00:00,In the Vapor with the Air Underneath,149004
Steve Reich,2022-01-28T20:23:57+00:00,Double Sextet: 3. Fast,148779
Greg Haines,2022-01-28T20:16:36+00:00,The Spin,152246
Bell Orchestre,2022-01-28T20:10:22+00:00,Icicles / Bicycles,149000
Julianna Barwick,2022-01-28T20:06:13+00:00,Beached,148832
Shara Nova,2022-01-28T19:59:30+00:00,An Unknown Distance Yet to Run,152463
Jessika Kenney and Eyvind Kang,2022-01-28T19:47:48+00:00,Kidung,154153
Antonio Vivaldi,2022-01-28T19:44:14+00:00,WINTER - Low Light,152992
Jon Hassell,2022-01-28T19:39:52+00:00,Miracle Steps,154152
Kaitlyn Aurelia Smith,2022-01-28T19:36:06+00:00,Wetlands,148140
George Oakley,2022-01-28T19:32:13+00:00,Toccata,154281
iboukle Martinaityte,2022-01-28T19:19:10+00:00,Millefleur,158600
Max Richter,2022-01-28T19:12:35+00:00,On The Nature Of Daylight (Orchestral Version),154280
Eluvium,2022-01-28T19:09:08+00:00,Amreik,152250
Elza Soares,2022-01-28T19:04:30+00:00,Mulher do fim do mundo,154793
Missy Mazzoli,2022-01-28T18:59:09+00:00,A Door Into the Dark,118151
Vula Viel,2022-01-28T18:56:19+00:00,Breathe the Air,154610
Mary Lattimore,2022-01-28T18:51:54+00:00,We Just Found Out She Died,149278
Four Tet,2022-01-28T18:46:37+00:00,Circling,150128
Wally Gunn,2022-01-28T18:39:21+00:00,Surviving Death,142564
Jherek Bischoff,2022-01-28T18:34:55+00:00,Automatism,146221
Sharon Van Etten,2022-01-28T18:31:54+00:00,Peace Signs,152597
Arvo Part,2022-01-28T18:26:47+00:00,Summa,115836
Julianna Barwick & Ikue Mori,2022-01-28T18:17:26+00:00,Rejoinder,154097
Dustin O'Halloran,2022-01-28T18:13:58+00:00,Fragile N.4,128734
L'Rain,2022-01-28T18:06:46+00:00,Which Fork / I'll Be,152206
Battles,2022-01-28T18:02:09+00:00,Ice Cream (Featuring Matias Aguayo),152592
Ryuichi Sakamoto,2022-01-28T17:58:38+00:00,CHASM,130627
Traditional Bulgarian,2022-01-28T17:53:18+00:00,Kalimankou Denkou,151819
Dan Deacon,2022-01-28T17:50:25+00:00,Wet Wings,120874
Steve Reich,2022-01-28T17:43:39+00:00,Mallet Quartet: 1. Fast,148781
UMFANG,2022-01-28T17:39:53+00:00,Path,152130
Caleb Burhans,2022-01-28T17:35:20+00:00,Nunc dimittis,134750
Kayhan Kalhor,2022-01-28T17:30:08+00:00,Gallop of a Thousand Horses,109195
Clogs,2022-01-28T17:26:47+00:00,Bed and Rest,122786
Yann Tiersen,2022-01-28T17:22:50+00:00,Penn ar Lann,148820
Meredith Monk,2022-01-28T17:19:55+00:00,On Behalf of Nature: Eon,147102
Tennyson,2022-01-28T17:15:46+00:00,Like What,152205
Anna Meredith,2022-01-28T17:10:38+00:00,Calion,151787
John Luther Adams,2022-01-28T17:06:55+00:00,In the White Silence: Letter B,148572
Visible Cloaks,2022-01-28T17:02:59+00:00,Terrazzo,151119
Marcos Balter,2022-01-28T17:00:25+00:00,meltDown Upshot: 2. Parallel Spaces,148496
Julianna Barwick,2022-01-28T16:54:55+00:00,Big Hollow,148833
Frank Zappa,2022-01-28T16:51:31+00:00,G-Spot Tornado,146043
Caroline Shaw,2022-01-28T16:43:51+00:00,Blueprint,153634
Visible Cloaks - (Ft. Matt Carlson),2022-01-28T16:40:01+00:00,Neume,152394
Nils Frahm,2022-01-28T16:36:53+00:00,Said and Done,116415
Tyondai Braxton,2022-01-28T16:29:33+00:00,Casino Trem,142751
Edgar Meyer,2022-01-28T16:25:34+00:00,1B,138280
Mind Over Mirrors,2022-01-28T16:15:45+00:00,Matchstick Grip,152200
Wally Gunn,2022-01-28T16:10:56+00:00,The Fence Is Gone,142560
Ballaké Sissoko & Vincent Segal,2022-01-28T16:05:16+00:00,Oscarine,148628
Daniel Wohl,2022-01-28T16:00:42+00:00,Limbs,134475
Jacob Cooper,2022-01-28T15:53:55+00:00,Silver Threads: II. Fame,138156
Louis Andriessen,2022-01-28T15:49:37+00:00,Prospettive e Retrospettive,140620
Darcy James Argue,2022-01-28T15:42:36+00:00,Transit,119372
Jennifer Higdon,2022-01-28T15:37:53+00:00,String Poetic: Nocturne,107359
MAE.SUN,2022-01-28T15:34:39+00:00,Continuous Recognition,152280
Efterklang,2022-01-28T15:31:38+00:00,Dreams Today,147729
"Ensemble, Et Al",2022-01-28T15:26:15+00:00,Medal Meddle Metal,150360
Thom Yorke,2022-01-28T15:22:53+00:00,Suspirium,153646
Strawberry Switchblade,2022-01-28T15:19:49+00:00,Since Yesterday,152185
Steve Reich,2022-01-28T15:08:17+00:00,Cello Counterpoint,106794
Penguin Cafe,2022-01-28T15:03:53+00:00,Solaris,148786
Jason Treuting,2022-01-28T22:56:08+00:00,July,105765
Helena Espvall & Masaki Batoh,2022-01-28T22:51:37+00:00,Kling Klang,152729
Anna Meredith,2022-01-28T22:47:48+00:00,Heal You,139379
Florent Ghys,2022-01-28T22:41:05+00:00,Friday 3pm,146816
John Hollenbeck,2022-01-28T22:36:01+00:00,Joys & Desires #3 - The Garden of Love,159030
Max Richter,2022-01-28T22:29:57+00:00,Mrs. Dalloway: Meeting Again,148846
Helios,2022-01-28T22:24:56+00:00,Nothing It Can,152255
Mica Levi,2022-01-28T22:22:11+00:00,Creation,159011
Steve Reich,2022-01-28T22:13:06+00:00,Tokyo/Vermont Counterpoint,106520
Quest Ensemble,2022-01-28T22:07:50+00:00,Pizz Trance,158432
Mr Twin Sister,2022-01-28T22:03:23+00:00,Echo Arms,153931
Terry Riley,2022-01-28T21:53:45+00:00,G Song,116812
Tangents,2022-01-28T21:46:38+00:00,Jindabyne,152330
Valgeir Sigurđsson,2022-01-28T21:41:35+00:00,Past Tundra,117380
Merrill Garbus,2022-01-28T21:34:48+00:00,Ansa Ya,130430
Dustin O'Halloran,2022-01-28T21:32:16+00:00,Minim,138832
Alva Noto + Ryuichi Sakamoto,2022-01-28T21:27:58+00:00,Ax Mr. L.,151837
D.J. Sparr,2022-01-28T21:25:39+00:00,Earthcaster Suite I. Drips,154617
Federico Durand,2022-01-28T21:17:44+00:00,Lluvia de estrellas,152254
Jessica Meyer,2022-01-28T21:12:57+00:00,Hello,140463
Gemma Peacocke,2022-01-28T21:07:26+00:00,Love,154599
Visible Cloaks,2022-01-28T21:03:53+00:00,Valve,151121
Damon Locks - Black Monument Ensemble,2022-01-28T23:57:22+00:00,The Colors That You Bring,158651
Laurie Spiegel,2022-01-29T04:53:55+00:00,The Unquestioned Answer,131118
Beverly Glenn-Copeland,2022-01-29T04:46:32+00:00,Ever New,152577
Marcos Balter,2022-01-29T04:39:48+00:00,Strohbass,136142
Francesco Tristano,2022-01-29T04:32:33+00:00,Strings Of Life,121750
A Winged Victory for the Sullen,2022-01-29T04:28:13+00:00,Long May It Sustain,151910
Ingram Marshall,2022-01-29T04:15:04+00:00,September Canons,112234
Tim Hecker,2022-01-29T04:11:59+00:00,Live Leak Instrumental,146253
Arvo Part,2022-01-29T04:01:37+00:00,Fratres,143567
Colin Stetson,2022-01-29T03:47:52+00:00,Sorrow: III.,157825
Steve Reich,2022-01-29T03:36:30+00:00,New York Counterpoint,104670
Landlady,2022-01-29T03:28:23+00:00,Share a Tree,152287
Terry Riley,2022-01-29T03:20:58+00:00,Across the Lake of the Ancient Word,151966
Bing & Ruth,2022-01-29T03:14:40+00:00,Starwood Choker,148294
Mica Levi,2022-01-29T03:07:49+00:00,Lipstick to Void,159013
Todd Reynolds,2022-01-29T03:04:48+00:00,Centrifuge,121338
Ted Hearne,2022-01-29T03:01:09+00:00,Law of Mosaics: Excerpts from the middle of something,140550
Lubomyr Melnyk,2022-01-29T02:53:08+00:00,Fallen Trees - Part V: Not Forgotten,154321
John Adams,2022-01-29T02:43:33+00:00,Coast,148397
John Zorn,2022-01-29T02:36:59+00:00,Sacred Rites of the Left Hand Path,135366
Ryuichi Sakamoto,2022-01-29T02:32:23+00:00,Riot in Lagos,119729
Jessika Kenney,2022-01-29T02:26:57+00:00,Her Sword II,152576
Judd Greenstein,2022-01-29T02:16:48+00:00,"Clearing, Dawn, Dance",123113
Dictaphone,2022-01-29T02:11:58+00:00,Lofi Opium,152279
Hanna Benn,2022-01-29T02:06:07+00:00,Unfasten,151820
Penguin Cafe,2022-01-29T02:01:23+00:00,The Track of the Dull Sun,150312
Four Tet,2022-01-29T01:56:37+00:00,She Just Likes To Fight,150129
Anna Clyne,2022-01-29T01:46:25+00:00,Roulette,126556
David Bowie (with Brian Eno),2022-01-29T01:40:03+00:00,Warszawa,151964
Angelica Negron,2022-01-29T01:32:28+00:00,Drawings for Meyoko,119351
Kedr Livanskiy,2022-01-29T01:26:36+00:00,Ariadna,152270
Sons of Kemet,2022-01-29T01:20:56+00:00,My Queen Is Harriet Tubman,151939
Arvo Part,2022-01-29T01:04:41+00:00,Tabula rasa: Silentium,101537
Henryk Gorecki,2022-01-29T00:55:03+00:00,"Symphony No. 3, Op. 36, ""Symphony of Sorrowful Songs"": 2. Lento e largo - tranquillissimo",123403
Raymond Scott,2022-01-29T00:51:51+00:00,The Bass-Line Generator,140178
Explosions in the Sky & David Wingo,2022-01-29T00:49:31+00:00,Prince Avalanche: Theme from Prince Avalanche,136828
Mica Levi,2022-01-29T00:46:54+00:00,Mirror to Vortex,159012
Terry Riley,2022-01-29T00:39:47+00:00,Half-Wolf Dances Mad in Moonlight,143444
Richard Carrick,2022-01-29T00:36:24+00:00,Undersea,138749
Susumu Yokota,2022-01-29T00:32:06+00:00,Fairy Dance of Twinkle and Shadow,154175
The Hands Free,2022-01-29T00:25:25+00:00,Lost Halo,151990
Vladimir Martynov,2022-01-29T00:19:53+00:00,The Beatitudes,125072
Silvia Kastel,2022-01-29T00:15:42+00:00,Heart 2 Tape,152259
Jon Hassell,2022-01-29T00:08:24+00:00,Caravanesque,152879
Paolo Angeli,2022-01-29T00:03:26+00:00,Optimistic,154619
