artist,start_time,title,uid
Valgeir Sigurđsson,2022-01-21T05:58:32+00:00,Draumaland,117384
Panda Bear,2022-01-21T11:56:30+00:00,Boys Latin,148304
Jónsi & Alex,2022-01-21T11:49:10+00:00,Atlas Song,120080
Daniel Wohl,2022-01-21T11:44:51+00:00,Limbs,134475
Julia Wolfe,2022-01-21T11:32:10+00:00,Protest,159004
Infinity Knives (Tariq Ravelomanana),2022-01-21T11:28:48+00:00,Dis Dumbass Ghost,158667
Visible Cloaks,2022-01-21T11:25:25+00:00,Valve,151121
Ann Southam,2022-01-21T11:21:58+00:00,Glass Houses #1,142972
Wally Gunn,2022-01-21T11:16:54+00:00,The Fence Is Gone,142560
Tristan Perich,2022-01-21T11:09:52+00:00,Telescope,144545
Carolyn Yarnell,2022-01-21T11:02:17+00:00,Lapis Lazuli,108955
Jessica Meyer,2022-01-21T10:57:30+00:00,Hello,140463
Nico Muhly,2022-01-21T10:52:50+00:00,Comfortable Cruising Altitude,150923
Colleen,2022-01-21T10:48:34+00:00,Eclipse,150537
Cameron Britt,2022-01-21T10:42:56+00:00,Gossamer Albatross,119352
Julianna Barwick,2022-01-21T10:37:14+00:00,Envelop,126243
Yasmin Williams,2022-01-21T10:33:24+00:00,Juvenescence,158507
Jason Moran,2022-01-21T10:29:49+00:00,How much more terrible was the Night,158664
Anna Thorvaldsdottir,2022-01-21T10:21:53+00:00,Hrim,124005
Arvo Part,2022-01-21T10:13:01+00:00,Wallfahrtslied (Pilgrim's Song),115839
David Bowie (with Brian Eno),2022-01-21T10:06:25+00:00,Warszawa,151964
Maria Huld Markan Sigfusdottir,2022-01-21T09:56:19+00:00,Sleeping Pendulum,143599
Zoe Keating,2022-01-21T09:50:19+00:00,Legions (War),121217
Mica Levi,2022-01-21T09:42:58+00:00,Alien Loop,159015
Meredith Monk,2022-01-21T09:40:57+00:00,Impermanence: Maybe 1,112757
Deradoorian,2022-01-21T09:36:44+00:00,Mountainside,152467
Tyondai Braxton,2022-01-21T09:30:19+00:00,ArpRec1,151098
Osvaldo Golijov,2022-01-21T09:26:23+00:00,Youth Without Youth: Youth Without Youth,136900
Philip Glass,2022-01-21T09:20:45+00:00,Madeira River,151003
Moses Boyd,2022-01-21T09:15:05+00:00,Y.O.Y.O,158673
Sons of Kemet,2022-01-21T09:09:25+00:00,My Queen Is Harriet Tubman,151939
Daniel Wohl,2022-01-21T09:04:52+00:00,Neighborhood,134470
Arthur Russell,2022-01-21T08:58:11+00:00,"Instrumentals Vol. 2, Track 13",126377
Okkyung Lee,2022-01-21T08:52:02+00:00,One Hundred Years Old Rain (The Same River Twice),128102
Lubomyr Melnyk,2022-01-21T08:44:00+00:00,Fallen Trees - Part V: Not Forgotten,154321
Caroline Shaw,2022-01-21T08:39:13+00:00,Partita for Eight Voices: Sarabande,130428
Infinity Knives (Tariq Ravelomanana),2022-01-21T08:34:50+00:00,"Thus Spoke My Father, The Coward",158665
Colin Stetson,2022-01-21T08:21:05+00:00,Sorrow: III.,157825
Julianna Barwick,2022-01-21T08:16:34+00:00,Someway,148835
Moondog (Louis Hardin),2022-01-21T08:10:12+00:00,Rabbit Hop,112815
John Luther Adams,2022-01-21T08:00:14+00:00,...and Bells Remembered,122050
Kevin Volans,2022-01-21T07:54:37+00:00,Walking Song,108823
The Hands Free,2022-01-21T07:47:56+00:00,Lost Halo,151990
Steve Reich,2022-01-21T07:44:38+00:00,Electric Counterpoint: 2. Slow,109231
Colleen,2022-01-21T07:38:26+00:00,I'm Kin,150540
Dmitry Evgrafov,2022-01-21T07:33:58+00:00,Consolation,153779
Mica Levi,2022-01-21T07:31:21+00:00,Mirror to Vortex,159012
Johann Johannsson,2022-01-21T07:29:22+00:00,The Theory of Everything: Forces of Attraction,148049
Tomaga,2022-01-21T07:24:30+00:00,REVERIE FOR FRAGILE HOUSEPLANTS,158671
Damon Locks - Black Monument Ensemble,2022-01-21T07:18:36+00:00,The Colors That You Bring,158651
Nils Frahm & Anne Müller,2022-01-21T07:13:18+00:00,Journey For A Traveller,154688
UMFANG,2022-01-21T07:09:17+00:00,Path,152130
Padma Newsome,2022-01-21T07:05:27+00:00,Pitasi,119342
Osvaldo Golijov,2022-01-21T06:59:45+00:00,Lúa Descolorida (Aria De Las Lágrimas De Pedro),159003
Ursula K. Le Guin,2022-01-21T06:55:36+00:00,Music and Poetry of The Kesh: Heron Song,150873
Arooj Aftab,2022-01-21T06:50:24+00:00,Suroor,159026
Sufjan Stevens,2022-01-21T06:46:39+00:00,The Human Plague (Remix),140544
Vijay Iyer,2022-01-21T06:39:22+00:00,Touba,159023
Yann Tiersen,2022-01-21T06:34:56+00:00,Pern,148817
Devonte Hynes,2022-01-21T06:21:22+00:00,There Was Nothing,159018
Jason Moran,2022-01-21T06:18:23+00:00,Follow the Light,158662
Tyondai Braxton,2022-01-21T06:11:03+00:00,Casino Trem,142751
Ingram Marshall,2022-01-21T06:01:10+00:00,Fog Tropes,144166
Max Richter,2022-01-21T13:56:07+00:00,Black Mirror: The Consolations of Philosophy,148617
Ellen Fullman & Theresa Wong,2022-01-21T13:46:50+00:00,Harbors Part 2,158733
Beverly Glenn-Copeland,2022-01-21T13:39:41+00:00,Ever New,152577
Zoe Keating,2022-01-21T13:34:38+00:00,Don't Worry,121233
Lubomyr Melnyk,2022-01-21T13:26:50+00:00,Son Of Parasol,154320
Pawel Mykietyn,2022-01-21T13:23:46+00:00,Krum,140634
Meredith Monk,2022-01-21T13:19:25+00:00,Facing North: Hocket,152537
Mica Levi,2022-01-21T13:12:43+00:00,Lipstick to Void,159013
Vijay Iyer,2022-01-21T13:04:52+00:00,Dig The Say,140039
Missy Mazzoli,2022-01-21T12:59:43+00:00,Vesper Sparrow,142556
David Crowell,2022-01-21T12:56:01+00:00,Green Arrow,150066
Tangents,2022-01-21T12:48:54+00:00,Jindabyne,152330
Marcelo Zarvos,2022-01-21T12:44:01+00:00,Nepomuk's Dances: Arrival,130289
Tomaga,2022-01-21T12:39:03+00:00,INTIMATE IMMENSITY,158672
Alva Noto + Ryuichi Sakamoto,2022-01-21T12:34:44+00:00,Ax Mr. L.,151837
Richard Reed Parry,2022-01-21T12:29:34+00:00,The Brief and Neverending Blur,150926
Traditional Bulgarian,2022-01-21T12:24:14+00:00,Kalimankou Denkou,151819
Glenn Kotche,2022-01-21T12:18:47+00:00,The Traveling Turtle,137651
Catrin Finch & Seckou Keita,2022-01-21T12:12:51+00:00,Hinna-Djulo,153513
Anna Meredith,2022-01-21T12:07:44+00:00,Calion,151787
Steve Reich,2022-01-21T12:00:52+00:00,"Variations for Vibes, Piano and Strings: 2. Slow",105335
Jessika Kenney,2022-01-21T14:59:10+00:00,Her Sword II,152576
Jakub Ciupinski,2022-01-21T20:56:38+00:00,Continuum: Second Movement,125043
Terry Riley,2022-01-21T20:50:00+00:00,Land's End,101318
Kaitlyn Aurelia Smith,2022-01-21T20:46:15+00:00,Rare Things Grow,148143
Olafur Arnalds,2022-01-21T20:41:32+00:00,ekki hugsa,153604
Tim Hecker,2022-01-21T20:37:14+00:00,Music of the Air,146246
Meredith Monk,2022-01-21T20:33:05+00:00,Do You Be,100015
Nicole Mitchell,2022-01-21T20:28:11+00:00,Forest Wall Timewalk,152574
Steve Reich,2022-01-21T20:21:24+00:00,Quartet: I. Fast,151880
Xavier Foley,2022-01-21T20:15:52+00:00,Shelter Island,158893
Julianna Barwick,2022-01-21T20:12:01+00:00,The Magic Place,151963
Anna Thorvaldsdottir,2022-01-21T20:06:16+00:00,Fields,150928
Philip Glass,2022-01-21T19:59:44+00:00,Facades,129597
Lubomyr Melnyk,2022-01-21T19:51:34+00:00,Marginal Invitation,136466
Laurie Anderson,2022-01-21T19:43:10+00:00,O Superman (for Massenet),112363
Electric Jalaba,2022-01-21T19:39:06+00:00,Daimla,158689
Patrick Burke,2022-01-21T19:30:11+00:00,Awake,121585
G Y D A,2022-01-21T19:23:53+00:00,Í Annarri Vídd,154038
Michael Gordon,2022-01-21T19:18:58+00:00,River,151748
Angelica Negron,2022-01-21T19:14:58+00:00,We (I) Said Nothing,118481
Ballaké Sissoko & Vincent Segal,2022-01-21T19:09:30+00:00,Chamber Music,148627
Terry Riley,2022-01-21T18:50:51+00:00,A Rainbow in Curved Air,134160
Hanan Townshend,2022-01-21T18:45:18+00:00,To the Wonder: Toil,136800
GABI,2022-01-21T18:37:28+00:00,Fleece,147723
Nnamdi Ogbonnaya,2022-01-21T18:32:49+00:00,Freeze,154042
Philip Glass; Ravi Shankar (composition for sitar),2022-01-21T18:22:26+00:00,Brazil,129635
María Huld Markan Sigfúsdóttir,2022-01-21T18:14:37+00:00,Spirals,154040
Infinity Knives (Tariq Ravelomanana),2022-01-21T18:10:59+00:00,Death of a Hip Hop Dancer,158668
Padma Newsome,2022-01-21T18:06:35+00:00,To Hugo,119571
Daníel Bjarnason,2022-01-21T17:55:48+00:00,Blow Bright,154041
Meredith Monk,2022-01-21T17:52:28+00:00,Ellis Island,154768
Ted Hearne,2022-01-21T17:48:25+00:00,"Law of Mosaics: Climactic moments from Adagio for Strings and The Four Seasons, slowed down and layered on top of one another",140552
Florent Ghys,2022-01-21T17:41:09+00:00,Teamwork,141176
Nils Frahm,2022-01-21T17:36:12+00:00,Because This Must Be,148826
Max Richter,2022-01-21T17:29:57+00:00,On The Nature of Daylight,134724
Tim Hecker,2022-01-21T17:26:28+00:00,Chimeras,135256
Judd Greenstein,2022-01-21T17:15:13+00:00,City Boy,143228
Phil Kline,2022-01-21T17:02:21+00:00,The Long Winter,135266
Poppy Ackroyd,2022-01-21T16:57:47+00:00,Paper,153635
Jason Moran,2022-01-21T16:53:01+00:00,Toni Morrison said Black is a Rainbow (Shadow),158663
Henryk Gorecki,2022-01-21T16:43:38+00:00,"Symphony No. 3, Op. 36, ""Symphony of Sorrowful Songs"": 2. Lento e largo - tranquillissimo",123403
Lubomyr Melnyk,2022-01-21T16:38:21+00:00,Evertina,142985
Colin Jacobsen,2022-01-21T16:27:33+00:00,"Beloved, do not let me be discouraged",102458
Alva Noto,2022-01-21T16:20:43+00:00,Logic Moon,130643
Missy Mazzoli,2022-01-21T16:15:30+00:00,Vespers for Violin (and Electronics),152256
Jim O'Rourke,2022-01-21T16:04:17+00:00,I'm Happy,120076
Makaya McCraven,2022-01-21T15:58:45+00:00,Young Genius,154055
Colin Stetson,2022-01-21T15:52:34+00:00,In the Vespers,149599
Du Yun,2022-01-21T15:47:10+00:00,When a Tiger Meets a Rosa Rugosa,136236
Hanna Benn,2022-01-21T15:41:19+00:00,Unfasten,151820
Steve Reich,2022-01-21T15:19:29+00:00,Double Sextet: 1. Fast,146131
Moses Boyd,2022-01-21T15:14:13+00:00,Stranger Than Fiction,158674
Jon Hassell,2022-01-21T15:06:54+00:00,Caravanesque,152879
Shara Nova,2022-01-21T15:04:46+00:00,"A Paper, a pen, a note to a friend",123112
Angel Deradoorian,2022-01-21T22:57:59+00:00,Return-Transcend,151789
Dirty Projectors,2022-01-21T22:55:49+00:00,While You're Here,133824
Kara-Lis Coverdale,2022-01-21T22:52:19+00:00,Touch me & die,151239
Esperanza Spalding,2022-01-21T22:46:08+00:00,formwela 2,158988
Glenn Kotche,2022-01-21T22:38:44+00:00,Wild Sound Part 4,154045
Infinity Knives (Tariq Ravelomanana),2022-01-21T22:36:25+00:00,Für Arvo (in 2005),158669
Osvaldo Golijov,2022-01-21T22:32:21+00:00,The Man Who Cried: Close Your Eyes,137772
Steve Reich,2022-01-21T22:28:18+00:00,Quartet: II. Slow,151881
John Mackey,2022-01-21T22:22:04+00:00,Sheltering Sky,148553
Nina Shekhar,2022-01-21T22:12:57+00:00,Quirkhead,151452
Philip Glass,2022-01-21T22:08:58+00:00,Etude 5,121808
Caleb Burhans,2022-01-21T22:00:32+00:00,The Things Left Unsaid,134749
Laurie Anderson,2022-01-21T21:56:00+00:00,From the Air,112370
"Laura Gibson, Ethan Rose",2022-01-21T21:53:07+00:00,Old Waters,127228
Valgeir Sigurđsson,2022-01-21T21:50:58+00:00,Draumaland,129324
Leah Kardos,2022-01-21T21:48:15+00:00,The Calm Work,150316
David Lang,2022-01-21T21:37:45+00:00,"Cheating, Lying, Stealing",105949
Electric Jalaba,2022-01-21T21:33:16+00:00,Agia Hausa,158690
Jacob Cooper,2022-01-21T21:24:18+00:00,Clifton Gates,124415
Hatis Noit,2022-01-21T21:16:26+00:00,Illogical Lullaby,153606
Julia Holter,2022-01-21T21:03:58+00:00,"Memory Drew Her Portrait (Live from Merkin Concert Hall on February 25, 2015)",141935
"Ballake Sissoko, Sona Jobarteh",2022-01-22T04:58:47+00:00,Djourou,159029
Abel Selaocoe,2022-01-22T04:47:45+00:00,Ulibambe,158693
Henrik Schwarz,2022-01-22T04:41:43+00:00,AlgoRhythm,152768
MIA,2022-01-22T04:39:02+00:00,Galang (Trio Riot Version),159020
BOTANY,2022-01-22T04:34:00+00:00,Ory (Joyous Toil),153556
The Necks,2022-01-22T04:30:47+00:00,The Boys: The Boys II,136881
Rhiannon Giddens,2022-01-22T04:27:52+00:00,Ten Thousand Voices,159006
The Kraken Quartet,2022-01-22T04:23:08+00:00,Chance The Dog (the song),152667
Les Filles de Illighadad,2022-01-22T04:17:57+00:00,Surbajo,158992
Angelica Negron,2022-01-22T04:13:16+00:00,Music for Students: Candy Tucker,118478
Maya Youssef,2022-01-22T04:01:58+00:00,Silver Lining,158734
Terry Riley,2022-01-22T03:56:48+00:00,Is In C In F?,112263
David Lang,2022-01-22T03:47:06+00:00,The So-Called Laws of Nature: Part III,126621
El Torombo,2022-01-22T03:43:11+00:00,Bulerias,152459
Marielle V Jakobsons,2022-01-22T03:36:30+00:00,Star Core,151785
Kaki King,2022-01-22T03:31:58+00:00,Teek,158703
Laurie Anderson,2022-01-22T03:20:24+00:00,Another Day in America,117892
Sufjan Stevens,2022-01-22T03:16:42+00:00,Planetarium: Moon,150068
Philip Glass,2022-01-22T03:04:00+00:00,"Powaqqatsi: Video Dream, New Cities in Ancient Lands",129722
Mary Lattimore,2022-01-22T02:52:31+00:00,It Feels Like Floating,153545
Gwenifer Raymond,2022-01-22T02:45:36+00:00,Strange Lights Over Garth Mountain,158697
Padma Newsome,2022-01-22T02:36:49+00:00,Witch Stick,119341
Susan Alcorn,2022-01-22T02:31:06+00:00,Pedernal,158329
We Like We,2022-01-22T02:27:42+00:00,Endless Harmonies,152664
Steve Tibbetts,2022-01-22T02:23:20+00:00,Life Of Dot,152734
Negative Gemini,2022-01-22T02:19:04+00:00,You Never Knew,152274
"Oscar Brown, Jr / Rhiannon Giddens",2022-01-22T02:13:59+00:00,Brown Baby,159008
Foday Musa Suso,2022-01-22T02:07:52+00:00,Summer Time,128649
Michael Harrison,2022-01-22T01:55:07+00:00,Hijaz,130412
Park Jiha,2022-01-22T01:52:03+00:00,Arrival,154790
Valgeir Sigurđsson,2022-01-22T01:47:22+00:00,"Cold Ground, Hot II",117386
SANS,2022-01-22T01:43:42+00:00,Kulkija - The Walking Song,153680
Moira Smiley,2022-01-22T01:40:14+00:00,One Step Dance,151644
Leah Kardos,2022-01-22T01:37:40+00:00,Malio Malio,150315
Philip Glass,2022-01-22T01:28:51+00:00,Akhnaten: Funeral,129602
Hildur Ingveldardottir Guonadottir,2022-01-22T01:24:49+00:00,Opaque,130693
Angelo Badalamenti,2022-01-22T01:15:37+00:00,The City of Lost Children: Suite,115978
David Lang,2022-01-22T01:11:09+00:00,The Little Match Girl Passion: We Sit and Cry,123340
John Luther Adams,2022-01-22T00:57:56+00:00,Dark Wind,113971
Terry Riley,2022-01-22T00:37:14+00:00,In C,112267
Sam Gendel,2022-01-22T00:33:34+00:00,THEEM AND VARIATIONS,153195
Laurie Anderson,2022-01-22T00:28:19+00:00,Hiawatha,103764
Aaron Dessner,2022-01-22T00:24:42+00:00,Transpecos: Final Theme,148582
Ballaké Sissoko & Vincent Segal,2022-01-22T00:20:50+00:00,Super étoile,148630
Arooj Aftab,2022-01-22T00:12:41+00:00,Inayaat,158980
Kelly Lee Owens,2022-01-22T00:07:27+00:00,Bird,151981
Steve Reich,2022-01-22T00:03:59+00:00,Music for 18 Musicians: Pulses,148866
