artist,start_time,title,uid
Gwenifer Raymond,2022-01-31T11:57:20+00:00,Hell For Certain,158696
Alva Noto,2022-01-31T11:51:51+00:00,Morning,130647
Amanda Berlind,2022-01-31T11:45:31+00:00,Woog,158604
Colin Jacobsen,2022-01-31T11:34:58+00:00,"Beloved, do not let me be discouraged",102458
Philip Glass,2022-01-31T11:22:16+00:00,"Powaqqatsi: Video Dream, New Cities in Ancient Lands",129722
Thomas Bartlett and Nico Muhly,2022-01-31T11:18:24+00:00,Dominic,152674
Leah Kardos,2022-01-31T11:15:42+00:00,The Calm Work,150316
David Lang,2022-01-31T11:12:07+00:00,The Little Match Girl Passion: When It Is Time For Me To Go,135095
Kaitlyn Aurelia Smith,2022-01-31T11:08:07+00:00,Rare Things Grow,148143
Holger Czukay,2022-01-31T11:04:00+00:00,Ode to Perfume,152393
Esmerine,2022-01-31T11:00:06+00:00,Translator's Clos I,153541
Sufjan Stevens,2022-01-31T10:56:58+00:00,The BQE: Part 6,105069
Olafur Arnalds,2022-01-31T10:52:15+00:00,ekki hugsa,153604
Die Knoedel,2022-01-31T10:49:10+00:00,In The Red Currants (In Die Ribisl),154654
Susan Alcorn,2022-01-31T10:43:27+00:00,Pedernal,158329
Sons of Kemet,2022-01-31T10:37:47+00:00,My Queen Is Harriet Tubman,151939
Julia Holter,2022-01-31T10:32:22+00:00,Marienbad,148298
Susie Ibarra,2022-01-31T10:30:03+00:00,Pulse,152648
Mica Levi,2022-01-31T10:27:26+00:00,Mirror to Vortex,159012
BON,2022-01-31T10:23:20+00:00,Veritas,159041
Aphex Twin,2022-01-31T10:19:35+00:00,Logon Rock Witch,119236
Ken Thomson,2022-01-31T10:12:06+00:00,Icebreaker,154221
big dog little dog,2022-01-31T10:07:59+00:00,Cipher,159036
Phil Kline,2022-01-31T10:03:57+00:00,The Blue Room: Tarantella,107234
Penguin Cafe Orchestra,2022-01-31T10:00:48+00:00,Cutting Branches For A Temporary Shelter,159158
Flume,2022-01-31T09:56:19+00:00,Weekend feat. Moses Sumney,153891
Philip Glass,2022-01-31T09:51:06+00:00,Etude 6,140883
Susumu Yokota,2022-01-31T09:47:12+00:00,Blue Sky and Yellow Sunflower,151980
MIA,2022-01-31T09:44:31+00:00,Galang (Trio Riot Version),159020
Kris Davis,2022-01-31T09:33:58+00:00,Saturn Return,152661
Erland Dahlen,2022-01-31T09:26:51+00:00,Wood,152657
SANS,2022-01-31T09:23:11+00:00,Kulkija - The Walking Song,153680
Mark O'Connor,2022-01-31T09:17:14+00:00,Appalachia Waltz,137775
Khruangbin,2022-01-31T09:13:14+00:00,Evan Finds The Third Room,153856
Rhiannon Giddens,2022-01-31T09:10:18+00:00,Ten Thousand Voices,159006
Ryuichi Sakamoto,2022-01-31T09:06:16+00:00,Asnyc: Ubi,149273
Maya Youssef,2022-01-31T08:54:58+00:00,Silver Lining,158734
Arp,2022-01-31T08:47:55+00:00,Nzuku,153085
Soojin Suh,2022-01-31T08:42:47+00:00,Colorist lll - Stream Of Consciousness,158706
Terry Riley,2022-01-31T08:35:22+00:00,Across the Lake of the Ancient Word,151966
Kaki King,2022-01-31T08:30:50+00:00,Teek,158703
Momo 'Wandel' Soumah,2022-01-31T08:23:00+00:00,Afro Blue,152663
Penguin Cafe,2022-01-31T08:20:07+00:00,(The Roaring of A) Silent Sun,148788
Gwenifer Raymond,2022-01-31T08:13:52+00:00,Eulogy for Dead French Composer,158698
Julia Kent,2022-01-31T08:09:02+00:00,Transportation,148621
Alcest,2022-01-31T08:02:53+00:00,Souvenirs d'un autre monde,152325
Tomaga,2022-01-31T07:58:16+00:00,The Inexorable Sadness of Pencils,152658
Meredith Monk,2022-01-31T07:52:58+00:00,Impermanence: Rocking,104658
Philip Glass,2022-01-31T07:44:09+00:00,Akhnaten: Funeral,129602
Tan Dun,2022-01-31T07:39:09+00:00,Water Spirit,125173
Poppy Ackroyd,2022-01-31T07:34:53+00:00,Resolve,153661
Angelica Negron,2022-01-31T07:30:23+00:00,Remando en el Mismo Lugar,118470
Tim Hecker,2022-01-31T07:25:27+00:00,Obsidian Counterpoint,146239
Nick Hakim,2022-01-31T07:21:33+00:00,Bet She Looks Like You,152587
Holly Herndon,2022-01-31T07:16:38+00:00,An Exit,153258
Jherek Bischoff,2022-01-31T07:11:22+00:00,Closer to Closure,146222
Glasser,2022-01-31T07:07:28+00:00,Mirrorage,151962
Laurel Halo,2022-01-31T07:05:58+00:00,Out,148047
Aya Nishina,2022-01-31T06:58:24+00:00,White Flower,136516
Aphex Twin,2022-01-31T06:55:57+00:00,Jynweythek Ylow,119245
Laurie Spiegel,2022-01-31T06:49:28+00:00,The Unquestioned Answer,131118
Kris Davis,2022-01-31T06:41:41+00:00,Ten Exorcists,152424
David Lang,2022-01-31T06:31:59+00:00,The So-Called Laws of Nature: Part III,126621
Philip Miller,2022-01-31T06:25:42+00:00,9 Drawings for Projection: Weighing and Wanting,115279
Laurie Anderson,2022-01-31T06:21:09+00:00,From the Air,112370
Jack and Eliza,2022-01-31T06:17:57+00:00,Hold the Line,152529
The Hands Free,2022-01-31T06:11:15+00:00,Lost Halo,151990
Daníel Bjarnason,2022-01-31T06:00:29+00:00,Blow Bright,154041
SMX,2022-01-31T13:55:32+00:00,Sleep,152501
He Was Eaten By Owls,2022-01-31T13:52:53+00:00,We Shall Oscillate Like A Pendulum,153605
"Ballake Sissoko, Sona Jobarteh",2022-01-31T13:48:02+00:00,Djourou,159029
Jacob Cooper,2022-01-31T13:40:53+00:00,Silver Threads: IV. Wefted Histories,138158
Dan Deacon,2022-01-31T13:37:42+00:00,Rat Film: Calhoun,153359
Devonte Hynes (Blood Orange),2022-01-31T13:33:11+00:00,Palo Alto: Fred Drives,148795
Nils Frahm,2022-01-31T13:27:17+00:00,Old Thought,125898
Jessie Montgomery,2022-01-31T13:24:25+00:00,Duo for Violin and Cello: III. Presto,159037
Colin Stetson,2022-01-31T13:21:07+00:00,Home,121987
Vijay Iyer,2022-01-31T13:15:41+00:00,Break Stuff,159022
Phil Kline,2022-01-31T13:02:49+00:00,The Long Winter,135266
Les Filles de Illighadad,2022-01-31T12:57:38+00:00,Surbajo,158992
Blank For,2022-01-31T12:54:03+00:00,Sunny Rain,152676
Kate Moore,2022-01-31T12:44:42+00:00,Stories for Ocean Shells,146065
Steve Reich,2022-01-31T12:22:52+00:00,Double Sextet: 1. Fast,146131
Zoe Keating,2022-01-31T12:17:38+00:00,Legions (Reverie),121222
Daniel Lanois,2022-01-31T12:13:29+00:00,Satie,148622
Gian Carlo Menotti / Rhiannon Giddens,2022-01-31T12:09:12+00:00,Black Swan,159010
Abel Selaocoe,2022-01-31T12:03:12+00:00,Keld ft Abel Selaocoe & Callum Connell,158695
Poppy Ackroyd,2022-01-31T20:57:03+00:00,Roads,142992
Jonathan Fitoussi,2022-01-31T20:50:13+00:00,Labyrinths,151906
Hania Rani,2022-01-31T20:42:38+00:00,Spring,159047
Meredith Monk,2022-01-31T20:40:06+00:00,"Book of Days: Travellers 1,2,3",117111
Kirsten Volness,2022-01-31T20:33:04+00:00,Alone Together,158670
Bibio,2022-01-31T20:29:54+00:00,Puddled in the Morning,152677
Nils Frahm,2022-01-31T20:24:57+00:00,Because This Must Be,148826
Osvaldo Golijov,2022-01-31T20:18:24+00:00,"Last Round, mvt. II: Lentissimo",148504
Paola Prestini,2022-01-31T20:11:40+00:00,Sounds: Last Hymn,113129
Anemone,2022-01-31T20:07:28+00:00,Bout De Toi,154492
John Zorn,2022-01-31T20:03:34+00:00,Kochot,154503
Jon Hopkins,2022-01-31T19:56:33+00:00,C O S M,153376
David Lang,2022-01-31T19:43:46+00:00,Just (After Song of Songs),151804
Danalogue,2022-01-31T19:39:19+00:00,Sweet B,152655
Johann Johannsson,2022-01-31T19:32:53+00:00,Flight from the City,147948
Dan Deacon,2022-01-31T19:28:01+00:00,Rat Film: Horn Phase,153353
Rahim AlHaj,2022-01-31T19:21:26+00:00,A Gift From a Sufi Soul,152831
Moon Diagrams,2022-01-31T19:16:00+00:00,End of Heartache,152704
Nico Muhly,2022-01-31T19:08:15+00:00,Beaming Music,134743
Owen Pallett,2022-01-31T19:04:21+00:00,Chorale,142542
Philip Glass,2022-01-31T18:57:52+00:00,Akhnaten: Hymn To The Sun,149427
Callie Ryan,2022-01-31T18:54:23+00:00,Orange Notes,152526
John Adams,2022-01-31T18:49:51+00:00,China Gates,103472
Julianna Barwick,2022-01-31T18:45:40+00:00,Pyrrhic,148842
Sarah Davachi,2022-01-31T18:40:13+00:00,Evensong,153722
Ryuichi Sakamoto,2022-01-31T18:35:46+00:00,andata (Oneohtrix Point Never Remix),153083
Aphex Twin,2022-01-31T18:33:41+00:00,Avril 14th,148041
Kelly Moran,2022-01-31T18:31:19+00:00,Freesia,148381
Lubomyr Melnyk,2022-01-31T18:24:05+00:00,Requiem For A Fallen Tree,154302
Okay Kaya,2022-01-31T18:20:49+00:00,La Meg,152702
Kala Ramnath,2022-01-31T18:17:39+00:00,Aalap and Tarana,136308
Joep Beving,2022-01-31T18:12:18+00:00,Hanging D,153537
Clogs,2022-01-31T18:06:55+00:00,2:3:5,119327
Aston Family Man Barrett,2022-01-31T18:04:09+00:00,Soul Constitution,152341
Collectress,2022-01-31T18:00:39+00:00,Woodenheart,153536
Sarah Louise,2022-01-31T17:56:42+00:00,Rime,159001
Trio Chemirani,2022-01-31T17:51:26+00:00,Synkathistos,153535
Aleksi Perälä,2022-01-31T17:46:38+00:00,UK74R1721031,152338
Issam Rafea and Gao Hong,2022-01-31T17:42:12+00:00,Chasing Butterflies,153531
Holly Herndon,2022-01-31T17:37:35+00:00,Interference,153252
Pamela Z,2022-01-31T17:29:13+00:00,The Schmetterling,159035
Hospitality,2022-01-31T17:25:44+00:00,Friends of Friends,152701
Philip Glass,2022-01-31T17:22:18+00:00,Koyaanisqatsi: Koyaanisqatsi,105594
Hania Rani,2022-01-31T17:17:21+00:00,Dunkel,159046
Laurie Spiegel,2022-01-31T17:07:21+00:00,Patchwork,131110
7FO,2022-01-31T17:02:45+00:00,Moment,152337
Caroline Shaw,2022-01-31T16:56:54+00:00,Partita for Eight Voices: Passacaglia,130418
Osvaldo Golijov,2022-01-31T16:53:51+00:00,Youth Without Youth: Farewell,103665
John Zorn,2022-01-31T16:50:53+00:00,Bikkurim,154502
Andy Akiho,2022-01-31T16:41:39+00:00,Prospects of a Misplaced Year I. The War Below,152044
Nirmala Rajasekar - Maithree,2022-01-31T16:36:15+00:00,Mary O'Neil,153849
Juana Molina,2022-01-31T16:31:22+00:00,Cosoco,151762
Haron,2022-01-31T16:21:37+00:00,Lotuseter,152948
BC Camplight,2022-01-31T16:16:59+00:00,You Should've Gone to School,152699
Ryuichi Sakamoto,2022-01-31T16:13:06+00:00,Reversing,114099
Anna Thorvaldsdottir,2022-01-31T16:07:21+00:00,Fields,150928
Nubya Garcia,2022-01-31T16:02:51+00:00,La cumbia me esta llamando,158987
The Dead Texan,2022-01-31T15:57:07+00:00,"A Chronicle of Early Failures, Part 1",152032
Gwenifer Raymond,2022-01-31T15:50:12+00:00,Strange Lights Over Garth Mountain,158697
Cocanha,2022-01-31T15:46:22+00:00,Cotelon,158982
Masayoshi Fujita,2022-01-31T15:41:58+00:00,It's Magical,152665
ADR,2022-01-31T15:37:01+00:00,Open Invitation,151786
Steve Hauschildt,2022-01-31T15:31:10+00:00,Time We Have,152190
Seabuckthorn,2022-01-31T15:27:50+00:00,What the Shepherds Call Ghosts,152733
Philip Glass,2022-01-31T15:20:27+00:00,Etude 2,140879
Felicia Atkinson,2022-01-31T15:15:24+00:00,Lighter Than Aluminium (EXCERPT for ODD THEORY),152692
Nicholas Cords,2022-01-31T15:08:26+00:00,Five Migrations,133525
Glenn Kotche,2022-01-31T15:01:01+00:00,Wild Sound Part 4,154045
Nils Frahm,2022-01-31T22:57:46+00:00,Keep,125894
Arvo Part,2022-01-31T22:50:08+00:00,Spiegel im Spiegel (Mirror in the Mirror),101557
Dawn of Midi,2022-01-31T22:44:06+00:00,Io,153542
Lighter Than Aluminium,2022-01-31T22:28:57+00:00,Felicia Atkinson,152679
Kaitlyn Aurelia Smith,2022-01-31T22:25:49+00:00,Riparian,153895
Daniel Herskedal,2022-01-31T22:20:21+00:00,The Roc,153540
Colleen,2022-01-31T22:16:38+00:00,Humming Fields,153894
Helado Negro,2022-01-31T22:12:54+00:00,Transmission Listen,153405
Ryuichi Sakamoto,2022-01-31T22:09:02+00:00,Solari,150042
Einojuhani Rautavaara,2022-01-31T22:00:33+00:00,Divertimento,111278
Hildigunnur Rúnarsdóttir,2022-01-31T21:55:41+00:00,Vocalise,116086
Philippe Petit,2022-01-31T21:49:27+00:00,Lenox Avenue Tintinnabulum,153746
Shara Nova,2022-01-31T21:45:29+00:00,From the Invisible to the Visible,133130
Aphex Twin,2022-01-31T21:40:47+00:00,Next Heap With,148039
Steve Reich,2022-01-31T21:33:48+00:00,Electric Counterpoint: 1. Fast,128505
Sheron,2022-01-31T21:32:39+00:00,Lost Boys,152678
Tim Hecker,2022-01-31T21:29:26+00:00,Violet Monumental II,146257
Pariah,2022-01-31T21:22:29+00:00,Linnaea,152972
Mdou Moctar,2022-01-31T21:18:30+00:00,Taliat,158989
Kamaal Williams,2022-01-31T21:17:21+00:00,The Return,152764
Jakub Ciupinski,2022-01-31T21:05:15+00:00,Morning Tale,146965
Philip Glass,2022-01-31T21:02:18+00:00,"String Quartet No. 3, ""Mishima,"" mvt. V: Mishima/Closing",148512
Johann Johannsson,2022-01-31T23:58:26+00:00,Sicario: Melancholia,147662
Tristan Perich,2022-02-01T04:54:59+00:00,"1-Bit Symphony, movement 1",119083
Kaitlyn Aurelia Smith,2022-02-01T04:50:21+00:00,First Flight,148139
Kate NV,2022-02-01T04:46:04+00:00,??? bug,153177
Four Tet,2022-02-01T04:41:52+00:00,Two Thousand and Seventeen,150686
Anna + Elizabeth,2022-02-01T04:35:39+00:00,Irish Patriot,152741
Nico Muhly,2022-02-01T04:27:35+00:00,Pillaging Music,103954
David Crowell,2022-02-01T04:24:56+00:00,Echolocation,150529
Caroline Shaw,2022-02-01T04:15:44+00:00,Taxidermy,158322
Tortoise,2022-02-01T04:10:58+00:00,Ten-Day Interval,127136
Moses Sumney,2022-02-01T04:07:52+00:00,Worth It,153855
David Lang,2022-02-01T04:05:03+00:00,Light Moving,136237
Christine Delphine Hedden,2022-02-01T03:59:50+00:00,Kitchen Dance,154664
David Longstreth,2022-02-01T03:57:45+00:00,Instructional Video,125079
Aleksandra Vrebalov,2022-02-01T03:55:28+00:00,The Sea Ranch Songs: Fort Ross Chorale,146787
Marc Mellits,2022-02-01T03:52:19+00:00,Smoke: Movement 3,153225
Steve Reich,2022-02-01T03:48:14+00:00,Radio Rewrite: 1. Fast,149071
Chris Morrissey,2022-02-01T03:42:24+00:00,The Inventor,152732
Emily Glass,2022-02-01T03:39:46+00:00,Gentle Sanctuary,153798
Clogs,2022-02-01T03:37:05+00:00,5/4,119326
Shida Shahabi,2022-02-01T03:34:01+00:00,Flora,153799
Richard Reed Parry,2022-02-01T03:24:59+00:00,"For Heart, Breath and Orchestra",124386
Fiona Brice,2022-02-01T03:20:31+00:00,Berlin,152121
The Dreebs,2022-02-01T03:16:58+00:00,De Beers,152932
Qasim Naqvi,2022-02-01T03:15:21+00:00,Aligned,150253
Tyondai Braxton,2022-02-01T03:10:12+00:00,Opening Bell,109842
Sufjan Stevens,2022-02-01T03:06:06+00:00,The Human Plague,139730
Oliver Coates,2022-02-01T03:00:35+00:00,Sky with Four Moons,153209
Sarah Neufeld,2022-02-01T02:55:44+00:00,Chase the Bright and Burning,147782
Seaven Teares,2022-02-01T02:48:48+00:00,Meet Me,152700
Jon Hassell,2022-02-01T02:42:15+00:00,Secretly Happy,152885
Caleb Burhans,2022-02-01T02:36:38+00:00,Remembrance,146528
Rachel Grimes,2022-02-01T02:33:23+00:00,Bloodroot,152248
Tristan Perich,2022-02-01T02:26:00+00:00,These Are They,119086
Nils Frahm,2022-02-01T02:22:15+00:00,Ambre,116410
Kate NV,2022-02-01T02:17:35+00:00,yxo EAR,153171
Explosions in the Sky,2022-02-01T02:11:18+00:00,Landing Cliffs,149006
A Silver Mt. Zion,2022-02-01T02:03:41+00:00,13 Angels Standing Guard 'round the Side of Your Bed,148201
John Adams,2022-02-01T01:47:51+00:00,Hallelujah Junction,130273
Mary Lattimore,2022-02-01T01:40:21+00:00,Never Saw Him Again,152812
Steve Reich,2022-02-01T01:29:03+00:00,Tehillim: Part 1,147586
Connie Converse,2022-02-01T01:26:24+00:00,Talkin' Like You (Two Tall Mountains),152707
Jane Antonia Cornish,2022-02-01T01:23:50+00:00,Into Silence II,151143
Jakub Ciupinski,2022-02-01T01:17:58+00:00,The Architect's Brother,125181
Oneohtrix Point Never,2022-02-01T01:14:15+00:00,Power of Persuasion,152094
Kaitlyn Aurelia Smith,2022-02-01T01:03:06+00:00,Existence in the Unfurling,148146
Nico Muhly,2022-02-01T00:55:42+00:00,Motion,122386
Samora Pinderhughes,2022-02-01T00:47:18+00:00,History,151629
Esmerine,2022-02-01T00:41:27+00:00,19/14,153543
Ben Johnston,2022-02-01T00:30:44+00:00,"Crossings - The Ascent, String Quartet No. 4, ""Amazing Grace""",154135
Caroline Shaw,2022-02-01T00:28:46+00:00,Plan & Elevation: IV. The Orangery,154686
Louis Andriessen,2022-02-01T00:22:48+00:00,Bells For Haarlem,109033
Philip Glass,2022-02-01T00:14:37+00:00,Koyaanisqatsi: Vessels,129764
Batu,2022-02-01T00:10:52+00:00,Don't,152705
Meredith Monk,2022-02-01T00:08:03+00:00,Quarry Weave,140798
Poppy Ackroyd,2022-02-01T00:03:09+00:00,Quail,153636
