artist,start_time,title,uid
Laraaji,2022-01-02T05:59:41+00:00,Through Luminous Eyes 1,158331
Steve Reich,2022-01-02T11:46:38+00:00,Double Sextet: 1. Fast,146131
Public Service Broadcasting,2022-01-02T11:42:28+00:00,Tomorrow,150060
Zoe Keating,2022-01-02T11:37:24+00:00,Don't Worry,121233
Ellen Arkbro,2022-01-02T11:24:52+00:00,For Organ and Brass,152110
Susumu Yokota,2022-01-02T11:20:34+00:00,Fairy Dance of Twinkle and Shadow,154175
Padma Newsome,2022-01-02T11:17:25+00:00,All Hollowed Out,153826
Nico Muhly,2022-01-02T11:14:16+00:00,A Hudson Cycle,112690
Rajna Swaminathan,2022-01-02T11:07:11+00:00,Offering,154789
Bryce Dessner,2022-01-02T10:57:14+00:00,Aheym,135639
John Luther Adams,2022-01-02T10:53:30+00:00,In the White Silence: Letter B,148572
Arvo Part,2022-01-02T10:48:00+00:00,Da Pacem Domine,146897
Christopher Tignor,2022-01-02T10:43:06+00:00,Electricity Turns Them On,127087
Laurie Anderson,2022-01-02T10:37:51+00:00,Hiawatha,103764
Missy Mazzoli,2022-01-02T10:29:05+00:00,Still Life With Avalanche,130164
Jónsi & Alex,2022-01-02T10:19:49+00:00,Happiness,120079
Kaki King,2022-01-02T10:15:26+00:00,Can't Touch This Or That Or You Or My Face,158704
Ballaké Sissoko & Vincent Segal,2022-01-02T10:09:58+00:00,Chamber Music,148627
Kate Moore,2022-01-02T10:06:40+00:00,Spin Bird,121273
María Huld Markan Sigfúsdóttir,2022-01-02T09:58:51+00:00,Spirals,154040
Gemma Peacocke,2022-01-02T09:53:57+00:00,Bees,154600
Eve Beglarian,2022-01-02T09:43:22+00:00,Until It Blazes,113095
Jherek Bischoff,2022-01-02T09:38:05+00:00,Closer to Closure,146222
M. Geddes Gengras,2022-01-02T09:29:11+00:00,Kapoho,153854
Daniel Palkowski,2022-01-02T09:21:41+00:00,Asana Suite: OpeningMantra,154612
Daníel Bjarnason,2022-01-02T09:10:54+00:00,Blow Bright,154041
Alice Coltrane,2022-01-02T09:07:52+00:00,Wisdom Eye,153983
George Oakley,2022-01-02T09:03:59+00:00,Toccata,154281
David Lang,2022-01-02T09:00:27+00:00,Born to be Wild,107377
Poppy Ackroyd,2022-01-02T08:55:46+00:00,Luna,153660
Paul Bley Trio,2022-01-02T08:52:48+00:00,Ida Lupino,153987
Hatis Noit,2022-01-02T08:44:56+00:00,Illogical Lullaby,153606
Elza Soares,2022-01-02T08:41:20+00:00,Banho,154792
Daniel Brandt,2022-01-02T08:36:12+00:00,Ltd,153538
Steve Reich,2022-01-02T08:26:39+00:00,Vermont Counterpoint,135545
Laurel Halo,2022-01-02T08:23:52+00:00,Quietude,153851
Matmos,2022-01-02T08:19:19+00:00,Flame,117574
Anna Thorvaldsdottir,2022-01-02T08:13:35+00:00,Fields,150928
Kimmo Pohjonen and Samuli Kosminen,2022-01-02T08:07:47+00:00,Uniko: VII. Avara,137726
Arvo Part,2022-01-02T07:58:55+00:00,Wallfahrtslied (Pilgrim's Song),115839
Laurie Spiegel,2022-01-02T07:48:45+00:00,The Orient Express,131119
Olafur Arnalds,2022-01-02T07:44:03+00:00,ekki hugsa,153604
Missy Mazzoli,2022-01-02T07:35:49+00:00,"Dissolve, O My Heart",130632
Philip Glass,2022-01-02T07:30:11+00:00,Madeira River,151003
Sona Jobarteh,2022-01-02T07:25:17+00:00,Gainaako,154795
Makaya McCraven,2022-01-02T07:20:12+00:00,Suite Haus (feat. Nubya Garcia),153995
David Bowie and Brian Eno,2022-01-02T07:15:15+00:00,Moss Garden,153981
Bryce Dessner,2022-01-02T07:12:37+00:00,Murder Ballades: Dark Holler,143692
Angelica Negron,2022-01-02T07:07:23+00:00,Music for Students: Kyle Parker,118477
Tim Hecker,2022-01-02T07:02:28+00:00,Obsidian Counterpoint,146239
Julianna Barwick,2022-01-02T06:56:46+00:00,Envelop,126243
Vijay Iyer,2022-01-02T06:48:55+00:00,Dig The Say,140039
Jakub Ciupinski,2022-01-02T06:41:30+00:00,Continuum: Second Movement,125043
Richard Reed Parry,2022-01-02T06:36:19+00:00,The Brief and Neverending Blur,150926
Childish Japes,2022-01-02T06:32:26+00:00,Before You Die,152588
Jherek Bischoff,2022-01-02T06:28:00+00:00,Automatism,146221
Sussan Deyhim,2022-01-02T06:21:43+00:00,Majoun,154801
Paul Wiancko,2022-01-02T06:13:51+00:00,Lift: Part III [Galacial - Maniacal - Lift],153659
Steve Reich,2022-01-02T06:07:05+00:00,Mallet Quartet: 1. Fast,148781
Hanan Townshend,2022-01-02T13:55:26+00:00,To the Wonder: Toil,136800
Meriheini Luoto,2022-01-02T13:51:26+00:00,Metsänpeitto III,158504
Bell Orchestre,2022-01-02T13:45:12+00:00,Icicles / Bicycles,149000
Nnamdi Ogbonnaya,2022-01-02T13:40:34+00:00,Freeze,154042
Tigue,2022-01-02T13:34:32+00:00,Cranes,153091
Beverly Glenn-Copeland,2022-01-02T13:27:08+00:00,Ghost House,152578
Florent Ghys,2022-01-02T13:19:53+00:00,Teamwork,141176
Olafur Arnalds,2022-01-02T13:13:24+00:00,undir,153603
Poppy Ackroyd,2022-01-02T13:08:50+00:00,Paper,153635
William Basinski,2022-01-02T13:02:14+00:00,Melancholia II,152112
Max Richter,2022-01-02T12:55:59+00:00,On The Nature of Daylight,134724
Mahsa Vahdat,2022-01-02T12:52:49+00:00,I Was Dead,154727
Judd Greenstein,2022-01-02T12:41:34+00:00,City Boy,143228
Dmitri Yanov-Yanovski,2022-01-02T12:34:04+00:00,Short Epitaph (for two violas),158339
Sarah Kirkland Snider,2022-01-02T12:25:18+00:00,Daughter of the Waves,123111
Lubomyr Melnyk,2022-01-02T12:20:02+00:00,Evertina,142985
Clogs,2022-01-02T12:16:13+00:00,Fiddlegree,119331
Jennifer Jolley,2022-01-02T12:08:28+00:00,Bullet Time (for 9 Violas),151600
Threefifty,2022-01-02T14:58:10+00:00,Crossing State Lines,148982
Battles,2022-01-02T20:55:22+00:00,Ice Cream (Featuring Matias Aguayo),152592
Philip Glass,2022-01-02T20:48:59+00:00,Glassworks: 1. Opening,148583
Alva Noto + Ryuichi Sakamoto,2022-01-02T20:44:25+00:00,Ax Mr. L.,151837
William Bolcom,2022-01-02T20:40:22+00:00,Graceful Ghost,134308
Kaki King,2022-01-02T20:37:10+00:00,Great Round Burn,158705
Tyondai Braxton,2022-01-02T20:29:51+00:00,Casino Trem,142751
Hildigunnur Rúnarsdóttir,2022-01-02T20:24:59+00:00,Vocalise,116086
Agnes Obel,2022-01-02T20:19:27+00:00,Under Giant Trees,148453
Gwenifer Raymond,2022-01-02T20:13:36+00:00,Gwaed am Gwaed,158699
Eli Keszler,2022-01-02T20:08:44+00:00,Enter the Brist,154529
Abel Selaocoe,2022-01-02T20:03:27+00:00,Eastern Bells ft Beka Reid & Seth Sutton,158694
Yasmin Williams,2022-01-02T19:58:21+00:00,Dragonfly,158508
Visible Cloaks,2022-01-02T19:54:41+00:00,Terrazzo,151119
Kirsten Volness,2022-01-02T19:46:37+00:00,River Rising,158601
Tangents,2022-01-02T19:39:21+00:00,Jindabyne,152330
A Silver Mt. Zion,2022-01-02T19:33:21+00:00,Stumble Then Rise on Some Awkward Morning,148200
Park Jiha,2022-01-02T19:30:17+00:00,Arrival,154790
Traditional Bulgarian,2022-01-02T19:25:06+00:00,Kalimankou Denkou,151819
SANS,2022-01-02T19:21:26+00:00,Kulkija - The Walking Song,153680
Tortoise,2022-01-02T19:16:27+00:00,Ten-Day Interval,127136
Tomaga,2022-01-02T19:11:50+00:00,The Inexorable Sadness of Pencils,152658
Anna Meredith,2022-01-02T19:06:42+00:00,Calion,151787
Philip Glass,2022-01-02T19:00:25+00:00,Facades,129597
Meriheini Luoto,2022-01-02T18:51:53+00:00,Metsänpeitto II,158503
Wally Gunn,2022-01-02T18:47:03+00:00,The Fence Is Gone,142560
Ex Easter Island Head,2022-01-02T18:43:22+00:00,Ten Bells,152656
Ursula K. Le Guin,2022-01-02T18:38:59+00:00,Music and Poetry of The Kesh: Heron Song,150873
Tristan Perich,2022-01-02T18:33:41+00:00,"1-Bit Symphony, movement 1",119083
Metá Metá,2022-01-02T18:25:44+00:00,Logun,152651
Daniel Wohl,2022-01-02T18:21:25+00:00,Limbs,134475
David Lang,2022-01-02T18:16:57+00:00,The Little Match Girl Passion: We Sit and Cry,123340
Steve Reich,2022-01-02T17:09:02+00:00,Music for 18 Musicians,112095
Terry Riley,2022-01-02T16:48:20+00:00,In C,112267
Anna Thorvaldsdottir,2022-01-02T16:40:23+00:00,Hrim,124005
Meredith Monk,2022-01-02T16:36:14+00:00,Do You Be,100015
John Tavener,2022-01-02T16:23:42+00:00,Popule meus,158492
Tyondai Braxton,2022-01-02T16:13:15+00:00,Platinum Rows,121376
Poppy Ackroyd,2022-01-02T16:08:59+00:00,Resolve,153661
Shara Nova,2022-01-02T16:05:40+00:00,"A Whistle, A Tune, A Macaroon",123110
Ellen Fullman,2022-01-02T16:01:22+00:00,Change Of Direction,152145
Delia Gonzalez,2022-01-02T15:55:13+00:00,In Through The Light,152113
Kara-Lis Coverdale,2022-01-02T15:50:46+00:00,Imgs/r,152479
Sons of Kemet,2022-01-02T15:44:14+00:00,My Queen is Angela Davis,151934
Laurel Halo,2022-01-02T15:41:09+00:00,Years,152257
Philip Glass,2022-01-02T15:37:10+00:00,Etude 5,121808
Satoshi & Makoto,2022-01-02T15:34:20+00:00,Flour,151846
Laurie Anderson,2022-01-02T15:29:47+00:00,From the Air,112370
iboukle Martinaityte,2022-01-02T15:12:34+00:00,Saudade,158605
Kelly Lee Owens,2022-01-02T15:09:21+00:00,S.O,152129
Steve Reich,2022-01-02T15:02:35+00:00,Quartet: I. Fast,151880
Colleen,2022-01-02T22:55:21+00:00,Soul Alphabet,151622
Steve Reich,2022-01-02T22:40:01+00:00,Electric Guitar Phase,105739
Terry Riley,2022-01-02T22:33:22+00:00,Land's End,101318
Richard Reed Parry,2022-01-02T22:24:09+00:00,"For Heart, Breath and Orchestra",124386
Haley Heynderickx,2022-01-02T22:20:21+00:00,The Bug Collector,151825
Dan Deacon,2022-01-02T22:17:06+00:00,Rat Film: Rat Poison,153360
David Lang,2022-01-02T22:06:36+00:00,"Cheating, Lying, Stealing",105949
Errollyn Wallen,2022-01-02T22:01:20+00:00,Chorale,158457
Sarah Davachi,2022-01-02T21:52:00+00:00,For Voice,151689
Vijay Iyer,2022-01-02T21:44:43+00:00,Touba,159023
Antonio Vivaldi,2022-01-02T21:40:54+00:00,WINTER - Low Light,152992
Jonny Greenwood,2022-01-02T21:37:48+00:00,Phantom Thread: I'll Follow Tomorrow,151654
Collectress,2022-01-02T21:34:19+00:00,Woodenheart,153536
Elza Soares,2022-01-02T21:29:41+00:00,Mulher do fim do mundo,154793
Trio Chemirani,2022-01-02T21:24:25+00:00,Synkathistos,153535
Valiska,2022-01-02T21:20:38+00:00,Heavy Riser,150222
Caroline Shaw,2022-01-02T21:18:40+00:00,Plan & Elevation: IV. The Orangery,154686
Jon Hassell,2022-01-02T21:11:21+00:00,Caravanesque,152879
John Zorn,2022-01-02T21:07:27+00:00,Kochot,154503
Elori Saxl,2022-01-02T21:00:00+00:00,The Blue of Distance,158602
Mica Levi,2022-01-02T23:57:26+00:00,Creation,159011
Gwenifer Raymond,2022-01-03T04:59:07+00:00,Strange Lights Over Garth Mountain,158697
Glasser,2022-01-03T04:55:28+00:00,Mirrorage,151962
Philip Glass,2022-01-03T04:46:39+00:00,Akhnaten: Funeral,129602
Meriheini Luoto,2022-01-03T04:35:13+00:00,Metsänpeitto V,158500
Mica Levi,2022-01-03T04:27:52+00:00,Alien Loop,159015
David Lang,2022-01-03T04:19:49+00:00,Lost Objects: I Lost a Sock,107810
Hanna Benn,2022-01-03T04:13:44+00:00,Unfasten,151820
Tortoise,2022-01-03T04:08:58+00:00,Four-Day Interval,127144
Esmerine,2022-01-03T04:03:06+00:00,19/14,153543
Kelly Moran,2022-01-03T04:01:05+00:00,Limonium,148382
Steve Reich,2022-01-03T03:54:06+00:00,Electric Counterpoint: 1. Fast,128505
Tsembla,2022-01-03T03:49:11+00:00,Penumbra,152502
Max Richter,2022-01-03T03:43:42+00:00,Black Mirror: The Consolations of Philosophy,148617
David Bowie (with Brian Eno),2022-01-03T03:37:20+00:00,Warszawa,151964
Jónsi & Alex,2022-01-03T03:30:00+00:00,Atlas Song,120080
Emmy Lindstrom,2022-01-03T03:24:50+00:00,Song About Em,158613
Julianna Barwick,2022-01-03T03:20:59+00:00,The Magic Place,151963
Issam Rafea and Gao Hong,2022-01-03T03:16:33+00:00,Chasing Butterflies,153531
Sons of Kemet,2022-01-03T03:10:43+00:00,My Queen Is Harriet Tubman,151939
Mdou Moctar,2022-01-03T03:04:24+00:00,Sousoume Tamachek,152322
Dawn of Midi,2022-01-03T02:58:22+00:00,Io,153542
Colin Stetson,2022-01-03T02:44:37+00:00,Sorrow: III.,157825
Meredith Monk,2022-01-03T02:40:15+00:00,Facing North: Hocket,152537
Visible Cloaks,2022-01-03T02:34:26+00:00,Mask,151124
Nirmala Rajasekar - Maithree,2022-01-03T02:29:03+00:00,Mary O'Neil,153849
David Crowell,2022-01-03T02:20:24+00:00,Waiting in the Rain for Snow,121584
Poppy Ackroyd,2022-01-03T02:15:09+00:00,Roads,142992
Patricia Brennan,2022-01-03T02:10:49+00:00,Solar,158603
Frank Zappa,2022-01-03T02:07:25+00:00,G-Spot Tornado,146043
Paola Prestini,2022-01-03T02:01:37+00:00,Sympathique,151593
Steve Reich,2022-01-03T01:50:50+00:00,Different Trains: After the War,108266
Tortoise,2022-01-03T01:44:48+00:00,Swung from the Gutters,127132
BON,2022-01-03T01:40:42+00:00,Veritas,159041
Mica Levi,2022-01-03T01:38:05+00:00,Mirror to Vortex,159012
Soojin Suh,2022-01-03T01:32:57+00:00,Colorist lll - Stream Of Consciousness,158706
Yasmin Williams,2022-01-03T01:29:41+00:00,Swift Breeze,158509
Merrill Garbus,2022-01-03T01:25:59+00:00,Quizassa,130427
Laurie Anderson,2022-01-03T01:18:32+00:00,Only An Expert,117890
Osvaldo Golijov,2022-01-03T01:14:20+00:00,Youth Without Youth: Youth Without Youth,136900
Tyondai Braxton,2022-01-03T01:11:08+00:00,Uffe's Woodshop,109843
Gwenifer Raymond,2022-01-03T01:04:54+00:00,Eulogy for Dead French Composer,158698
Jason Treuting,2022-01-03T01:01:01+00:00,July,105765
Christopher Cerrone,2022-01-03T00:50:10+00:00,South Catalina,145364
Michael Gordon,2022-01-03T00:44:03+00:00,Gene Takes a Drink,142748
Amanda Berlind,2022-01-03T00:37:43+00:00,Woog,158604
John Hollenbeck,2022-01-03T00:33:40+00:00,"Gray Cottage Study No. 4 ""healing and gratitude""",120965
Philip Glass,2022-01-03T00:26:17+00:00,Etude 2,140879
Meriheini Luoto,2022-01-03T00:12:55+00:00,Metsänpeitto VI,158515
Darcy James Argue,2022-01-03T00:05:54+00:00,Transit,119372
Meredith Monk,2022-01-03T00:00:20+00:00,Facing North: Long Shadows 2,123354
