artist,start_time,title,uid
Julia Holter,2022-01-24T05:58:44+00:00,"Memory Drew Her Portrait (Live from Merkin Concert Hall on February 25, 2015)",141935
Thor & Friends,2022-01-24T11:55:12+00:00,Grassfire,150527
Four Tet,2022-01-24T11:51:00+00:00,Two Thousand and Seventeen,150686
Sam Gendel,2022-01-24T11:45:59+00:00,East LA Haze Dream,154101
Nils Frahm,2022-01-24T11:42:14+00:00,Ambre,116410
Robert Honstein,2022-01-24T11:37:24+00:00,Bow Lines,153688
Tim Hecker,2022-01-24T11:28:42+00:00,This Life,153933
Philip Glass,2022-01-24T11:20:31+00:00,Koyaanisqatsi: Vessels,129764
Padma Newsome,2022-01-24T11:14:54+00:00,Cloud Theory,153828
Hanna Benn,2022-01-24T11:09:06+00:00,"Divide (Sing, Persist)",152672
Ballaké Sissoko & Vincent Segal,2022-01-24T11:03:26+00:00,Oscarine,148628
Gyorgy Ligeti,2022-01-24T11:01:16+00:00,Etudes for Piano (adapted for player piano) X. Der Zauberlehrling,114204
Jon Hopkins,2022-01-24T10:55:43+00:00,Feel First Life,153375
Gwenifer Raymond,2022-01-24T10:53:30+00:00,Bleeding Finger Blues,153940
Owen Pallett,2022-01-24T10:49:37+00:00,Chorale,142542
We Like We,2022-01-24T10:46:13+00:00,Endless Harmonies,152664
Thom Yorke,2022-01-24T10:42:51+00:00,Suspirium,153646
Chancha Via Circuito,2022-01-24T10:38:35+00:00,Kawa Kawa (feat. Kaleema),153544
Ola Belle Reed / Rhiannon Giddens,2022-01-24T10:34:33+00:00,Letter,159007
Kelly Moran,2022-01-24T10:31:30+00:00,Autowave,154448
Daniel Bjarnason,2022-01-24T10:16:04+00:00,Emergence,135181
Sudan Archives,2022-01-24T10:13:26+00:00,Pay Attention,152659
Oneohtrix Point Never,2022-01-24T10:10:17+00:00,Problem Areas,149999
Valgeir Sigurđsson,2022-01-24T10:05:36+00:00,"Cold Ground, Hot II",117386
Nico Muhly,2022-01-24T09:58:14+00:00,Flexible Music,110746
Emily Wells,2022-01-24T09:53:17+00:00,Symphony 2 & The Click Boom Boom,149624
Hania Rani,2022-01-24T09:48:21+00:00,Dunkel,159046
Okkyung Lee,2022-01-24T09:41:35+00:00,Sky,106975
Philip Glass,2022-01-24T09:34:57+00:00,"Einstein on the Beach: Trial 2, Prison (Ensemble)",144595
Miguel Zenón,2022-01-24T09:27:25+00:00,Rosario,153628
Mark Dancigers,2022-01-24T09:19:23+00:00,Cloudbank,100295
John Zorn,2022-01-24T09:15:29+00:00,Kochot,154503
Emilie Levienaise-Farrouch,2022-01-24T09:12:44+00:00,Minnesang,148441
Cliff Martinez,2022-01-24T09:10:21+00:00,The Knick: Son of Placenta Previa,148577
Penguin Cafe,2022-01-24T09:05:56+00:00,Solaris,148786
Terry Riley,2022-01-24T09:00:46+00:00,Is In C In F?,112263
Dexter Story,2022-01-24T08:57:46+00:00,Eastern Prayer ft. Nia Andrews,150046
Bell Orchestre,2022-01-24T08:51:19+00:00,Les Lumieres Pt. 1,148830
Zeena Parkins,2022-01-24T08:46:45+00:00,Coda,152268
Francesco Tristano,2022-01-24T08:39:43+00:00,A Soft Shell Groove,139738
Nick Zammuto,2022-01-24T08:34:55+00:00,Fast Pasture,121194
ouri,2022-01-24T08:31:27+00:00,Escape,153514
Ryan Francis,2022-01-24T08:25:08+00:00,Remix,146137
Julianna Barwick,2022-01-24T08:21:35+00:00,One Half,148841
Jherek Bischoff,2022-01-24T08:15:36+00:00,Cistern 1 VRSN2,124284
Frank Zappa,2022-01-24T08:11:57+00:00,Peaches En Regalia,152725
Zoe Keating,2022-01-24T08:08:40+00:00,Possible,153472
Leah Kardos,2022-01-24T08:06:05+00:00,Malio Malio,150315
Kirsten Volness,2022-01-24T07:59:04+00:00,Alone Together,158670
Kevin Volans,2022-01-24T07:49:27+00:00,This is how it is,113104
Valgeir Sigurđsson,2022-01-24T07:45:41+00:00,Dreamland,117379
John Luther Adams,2022-01-24T07:32:28+00:00,Dark Wind,113971
Steve Reich,2022-01-24T07:26:21+00:00,Dance Patterns,123453
Jon Hopkins,2022-01-24T07:15:30+00:00,Everything Connected,153374
Aaron Dessner,2022-01-24T07:11:52+00:00,Transpecos: Final Theme,148582
David Crowell,2022-01-24T07:09:13+00:00,Echolocation,150529
Amiina,2022-01-24T07:04:15+00:00,Sexfaldur,147781
Jlin,2022-01-24T07:00:35+00:00,Nyakinyua Rise,152712
Astor Piazzolla,2022-01-24T06:50:42+00:00,Tango Suite,100007
Meredith Monk,2022-01-24T06:47:38+00:00,Ellis Island,154768
Aleksandra Vrebalov,2022-01-24T06:45:21+00:00,The Sea Ranch Songs: Fort Ross Chorale,146787
Robert Wyatt,2022-01-24T06:37:11+00:00,Gharbzadegi,152730
Sufjan Stevens,2022-01-24T06:33:05+00:00,The Human Plague,139730
Padma Newsome,2022-01-24T06:28:41+00:00,To Hugo,119571
Vijay Iyer,2022-01-24T06:22:24+00:00,Far From Over,152724
Negro Leo,2022-01-24T06:19:54+00:00,Singular,153461
Hildur Ingveldardottir Guonadottir,2022-01-24T06:16:07+00:00,Opaque,130693
Poppy Ackroyd,2022-01-24T06:11:13+00:00,Quail,153636
Jon Hopkins,2022-01-24T13:59:19+00:00,Echo Dissolve,153377
Holly Herndon,2022-01-24T13:54:24+00:00,An Exit,153258
Sam Gendel and Sam Wilkes,2022-01-24T13:50:51+00:00,THEEM AND VARIATIONS,154450
Aphex Twin,2022-01-24T13:48:09+00:00,Jynweythek Ylow,119245
Emily Wells,2022-01-24T13:44:14+00:00,Symphony 10 Could This Really Be the End,149625
Meg Baird & Mary Lattimore,2022-01-24T13:38:09+00:00,Between Two Worlds,154449
Philip Miller,2022-01-24T13:31:51+00:00,9 Drawings for Projection: Weighing and Wanting,115279
Hania Rani,2022-01-24T13:24:16+00:00,Spring,159047
Colleen,2022-01-24T13:17:59+00:00,I'm Kin,150540
Bill Frisell,2022-01-24T13:11:26+00:00,Rambler,152049
Gavin Bryars,2022-01-24T13:00:24+00:00,The Vespertine Park,121705
Massive Attack,2022-01-24T12:57:52+00:00,Danny the Dog: Two Rocks and a Cup of Water,136931
Doctor Nativo,2022-01-24T12:53:38+00:00,Guatemaya,153713
Nicole Lizee,2022-01-24T12:40:15+00:00,"Death to Kosmische (Live from the Greene Space on March 24, 2014)",138173
Nico Muhly,2022-01-24T12:32:51+00:00,Motion,122386
John Supko,2022-01-24T12:21:42+00:00,Divine the Rest,143224
Adrianne Lenker,2022-01-24T12:18:09+00:00,From,154451
Zoe Keating,2022-01-24T12:13:12+00:00,Forte,153471
Nigel Westlake,2022-01-24T12:06:00+00:00,Onomatopoeia,135117
Olafur Arnalds,2022-01-24T12:02:10+00:00,ypsilon,153601
Meredith Monk,2022-01-24T14:59:26+00:00,Impermanence: Rocking,104658
Ryan Francis,2022-01-24T20:58:51+00:00,"Etudes for Piano, 6. Loop",137784
David Crowell,2022-01-24T20:51:26+00:00,Kaleidoscope,137179
Ólafur Arnalds,2022-01-24T20:47:56+00:00,Another Happy Day: Poland,136808
Anna Meredith,2022-01-24T20:45:16+00:00,How to Be Confident,153462
Masayoshi Fujita,2022-01-24T20:41:11+00:00,Spaceship Magical,153021
Hollas Longton,2022-01-24T20:34:57+00:00,How To Get To Arnhem,153800
John Adams,2022-01-24T20:30:11+00:00,China Gates,144258
Zoe Keating,2022-01-24T20:24:51+00:00,Nix,153473
Kjartan Sveinsson,2022-01-24T20:16:35+00:00,Teil I,147473
Bell Orchestre,2022-01-24T20:11:06+00:00,Dark Lights,148999
Louis Andriessen,2022-01-24T20:06:18+00:00,La Passione (The Passion): Una forma nera cornuta (A horned black form),108720
Johann Johannsson,2022-01-24T19:55:12+00:00,The Miners' Hymns: Freedom from Want and Fear,148297
Meredith Monk,2022-01-24T19:49:38+00:00,Facing North: Long Shadows 2,123354
Threefifty,2022-01-24T19:43:03+00:00,Andromeda,148981
Nicholas Britell,2022-01-24T19:37:52+00:00,Moonlight: End Credits Suite,149477
Wally Gunn,2022-01-24T19:32:36+00:00,The Beginning And,142557
Helena Espvall & Masaki Batoh,2022-01-24T19:28:05+00:00,Kling Klang,152729
Jon Hopkins,2022-01-24T19:22:21+00:00,Recovery,153380
Steve Reich,2022-01-24T19:16:29+00:00,"Tehillim: II: Psalm 34: 13-15 ""Mihaish heychahfaytz chayyim""",152790
Florent Ghys,2022-01-24T19:09:46+00:00,Friday 3pm,146816
Cornelius Dufallo,2022-01-24T19:06:00+00:00,Violin Loop I,127567
Zammuto,2022-01-24T19:02:00+00:00,It Can Feel So Good,148796
Paolo Angeli,2022-01-24T18:57:03+00:00,Optimistic,154619
David Lang,2022-01-24T18:52:50+00:00,Death Speaks: I am walking,133705
D.J. Sparr,2022-01-24T18:50:30+00:00,Earthcaster Suite I. Drips,154617
David Byrne,2022-01-24T18:45:46+00:00,High Life for Nine Instruments,105656
Gemma Peacocke,2022-01-24T18:40:16+00:00,Love,154599
Ryuichi Sakamoto,2022-01-24T18:36:35+00:00,Async: Stakra,149272
Padma Newsome,2022-01-24T18:34:53+00:00,Song of the Bees (Artifact),154598
Robert Honstein,2022-01-24T18:32:54+00:00,Strada Nuova,153692
Penguin Cafe,2022-01-24T18:30:01+00:00,(The Roaring of A) Silent Sun,148788
The Hands Free,2022-01-24T18:25:35+00:00,Kellam's Reel/Rusty Gully,151986
Missy Mazzoli,2022-01-24T18:20:44+00:00,Heartbreaker,145059
Colin Stetson,2022-01-24T18:17:46+00:00,Red Horse Judges (II),121989
Vladimir Martynov,2022-01-24T18:12:15+00:00,The Beatitudes,125072
Julia Kent,2022-01-24T18:07:39+00:00,Transportation,148621
Ben Lamar Gay,2022-01-24T18:05:11+00:00,"Music For 18 Hairdressers, Braids & Fractals",152761
Bell Orchestre,2022-01-24T18:01:52+00:00,Water / Light / Shifts,149001
Matt Marks,2022-01-24T17:56:43+00:00,"The Little Death, Vol. 1: Penetration Overture",121497
Aphex Twin,2022-01-24T17:53:14+00:00,Logon Rock Witch,119236
Steve Reich,2022-01-24T17:46:41+00:00,Double Sextet: 3. Fast,148779
Rick Baitz,2022-01-24T17:31:42+00:00,Hall of Mirrors,153683
Osvaldo Golijov,2022-01-24T17:23:56+00:00,Radio,106939
Julianna Barwick,2022-01-24T17:19:47+00:00,Beached,148832
Matt McBane,2022-01-24T17:14:36+00:00,Ride,121399
Hiroshi Yoshimura,2022-01-24T17:08:24+00:00,Water Copy,152792
David Bowie and Brian Eno,2022-01-24T17:03:27+00:00,Moss Garden,153981
Angelica Negron,2022-01-24T16:58:57+00:00,Remando en el Mismo Lugar,118470
Duncan Bellamy,2022-01-24T16:54:33+00:00,Endless,153459
Nils Frahm,2022-01-24T16:50:50+00:00,Familiar,125896
Dan Deacon,2022-01-24T16:48:11+00:00,Rat Film: Pelican,153354
Okkyung Lee,2022-01-24T16:44:44+00:00,Yellow River,128112
Mary Lattimore,2022-01-24T16:40:33+00:00,The Quiet at Night,149277
Jon Hopkins,2022-01-24T16:28:20+00:00,Luminous Beings,153379
Hildur Ingveldardottir Guonadottir,2022-01-24T16:26:03+00:00,Erupting Light,130688
David Lang,2022-01-24T16:15:51+00:00,increase,151712
Anna Clyne,2022-01-24T16:07:51+00:00,"Rewind (Live from the Chicago Symphone Orchestra on April 3, 2014)",145762
Mario Diaz de Leon,2022-01-24T15:54:24+00:00,Luciform,135548
Kraftwerk,2022-01-24T15:49:57+00:00,Franz Schubert,153984
Johann Johannsson,2022-01-24T15:46:15+00:00,Arrival: Heptapod B,148197
"Daniel Wohl, recomposer",2022-01-24T15:39:44+00:00,Extra Pressure (Remix of Partita by Caroline Shaw),152714
Arthur Russell,2022-01-24T15:32:59+00:00,"Instrumentals Vol. 2, Track 13",126377
Valgeir Sigurđsson,2022-01-24T15:30:51+00:00,Draumaland,129324
Gregory Beyer,2022-01-24T15:25:33+00:00,"Berimbau Quartet no 1, ""Chip""",153527
Tigue,2022-01-24T15:20:47+00:00,Dress Well,152650
Okonkolo,2022-01-24T15:16:10+00:00,Wolenche Por Chango,153631
Jherek Bischoff,2022-01-24T15:08:41+00:00,The Sea's Son,146237
David Crowell,2022-01-24T15:04:53+00:00,Poly Rush,150530
Stoic,2022-01-24T22:59:38+00:00,Something Vanishing,154591
Angelica Negron,2022-01-24T22:54:16+00:00,Music for Students: Kyle Parker,118477
Matt Marks,2022-01-24T22:51:43+00:00,"The Little Death, Vol. 1: Sing",122489
Kate Bush,2022-01-24T22:48:35+00:00,Mother Stands For Comfort,152175
Sarah Kirkland Snider,2022-01-24T22:42:26+00:00,Pale as Centuries,143226
The Dwarfs of East Agouza,2022-01-24T22:38:47+00:00,Baka Of The Future,153822
Nico Muhly,2022-01-24T22:34:12+00:00,Quiet Music,107764
Nicholas Britell,2022-01-24T22:32:12+00:00,Moonlight: The Middle of the World,149274
Francois Couturier,2022-01-24T22:27:35+00:00,Fantasia,148388
Múm,2022-01-24T22:22:44+00:00,Green Grass of Tunnel,147960
Brian Eno,2022-01-24T22:20:33+00:00,Emerald and Stone,148289
Julia Wolfe,2022-01-24T22:13:55+00:00,Anthracite Fields: Flowers,144117
Steve Reich,2022-01-24T22:07:56+00:00,The Four Sections: Movement 3,149077
Colin Stetson,2022-01-24T22:01:19+00:00,Spindrift,150043
Public Service Broadcasting,2022-01-24T21:56:32+00:00,People Will Always Need Coal,152208
Bing & Ruth,2022-01-24T21:49:55+00:00,The Towns We Love Is Our Own,144592
Motion Graphics,2022-01-24T21:46:08+00:00,Anyware,153384
Robert Honstein,2022-01-24T21:36:48+00:00,Lagoon,153690
Ryuichi Sakamoto,2022-01-24T21:32:46+00:00,Asnyc: Ubi,149273
Mary Lattimore,2022-01-24T21:29:14+00:00,Hello From the Edge of the Earth,153546
Oumou Sangare,2022-01-24T21:24:19+00:00,Minata Waraba (Sampha Remix),151525
Laurel Halo,2022-01-24T21:20:19+00:00,Mercury,152951
Kate Moore,2022-01-24T21:08:52+00:00,Velvet,146066
Ben Frost & Daniel Bjarnason,2022-01-24T21:03:49+00:00,Reyja,129850
Sarah Kirkland Snider,2022-01-25T04:58:04+00:00,Penelope: Nausicaa,126899
Bing & Ruth,2022-01-25T04:50:06+00:00,Rails,148295
Orlando,2022-01-25T04:47:53+00:00,From Memory,151924
Jherek Bischoff,2022-01-25T04:43:27+00:00,Automatism,146221
Feist,2022-01-25T04:38:34+00:00,Pleasure,154157
Jenny Hval,2022-01-25T04:34:33+00:00,Mephisto In The Water,151832
Steve Reich,2022-01-25T04:27:47+00:00,Mallet Quartet: 1. Fast,148781
Florent Ghys,2022-01-25T04:20:48+00:00,Thursday Morning,146820
Siamak Aghaei & Colin Jacobsen,2022-01-25T04:13:57+00:00,Ascending Bird,148547
Caleb Burhans,2022-01-25T04:09:25+00:00,Nunc dimittis,134750
Glenn Kotche,2022-01-25T04:04:48+00:00,Anomaly mvt. 3,137653
Kaitlyn Aurelia Smith,2022-01-25T04:00:51+00:00,"When I Try, I'm Full",148142
Dirty Projectors,2022-01-25T03:58:39+00:00,While You're Here,133824
Clogs,2022-01-25T03:55:18+00:00,Bed and Rest,122786
Ingram Marshall,2022-01-25T03:45:14+00:00,Fog Tropes,105438
Meredith Monk,2022-01-25T03:42:19+00:00,On Behalf of Nature: Eon,147102
Julia Holter,2022-01-25T03:35:29+00:00,Voce Simul,154109
Michel van der Aa,2022-01-25T03:26:56+00:00,Violin concerto Mvmt. 3,143461
John Zorn,2022-01-25T03:23:23+00:00,Gnostic Prelude VIII. The Invisibles,135319
Philip Glass,2022-01-25T03:14:47+00:00,Satyagraha,106273
Nina Shekhar,2022-01-25T03:05:40+00:00,Quirkhead,151452
Dustin O'Halloran,2022-01-25T03:02:12+00:00,Fragile N.4,128734
Colleen,2022-01-25T02:51:29+00:00,Everything Lay Still,134720
Arvo Part,2022-01-25T02:46:21+00:00,Summa,115836
Atom TM,2022-01-25T02:43:03+00:00,Voralpenthema,138065
Nico Muhly,2022-01-25T02:39:54+00:00,A Hudson Cycle,112690
Johann Johannsson,2022-01-25T02:35:21+00:00,Sicario: Melancholia,147662
Ryuichi Sakamoto,2022-01-25T02:31:50+00:00,CHASM,130627
Kyle Dixon & Michael Stein,2022-01-25T02:28:17+00:00,Possessed,154059
Lubomyr Melnyk,2022-01-25T02:15:21+00:00,Nightrail From The Sun,132095
Caroline Shaw,2022-01-25T02:07:40+00:00,Blueprint,153634
Jherek Bischoff,2022-01-25T02:02:03+00:00,Headless,146224
Felicita (feat. Caroline Polachek),2022-01-25T01:56:42+00:00,Marzipan,153876
John Luther Adams,2022-01-25T01:52:59+00:00,In the White Silence: Letter B,148572
Olafur Arnalds,2022-01-25T01:49:44+00:00,partial,153602
Jónsi & Alex,2022-01-25T01:40:28+00:00,Happiness,120079
David Allred,2022-01-25T01:35:44+00:00,For Catherine E. Coulson,154322
Louis Andriessen,2022-01-25T01:31:25+00:00,Prospettive e Retrospettive,140620
Holly Herndon,2022-01-25T01:26:48+00:00,Interference,153252
Nicholas Britell,2022-01-25T01:23:52+00:00,Moonlight: Little's Theme; The Spot; Chiron's Theme,149476
Padma Newsome,2022-01-25T01:19:55+00:00,and the birds in the trees say...,153825
Erland Dahlen,2022-01-25T01:12:47+00:00,Wood,152657
Julianna Barwick,2022-01-25T01:08:23+00:00,Labyrinthine,148840
Einojuhani Rautavaara,2022-01-25T00:59:40+00:00,Divertimento,111278
Immortal Onion,2022-01-25T00:54:58+00:00,When a Dog Poops On Your Carpet,152573
Max Richter,2022-01-25T00:48:53+00:00,Mrs. Dalloway: Meeting Again,148846
Paola Prestini,2022-01-25T00:42:24+00:00,Sounds: Last Hymn,113129
Terry Riley,2022-01-25T00:32:46+00:00,G Song,116812
Owen Pallett,2022-01-25T00:27:09+00:00,E is for Estranged,148303
Dustin O'Halloran,2022-01-25T00:24:38+00:00,Minim,138832
Aphex Twin,2022-01-25T00:19:55+00:00,Next Heap With,148039
Kaitlyn Aurelia Smith,2022-01-25T00:14:59+00:00,Envelop,148141
Jean-Sebastien Audet,2022-01-25T00:13:38+00:00,Staunchly Righteous Non Alignment,153801
Jon Hopkins,2022-01-25T00:06:37+00:00,C O S M,153376
Paolo Angeli,2022-01-25T00:02:02+00:00,Hunting Bears (Trilogia del Tempo),154618
