artist,start_time,title,uid
Jerusalem In My Heart,2022-01-01T05:58:28+00:00,Bein Ithnein,153506
Valgeir Sigurđsson,2022-01-02T04:34:34+00:00,Draumaland,129324
Laura Cannell,2022-01-01T11:58:50+00:00,A New Theory of Eclipse,152119
Gwenifer Raymond,2022-01-01T11:51:55+00:00,Strange Lights Over Garth Mountain,158697
Anna Webber,2022-01-01T11:41:31+00:00,Array,154597
Ben Neill,2022-01-01T11:30:22+00:00,Posthorn,127854
Ólafur Arnalds,2022-01-01T11:27:06+00:00,Doria,148613
Bobby Previte,2022-01-01T11:23:23+00:00,When I Land,151128
Zeena Parkins and The Adorables,2022-01-01T11:18:01+00:00,Invented,153511
Philip Glass,2022-01-01T11:09:12+00:00,Akhnaten: Funeral,129602
Brian Eno,2022-01-01T10:59:27+00:00,"Discreet Music, part I",144467
David Lang,2022-01-01T10:51:24+00:00,Lost Objects: I Lost a Sock,107810
Agnes Obel,2022-01-01T10:48:41+00:00,Chord Left,148443
Angel Deradoorian,2022-01-01T10:40:24+00:00,Return-Transcend,151789
David West,2022-01-01T10:34:48+00:00,Polar Light,149318
Max Richter,2022-01-01T10:29:19+00:00,Black Mirror: The Consolations of Philosophy,148617
Eli Keszler,2022-01-01T10:24:02+00:00,Enter the Bristle Strum,154596
Penguin Cafe,2022-01-01T10:19:04+00:00,Aurora,148787
Jónsi & Alex,2022-01-01T10:11:44+00:00,Atlas Song,120080
Lubomyr Melnyk,2022-01-01T10:03:28+00:00,Fallen Trees - Part V: Not Forgotten,154321
Ryuichi Sakamoto,2022-01-01T09:57:54+00:00,20 msec.,130628
G Y D A,2022-01-01T09:51:36+00:00,Í Annarri Vídd,154038
Sufjan Stevens,2022-01-01T09:47:10+00:00,The BQE: Part 3,104741
Philippe Petit,2022-01-01T09:38:49+00:00,Lenox Avenue Tintinnabulum,153746
Meredith Monk,2022-01-01T09:34:27+00:00,Facing North: Hocket,152537
Keith Jarrett,2022-01-01T09:27:20+00:00,Ritual Prayer,120574
Marcelo Zarvos,2022-01-01T09:22:28+00:00,Nepomuk's Dances: Arrival,130289
Caleb Burhans,2022-01-01T09:09:43+00:00,Once In A Blue Moon,154613
Mica Levi,2022-01-01T09:03:01+00:00,Lipstick to Void,159013
Steve Reich,2022-01-01T08:56:10+00:00,"Variations for Vibes, Piano and Strings: 2. Slow",105335
UMFANG,2022-01-01T08:52:14+00:00,Path,152130
Helado Negro,2022-01-01T08:48:30+00:00,Transmission Listen,153405
Paola Prestini,2022-01-01T08:42:41+00:00,Sympathique,151593
Visible Cloaks,2022-01-01T08:39:18+00:00,Valve,151121
Missy Mazzoli,2022-01-01T08:29:24+00:00,Tooth and Nail,133613
Kaitlyn Aurelia Smith,2022-01-01T08:25:24+00:00,Yugoslavia,152810
Brian Eno,2022-01-01T08:21:04+00:00,An Ending (Ascent),127443
Yann Tiersen,2022-01-01T08:16:37+00:00,Pern,148817
The Hands Free,2022-01-01T08:11:45+00:00,It's She,152000
Ava Luna,2022-01-01T08:07:39+00:00,Centerline,154452
Tyshawn Sorey,2022-01-01T08:03:13+00:00,Cascade in Slow Motion,150934
Johann Johannsson,2022-01-01T08:01:13+00:00,The Theory of Everything: Forces of Attraction,148049
Julianna Barwick,2022-01-01T07:56:27+00:00,Someway,148835
Rachel Grimes,2022-01-01T07:51:41+00:00,In the Vapor with the Air Underneath,149004
Arooj Aftab,2022-01-01T07:43:58+00:00,Mohabbat,159027
Cate Le Bon,2022-01-01T07:41:02+00:00,Wonderful,152177
Jherek Bischoff,2022-01-01T07:37:20+00:00,Celebration (Featuring The Celebration Choir),153860
Christopher Cerrone,2022-01-01T07:29:23+00:00,Hoyt-Schermerhorn,146962
John Luther Adams,2022-01-01T07:12:46+00:00,Dream in White on White,118622
ADR,2022-01-01T07:07:57+00:00,Open Invitation,151786
Vijay Iyer,2022-01-01T07:04:28+00:00,Augury,159025
Amiina,2022-01-01T07:00:29+00:00,Perth,147778
Osvaldo Golijov,2022-01-01T06:54:15+00:00,Wa Habibi,159002
Dan Deacon,2022-01-01T06:50:56+00:00,Rat Film: Calhoun,153359
Julia Wolfe,2022-01-01T06:38:15+00:00,Protest,159004
Moondog (Louis Hardin),2022-01-01T06:31:46+00:00,Witch of Endor,102115
Makaya McCraven,2022-01-01T06:22:36+00:00,Atlantic Black,153719
Roger Waters,2022-01-01T06:17:18+00:00,Wait For Her,153824
John Adams,2022-01-01T06:12:32+00:00,China Gates,144258
Nik Bartsch's Ronin,2022-01-01T06:03:41+00:00,Modul 34,152662
Tamayugé,2022-01-01T13:55:22+00:00,Jyu Hantai,154713
Quest Ensemble,2022-01-01T13:50:20+00:00,Pizz Trance,158432
Devonte Hynes (Blood Orange),2022-01-01T13:45:49+00:00,Palo Alto: Fred Drives,148795
Philip Glass,2022-01-01T13:39:52+00:00,Dance II,107782
Dan Deacon,2022-01-01T13:38:13+00:00,Rat Film: Seagull,153358
Ryuichi Sakamoto,2022-01-01T13:34:21+00:00,Solari,150042
Nils Frahm,2022-01-01T13:28:27+00:00,Old Thought,125898
Shara Nova,2022-01-01T13:24:29+00:00,From the Invisible to the Visible,133130
Glenn Kotche,2022-01-01T13:18:47+00:00,The Haunted mvt. 5 - Dance,137649
Pariah,2022-01-01T13:11:51+00:00,Linnaea,152972
Steve Reich,2022-01-01T13:06:43+00:00,Music for 18 Musicians: Section IX,148863
Noveller,2022-01-01T13:01:09+00:00,Deep Shelter,151688
Daniel Thorne,2022-01-01T12:55:21+00:00,From the Other Side Of The World,154615
Patrick Burke,2022-01-01T12:46:26+00:00,Awake,121585
Hania Rani,2022-01-01T12:41:30+00:00,Dunkel,159046
Nicole Lizee,2022-01-01T12:37:02+00:00,"Girl, You're Living a Life of Crime",119231
Angelica Negron,2022-01-01T12:32:48+00:00,Aventuras en el Agua,118469
big dog little dog,2022-01-01T12:28:41+00:00,Cipher,159036
Daniel Wohl,2022-01-01T12:23:13+00:00,Corpus,134478
Einojuhani Rautavaara,2022-01-01T12:18:02+00:00,"Cantus Arcticus, Op. 61: I. The Bog",159024
Third Coast Percussion,2022-01-01T12:14:16+00:00,Paddle to the Sea: Thaw,151015
Maya Youssef,2022-01-01T12:02:58+00:00,Silver Lining,158734
Brian Eno,2022-01-01T14:57:05+00:00,1/2 (arr. David Lang),153878
Valgeir Sigurđsson,2022-01-02T04:34:34+00:00,Draumaland,129324
Christina Vantzou,2022-01-01T20:56:46+00:00,Remote Polyphony,153613
Gossamer,2022-01-01T20:52:31+00:00,III. Encounter,153089
Glenn Kotche,2022-01-01T20:44:57+00:00,Wild Sound Part 4,154045
Mary Lattimore,2022-01-01T20:41:26+00:00,Hello From the Edge of the Earth,153546
Terry Riley,2022-01-01T20:34:01+00:00,Across the Lake of the Ancient Word,151966
Rhiannon Giddens,2022-01-01T20:31:06+00:00,Ten Thousand Voices,159006
Maya Youssef,2022-01-01T20:19:49+00:00,The Seven Gates of Damascus,154799
Laurie Anderson,2022-01-01T20:08:25+00:00,Another Day in America,117892
Les Filles de Illighadad,2022-01-01T20:03:13+00:00,Surbajo,158992
Ingram Marshall,2022-01-01T19:58:15+00:00,Son of Soe-pa,131048
Osvaldo Golijov,2022-01-01T19:51:42+00:00,"Last Round, mvt. II: Lentissimo",148504
Arthur Moon,2022-01-01T19:45:38+00:00,Boxing,152809
Nora Morrow,2022-01-01T19:39:17+00:00,Rose Moon,155627
Panorama Sound,2022-01-01T19:36:02+00:00,Everywhere,154716
Johann Johannsson,2022-01-01T19:33:26+00:00,The Theory of Everything: Domestic Pressures,148048
Tyondai Braxton,2022-01-01T19:27:01+00:00,ArpRec1,151098
Sufjan Stevens,2022-01-01T19:21:33+00:00,Year of the Dog,153594
Cameron Britt,2022-01-01T19:15:55+00:00,Gossamer Albatross,119352
Bill Frisell,2022-01-01T19:10:55+00:00,In Line,152048
Peter Gregson,2022-01-01T19:05:52+00:00,Time,143783
Goran Bregovic,2022-01-01T19:00:50+00:00,Champagne,122419
Philip Glass,2022-01-01T18:57:54+00:00,Japura River,151001
Ryuichi Sakamoto,2022-01-01T18:53:51+00:00,Asnyc: Ubi,149273
Olga Bell,2022-01-01T18:50:49+00:00,Krasnoyarsk Krai,151549
Sussan Deyhim,2022-01-01T18:45:31+00:00,The Candle And The Moth,154802
Clogs,2022-01-01T18:40:18+00:00,2:3:5,119327
Jacob Cooper,2022-01-01T18:32:03+00:00,Silver Threads III. Antique Windfall,138157
Glenn Kotche,2022-01-01T18:27:17+00:00,Anomaly mvt. 3,137653
LCD Soundsystem,2022-01-01T18:13:38+00:00,Pulse (v1),150242
Jon Hassell,2022-01-01T18:07:29+00:00,Dreaming,152870
Holly Herndon,2022-01-01T18:02:52+00:00,Interference,153252
Julia Wolfe,2022-01-01T17:57:04+00:00,Reeling,142746
Arcade Fire,2022-01-01T17:53:37+00:00,Her: Sleepwalker,136810
Emilie Levienaise-Farrouch,2022-01-01T17:49:46+00:00,Scale of Volatility,148043
Tim Hecker,2022-01-01T17:46:32+00:00,Violet Monumental II,146257
Kaki King,2022-01-01T17:42:01+00:00,Teek,158703
Catlin Magi,2022-01-01T17:37:45+00:00,Siidisulgis Linnukene,154796
Okkyung Lee,2022-01-01T17:34:18+00:00,Yellow River,128112
Ingram Marshall,2022-01-01T17:24:25+00:00,Fog Tropes,144166
Sam Gendel,2022-01-01T17:19:09+00:00,East LA Haze Dream,154101
Tess Roby,2022-01-01T17:15:26+00:00,Catalyst,152791
Explosions in the Sky & David Wingo,2022-01-01T17:11:41+00:00,Prince Avalanche: An Old Peasant Like Me,136829
Mdou Moctar,2022-01-01T17:07:51+00:00,Taliat,158989
Sona Jobarteh,2022-01-01T17:02:40+00:00,Gambia,154794
Stereolab,2022-01-01T16:57:33+00:00,The Flower Called Nowhere,152789
Esmerine,2022-01-01T16:53:39+00:00,Translator's Clos I,153541
Nico Muhly,2022-01-01T16:49:05+00:00,Quiet Music,107764
Caroline Shaw,2022-01-01T16:43:14+00:00,Partita for Eight Voices: Passacaglia,130418
Elena Kats-Chernin,2022-01-01T16:33:31+00:00,Variations in a Serious Black Dress,138996
dal:um,2022-01-01T16:27:02+00:00,The Waves,158979
Gwenifer Raymond,2022-01-01T16:21:11+00:00,Hell For Certain,158696
Abel Selaocoe,2022-01-01T16:14:56+00:00,Keld ft Abel Selaocoe & Callum Connell,158695
Padma Newsome,2022-01-01T16:08:28+00:00,Beating Stick,119338
Jon Hopkins,2022-01-01T16:02:20+00:00,Neon Pattern Drum,153373
Lubomyr Melnyk,2022-01-01T15:54:10+00:00,Marginal Invitation,136466
Catrin Finch and Seckou Keita,2022-01-01T15:48:07+00:00,1677,152673
Traditional / Rhiannon Giddens,2022-01-01T15:44:57+00:00,Little Margaret,159009
Anna Thorvaldsdottir,2022-01-01T15:30:28+00:00,Trajectories,140892
Philip Glass,2022-01-01T15:25:50+00:00,Koyaanisqatsi: Clouds,101715
Steve Reich,2022-01-01T15:21:14+00:00,Duet,106562
Bambi Lou,2022-01-01T15:17:58+00:00,President,154685
The Hands Free,2022-01-01T15:11:17+00:00,Lost Halo,151990
Sarah Davachi,2022-01-01T15:05:49+00:00,Evensong,153722
Gavin Bryars,2022-01-01T22:54:56+00:00,The Vespertine Park,121705
Johann Johannson,2022-01-01T22:51:50+00:00,Odi et Amo,152888
Panorama Sound,2022-01-01T22:48:31+00:00,Wander (feat. Pilar),154715
Hildur Ingveldardottir Guonadottir,2022-01-01T22:46:14+00:00,Erupting Light,130688
Public Service Broadcasting,2022-01-01T22:41:27+00:00,People Will Always Need Coal,152208
"Oscar Brown, Jr / Rhiannon Giddens",2022-01-01T22:36:07+00:00,Brown Baby,159008
Arthur Russell,2022-01-01T22:29:35+00:00,"Instrumentals Vol. 2, Track 13",126377
Torbjorn Omalm,2022-01-01T22:25:02+00:00,Huhta,148385
John Luther Adams,2022-01-01T22:11:49+00:00,Dark Wind,113971
Steve Reich,2022-01-01T22:05:50+00:00,The Four Sections: Movement 3,149077
Thor & Friends,2022-01-01T22:01:32+00:00,Swimming with Stina,150526
Edgar Meyer,2022-01-01T21:57:33+00:00,1B,138280
Jacob Cooper,2022-01-01T21:50:44+00:00,Silver Threads: I. Silver Threads,138153
Kelly Moran,2022-01-01T21:47:41+00:00,Autowave,154448
Catilin Magi,2022-01-01T21:44:11+00:00,Lüttat-Tüttat,154797
John Supko,2022-01-01T21:33:13+00:00,Divine the Rest,143224
Julianna Barwick,2022-01-01T21:29:40+00:00,One Half,148841
Nigel Westlake,2022-01-01T21:22:18+00:00,Onomatopoeia,135117
Cecilia McDowall,2022-01-01T21:13:12+00:00,Three Latin Motets,155357
Arvo Part,2022-01-01T21:03:07+00:00,Tabula rasa: Ludus,115837
Aleksandra Vrebalov,2022-01-02T04:58:23+00:00,The Sea Ranch Songs: Elements I,146793
Zoe Keating,2022-01-02T04:52:24+00:00,Legions (War),121217
Blonde Redhead,2022-01-02T04:46:11+00:00,In Particular,152258
Arvo Part,2022-01-02T04:41:04+00:00,Summa,115836
Vula Viel,2022-01-02T04:36:43+00:00,Do Not Be Afraid,154047
Valgeir Sigurđsson,2022-01-02T04:34:34+00:00,Draumaland,129324
Anna Clyne,2022-01-02T04:25:14+00:00,Rest Your Hands,158341
Judd Greenstein,2022-01-02T04:18:59+00:00,Aeiou,130423
Missy Mazzoli,2022-01-02T04:13:45+00:00,Vespers for Violin (and Electronics),152256
Sarah Neufeld & Colin Stetson,2022-01-02T04:05:59+00:00,The Sun Roars Into View,148307
Juana Molina,2022-01-02T04:00:17+00:00,Sin Domes,148989
Poppy Ackroyd,2022-01-02T03:55:23+00:00,Quail,153636
"Ensemble, Et Al",2022-01-02T03:50:00+00:00,Medal Meddle Metal,150360
Henrique Eisenmann,2022-01-02T03:43:17+00:00,Sarabande No. 2,153533
Bell Orchestre,2022-01-02T03:38:56+00:00,The Upwards March,148831
Makaya McCraven,2022-01-02T03:33:24+00:00,Young Genius,154055
John Luther Adams,2022-01-02T03:26:44+00:00,Strange Birds Passing,127626
Du Yun,2022-01-02T03:21:19+00:00,When a Tiger Meets a Rosa Rugosa,136236
Alev Lenz,2022-01-02T03:14:29+00:00,After Every Winter Must Come Spring,155803
Amon Tobin,2022-01-02T03:09:53+00:00,Bloodstone (In-Concert Recording),137708
Carolyn Yarnell,2022-01-02T03:02:18+00:00,Lapis Lazuli,108955
David Lang,2022-01-02T02:57:55+00:00,Death Speaks: I am walking,133705
Sudan Archives,2022-01-02T02:54:12+00:00,Nont for Sale,152895
Efterklang,2022-01-02T02:51:11+00:00,Dreams Today,147729
Joshua Abrams & Natural Information Society,2022-01-02T02:46:46+00:00,St. Cloud,150045
Shara Nova,2022-01-02T02:44:37+00:00,"A Paper, a pen, a note to a friend",123112
Hiroshi Yoshimura,2022-01-02T02:38:17+00:00,Water Copy,152792
Steve Reich,2022-01-02T02:34:14+00:00,Quartet: II. Slow,151881
Tess Roby,2022-01-02T02:30:37+00:00,Air Above Mirage,154178
Ann Southam,2022-01-02T02:27:10+00:00,Glass Houses #1,142972
John Tavener,2022-01-02T02:11:08+00:00,Mahamatar,158490
Julianna Barwick,2022-01-02T02:07:03+00:00,Very Own,138837
Nico Muhly,2022-01-02T02:02:24+00:00,Comfortable Cruising Altitude,150923
Mary Lattimore & Mac McCaughan,2022-01-02T01:54:47+00:00,III,154616
Florent Ghys,2022-01-02T01:48:36+00:00,Beaute Plastique,141169
Gemma Peacocke,2022-01-02T01:43:05+00:00,Love,154599
Meriheini Luoto,2022-01-02T01:36:32+00:00,Metsänpeitto I,158501
Anna Clyne,2022-01-02T01:22:57+00:00,Prince of Clouds,139119
Zoe Keating,2022-01-02T01:17:38+00:00,Nix,153473
Terry Riley,2022-01-02T01:13:51+00:00,Autodreamographical Tales 6: See Them Out There,143423
Glenn Kotche,2022-01-02T01:08:25+00:00,The Traveling Turtle,137651
Meredith Monk,2022-01-02T01:06:24+00:00,Impermanence: Maybe 1,112757
Benjamin Louis Brody + Ian Chang,2022-01-02T01:02:02+00:00,ASMR II,158326
Daniel Wohl,2022-01-02T00:57:28+00:00,Neighborhood,134470
John Luther Adams,2022-01-02T00:47:25+00:00,...and Bells Remembered,122050
The Hands Free,2022-01-02T00:43:00+00:00,Kellam's Reel/Rusty Gully,151986
Michel van der Aa,2022-01-02T00:34:27+00:00,Violin concerto Mvmt. 3,143461
Henrique Eisenmann,2022-01-02T00:26:06+00:00,Jeneupti,153530
Maya Youssef,2022-01-02T00:19:07+00:00,Queen Of The Night,154798
Kaitlyn Aurelia Smith,2022-01-02T00:15:59+00:00,Riparian,153895
David Lang,2022-01-02T00:03:11+00:00,Just (After Song of Songs),151804
