artist,start_time,title,uid
Terry Riley,2022-01-20T11:57:39+00:00,Half-Wolf Dances Mad in Moonlight,143444
Ornette Coleman,2022-01-20T11:54:31+00:00,Lonely Woman,108265
Jon Hassell,2022-01-20T11:50:10+00:00,Miracle Steps,154152
Yasmin Williams,2022-01-20T11:45:13+00:00,Adrift (ft. Taryn Wood),158510
Keith Jarrett,2022-01-20T11:30:26+00:00,Elegy for Violin and String Orchestra,100679
George Oakley,2022-01-20T11:26:34+00:00,Toccata,154281
Gavin Bryars,2022-01-20T11:23:03+00:00,The Fifth Century: Eternity Magnifies Our Joys Exceedingly,151649
Radiohead,2022-01-20T11:19:21+00:00,Treefingers,148255
Ryuichi Sakamoto,2022-01-20T11:14:38+00:00,Bibo No Aozora,137777
Kaitlyn Aurelia Smith,2022-01-20T11:11:01+00:00,Arthropoda,148144
Max Richter,2022-01-20T11:04:25+00:00,On The Nature Of Daylight (Orchestral Version),154280
LCD Soundsystem,2022-01-20T10:50:33+00:00,Pulse (v1),150242
Caleb Burhans,2022-01-20T10:46:01+00:00,Nunc dimittis,134750
Sufjan Stevens,2022-01-20T10:38:52+00:00,Planetarium: Mars,150069
Clogs,2022-01-20T10:35:31+00:00,Bed and Rest,122786
Meriheini Luoto,2022-01-20T10:24:18+00:00,Metsänpeitto V,158500
Molly Joyce,2022-01-20T10:17:42+00:00,Shapeshifter,151626
Matt Marks,2022-01-20T10:12:33+00:00,"The Little Death, Vol. 1: Penetration Overture",121497
Johann Johannsson,2022-01-20T10:10:00+00:00,The Drowned World,148136
Midhat Assem,2022-01-20T10:07:01+00:00,"Ya Habibi Ta'ala (My Love, Come Quickly)",101629
Missy Mazzoli,2022-01-20T10:01:40+00:00,A Door Into the Dark,118151
"Ensemble, Et Al",2022-01-20T09:56:17+00:00,Medal Meddle Metal,150360
Four Tet,2022-01-20T09:51:00+00:00,Circling,150128
Nils Frahm,2022-01-20T09:47:17+00:00,Familiar,125896
Jherek Bischoff,2022-01-20T09:42:51+00:00,Automatism,146221
Steve Reich,2022-01-20T09:31:39+00:00,Mallet Quartet: 1. Fast,148781
Emmy Lindstrom,2022-01-20T09:26:36+00:00,Song About Em,158613
Oneohtrix Point Never,2022-01-20T09:20:02+00:00,Zebra,138130
John Zorn,2022-01-20T09:16:29+00:00,Gnostic Prelude VIII. The Invisibles,135319
Belinda Reynolds,2022-01-20T09:08:32+00:00,Circa,108048
Thor & Friends,2022-01-20T09:01:42+00:00,Grassfire,150527
Arvo Part,2022-01-20T08:56:35+00:00,Summa,115836
Amiina,2022-01-20T08:51:10+00:00,Juve & Fandor,147780
Dustin O'Halloran,2022-01-20T08:47:42+00:00,Fragile N.4,128734
John Hollenbeck,2022-01-20T08:40:09+00:00,Long Swing Dream,151229
Ryuichi Sakamoto,2022-01-20T08:36:37+00:00,CHASM,130627
Keith Jarrett,2022-01-20T08:29:30+00:00,Ritual Prayer,120574
Gemma Peacocke,2022-01-20T08:24:00+00:00,Love,154599
Patricia Brennan,2022-01-20T08:19:27+00:00,Solar,158603
Caroline Shaw,2022-01-20T08:12:43+00:00,Allemande (Daniel Wohl Remix),136244
The Hands Free,2022-01-20T08:08:17+00:00,Kellam's Reel/Rusty Gully,151986
Phil Kline,2022-01-20T08:02:51+00:00,The Blue Room: March,105121
Arcade Fire,2022-01-20T07:59:31+00:00,Her: Loneliness #3,136812
John Luther Adams,2022-01-20T07:55:48+00:00,In the White Silence: Letter B,148572
Olafur Arnalds,2022-01-20T07:49:20+00:00,undir,153603
Jónsi & Alex,2022-01-20T07:40:03+00:00,Happiness,120079
The Heliocentrics,2022-01-20T07:36:22+00:00,The Silverback,150133
Julianna Barwick,2022-01-20T07:32:13+00:00,Beached,148832
Florent Ghys,2022-01-20T07:26:18+00:00,"Nappe Brodee, ou Tenki",141177
Louis Andriessen,2022-01-20T07:21:59+00:00,Prospettive e Retrospettive,140620
Yasmin Williams,2022-01-20T07:18:04+00:00,Jarabi,158512
Moondog (Louis Hardin),2022-01-20T07:11:34+00:00,Witch of Endor,102115
Kraftwerk,2022-01-20T07:07:08+00:00,Franz Schubert,153984
Daniel Wohl,2022-01-20T07:01:26+00:00,Corpus,134478
Cecilia McDowall,2022-01-20T06:52:20+00:00,Three Latin Motets,155357
Duncan Bellamy,2022-01-20T06:47:55+00:00,Endless,153459
Max Richter,2022-01-20T06:44:41+00:00,Orlando: Modular Astronomy,148847
Dan Deacon,2022-01-20T06:42:02+00:00,Rat Film: Pelican,153354
Zoe Keating,2022-01-20T06:35:42+00:00,Lost,121231
Mary Lattimore,2022-01-20T06:31:31+00:00,The Quiet at Night,149277
Missy Mazzoli,2022-01-20T06:22:53+00:00,Isabelle Eberhardt Dreams of Pianos,118609
Ballaké Sissoko & Vincent Segal,2022-01-20T06:17:13+00:00,Oscarine,148628
Meriheini Luoto,2022-01-20T06:08:40+00:00,Metsänpeitto II,158503
Laura Cannell,2022-01-20T06:04:32+00:00,A New Theory of Eclipse,152119
Nils Frahm,2022-01-20T06:01:24+00:00,Said and Done,116415
Steve Reich,2022-01-20T13:59:45+00:00,New York Counterpoint,104670
"Ensemble, Et Al",2022-01-20T13:51:20+00:00,Ondrejko,150359
Johann Johannsson,2022-01-20T13:47:52+00:00,Ţynnkudagur,120022
John Adams,2022-01-20T13:38:17+00:00,Coast,148397
Nico Muhly,2022-01-20T13:29:30+00:00,Wish You Were Here,124385
Judd Greenstein,2022-01-20T13:19:21+00:00,"Clearing, Dawn, Dance",123113
Maria Huld Markan Sigfusdottir,2022-01-20T13:11:40+00:00,Clockworking,143593
Arvo Part,2022-01-20T13:01:18+00:00,Fratres,143567
Amiina,2022-01-20T12:57:19+00:00,Perth,147778
Penguin Cafe,2022-01-20T12:52:35+00:00,The Track of the Dull Sun,150312
Simon Knighton,2022-01-20T12:46:31+00:00,Monster Ballet,158656
James Blake,2022-01-20T12:42:50+00:00,Lullaby For My Insomniac,154455
Susumu Yokota,2022-01-20T12:38:32+00:00,Fairy Dance of Twinkle and Shadow,154175
Gemma Peacocke,2022-01-20T12:33:58+00:00,Bees,154528
Raime,2022-01-20T12:29:20+00:00,Real People,153023
Angelica Negron,2022-01-20T12:21:46+00:00,Drawings for Meyoko,119351
Hildur Ingveldardottir Guonadottir,2022-01-20T12:15:38+00:00,Into Warmer Air,130696
Explosions in the Sky & David Wingo,2022-01-20T12:13:18+00:00,Prince Avalanche: Theme from Prince Avalanche,136828
Sarah Davachi,2022-01-20T12:04:47+00:00,For Organ,151535
Bell Orchestre,2022-01-20T20:54:50+00:00,Icicles / Bicycles,149000
Sona Jobarteh,2022-01-20T20:49:39+00:00,Gambia,154794
Pino Forastiere,2022-01-20T20:44:45+00:00,Unpredictable Dance,150531
Stella Chiweshe,2022-01-20T20:39:54+00:00,Nehondo,154800
Tigue,2022-01-20T20:34:02+00:00,Cranes,153091
Christopher Cerrone,2022-01-20T20:26:04+00:00,Hoyt-Schermerhorn,146962
Lara Jones,2022-01-20T20:20:54+00:00,Pillow,158657
Sarah Kirkland Snider,2022-01-20T20:12:08+00:00,Daughter of the Waves,123111
Steve Reich,2022-01-20T20:03:07+00:00,Different Trains: America - Before the war,108477
Padma Newsome,2022-01-20T19:59:43+00:00,All Hollowed Out,153826
Pawel Mykietyn,2022-01-20T19:55:09+00:00,Krum 2,140636
Jessie Montgomery,2022-01-20T19:48:15+00:00,Strum,153749
Kate Moore,2022-01-20T19:44:57+00:00,Spin Bird,121273
Makaya McCraven,2022-01-20T19:42:00+00:00,Black Lion,153720
Nico Muhly,2022-01-20T19:32:25+00:00,Clear Music,104294
Jon Hopkins,2022-01-20T19:26:18+00:00,Neon Pattern Drum,153373
Nicole Lizee,2022-01-20T19:22:00+00:00,"Girl, You're Living a Life of Crime",119231
"Jon Hassell, Brian Eno",2022-01-20T19:18:31+00:00,Delta Rain Dream,152876
Odalie,2022-01-20T19:09:31+00:00,Camille,159082
Paul Bley Trio,2022-01-20T19:06:34+00:00,Ida Lupino,153987
Catrin Finch and Seckou Keita,2022-01-20T19:00:30+00:00,1677,152673
Eve Beglarian,2022-01-20T18:49:46+00:00,Until It Blazes,113095
Sven Helbig,2022-01-20T18:47:13+00:00,Abendgluhen,146426
Nik Bartsch's Ronin,2022-01-20T18:38:23+00:00,Modul 34,152662
Imarhan,2022-01-20T18:33:17+00:00,Tarha Nam,153875
Johann Johannson,2022-01-20T18:30:10+00:00,Odi et Amo,152888
Jherek Bischoff,2022-01-20T18:25:51+00:00,The Wolf,146228
Jessica Meyer,2022-01-20T18:22:12+00:00,Getting Home (I Must Be...),142903
Alice Coltrane,2022-01-20T18:19:10+00:00,Wisdom Eye,153983
Steve Reich,2022-01-20T18:08:37+00:00,Different Trains: After the War,108266
Meriheini Luoto,2022-01-20T17:58:56+00:00,Metsänpeitto VIII,158518
Susumu Yokota,2022-01-20T17:56:17+00:00,Azukiiro No Kaori,153986
Ben Lukas Boysen,2022-01-20T17:51:47+00:00,Sleepers Beat Theme,152249
Laurel Halo,2022-01-20T17:49:00+00:00,Quietude,153851
Cliff Martinez,2022-01-20T17:46:36+00:00,The Knick: Son of Placenta Previa,148577
Stuart Dempster,2022-01-20T17:36:56+00:00,Morning Light,152144
Judd Greenstein,2022-01-20T17:30:40+00:00,Aeiou,130423
Ólafur Arnalds,2022-01-20T17:27:24+00:00,Doria,148613
Bell Orchestre,2022-01-20T17:20:57+00:00,Les Lumieres Pt. 1,148830
Christopher Cerrone,2022-01-20T17:10:06+00:00,South Catalina,145364
John Luther Adams,2022-01-20T17:03:25+00:00,Strange Birds Passing,127626
Anna Thorvaldsdottir,2022-01-20T16:49:53+00:00,Aeriality,140890
Resina,2022-01-20T16:46:00+00:00,Darwin's Finches,159079
Keith Jarrett,2022-01-20T16:20:37+00:00,The Koln Concert: Part 1,100433
Florent Ghys,2022-01-20T16:17:09+00:00,Invitation to Love,141173
Evan Ziporyn,2022-01-20T16:08:07+00:00,Be-In,104295
Jlin,2022-01-20T16:04:26+00:00,Nyakinyua Rise,152712
Francesco Tristano,2022-01-20T15:57:11+00:00,Strings Of Life,121750
Hammock,2022-01-20T15:52:56+00:00,I Can Almost See You,148591
Ingram Marshall,2022-01-20T15:39:47+00:00,September Canons,112234
John Zorn,2022-01-20T15:33:38+00:00,Gnostic Prelude III. Prelude of Light,135315
Steve Reich,2022-01-20T15:27:46+00:00,Tehillim: Part 2,109464
Joshua Abrams & Natural Information Society,2022-01-20T15:23:21+00:00,St. Cloud,150045
Arvo Part,2022-01-20T15:21:09+00:00,Fur Alina,145540
Damon Locks - Black Monument Ensemble,2022-01-20T15:14:09+00:00,Now (Forever Momentary Space),158652
Valgeir Sigurđsson,2022-01-20T15:10:59+00:00,Plainsong,129328
Nicholas Britell,2022-01-20T15:08:03+00:00,Moonlight: Little's Theme; The Spot; Chiron's Theme,149476
Arvo Part,2022-01-20T22:51:13+00:00,Tabula rasa: Silentium,101537
Resina,2022-01-20T22:45:34+00:00,Mercury Immersion,159080
Shara Nova,2022-01-20T22:42:29+00:00,"A Whistle, A Tune, A Macaroon",123110
Kaki King,2022-01-20T22:39:18+00:00,Great Round Burn,158705
Mahsa Vahdat,2022-01-20T22:35:58+00:00,I Was Dead,154727
Saltland,2022-01-20T22:31:47+00:00,A Common Truth,148393
Trio Chemirani,2022-01-20T22:27:27+00:00,,159031
Steve Reich,2022-01-20T22:22:19+00:00,Music for 18 Musicians: Section IX,148863
Vijay Iyer,2022-01-20T22:18:50+00:00,Augury,159025
Jherek Bischoff,2022-01-20T22:15:04+00:00,Cas(s)iopeia,146223
Jessika Kenney and Eyvind Kang,2022-01-20T22:03:21+00:00,Kidung,154153
Caterina Barbieri,2022-01-20T21:56:50+00:00,Rendering Intuitions,154454
Michael Gordon,2022-01-20T21:48:03+00:00,Decasia (excerpt),159005
Meriheini Luoto,2022-01-20T21:37:48+00:00,Metsänpeitto X,158520
Missy Mazzoli,2022-01-20T21:29:34+00:00,"Dissolve, O My Heart",130632
Anna Thorvaldsdottir,2022-01-20T21:15:05+00:00,Trajectories,140892
Rachel Grimes,2022-01-20T21:10:04+00:00,In the Vapor with the Air Underneath,149004
Hatis Noit,2022-01-20T21:06:23+00:00,Anagram c.i.y,153607
Yasmin Williams,2022-01-20T21:01:04+00:00,Through the Woods,158511
Emily Wells,2022-01-21T04:57:03+00:00,Symphony 10 Could This Really Be the End,149625
Nora Morrow,2022-01-21T04:50:42+00:00,Rose Moon,155627
Jason Treuting,2022-01-21T04:46:50+00:00,July,105765
Philip Glass,2022-01-21T04:43:53+00:00,Japura River,151001
Héloďse Werner,2022-01-21T04:40:00+00:00,coronasolfčge for 6,158660
John Hollenbeck,2022-01-21T04:34:56+00:00,Joys & Desires #3 - The Garden of Love,159030
Paola Prestini,2022-01-21T04:29:07+00:00,Sympathique,151593
Mica Levi,2022-01-21T04:26:08+00:00,Creation,159011
David Kirkland Garner,2022-01-21T04:19:45+00:00,The Sky Was Good for Flying,154282
Olga Bell,2022-01-21T04:16:42+00:00,Krasnoyarsk Krai,151549
iboukle Martinaityte,2022-01-21T04:03:39+00:00,Millefleur,158600
Missy Mazzoli,2022-01-21T03:53:45+00:00,Tooth and Nail,133613
Max Richter,2022-01-21T03:49:52+00:00,Vladimir's Blues (Jlin Remix),154279
Molly Joyce,2022-01-21T03:42:45+00:00,Lean Back And Release,151553
Quest Ensemble,2022-01-21T03:37:44+00:00,Pizz Trance,158432
Jacob Cooper,2022-01-21T03:29:29+00:00,Silver Threads III. Antique Windfall,138157
Simon Dobson,2022-01-21T03:25:20+00:00,Unsual(ly) Light,158659
Laraaji,2022-01-21T03:17:57+00:00,Through Luminous Eyes 4,158332
Julia Wolfe,2022-01-21T03:12:09+00:00,Reeling,142746
Elza Soares,2022-01-21T03:07:22+00:00,Mulher do fim do mundo,154793
Sufjan Stevens,2022-01-21T03:04:17+00:00,Year of the Dog,153594
Jon Hassell,2022-01-21T02:58:08+00:00,Dreaming,152870
Vula Viel,2022-01-21T02:55:33+00:00,Breathe the Air,154610
Colleen,2022-01-21T02:50:38+00:00,Soul Alphabet,151622
Nick Cave,2022-01-21T02:43:42+00:00,Song Of Joy,154072
Yasmin Williams,2022-01-21T02:38:00+00:00,After the Storm,158514
Visible Cloaks,2022-01-21T02:35:45+00:00,Transient,153853
Emilie Levienaise-Farrouch,2022-01-21T02:31:54+00:00,Scale of Volatility,148043
Caroline Shaw,2022-01-21T02:12:05+00:00,Narrow Sea,158633
Darcy James Argue,2022-01-21T02:05:04+00:00,Transit,119372
Haley Heynderickx,2022-01-21T02:01:16+00:00,The Bug Collector,151825
Julianna Barwick & Ikue Mori,2022-01-21T01:51:41+00:00,Rejoinder,154097
Jonny Greenwood,2022-01-21T01:49:27+00:00,Phantom Thread: Catch Hold,151652
Aphex Twin,2022-01-21T01:45:38+00:00,Fingerbib,148040
Antonio Vivaldi,2022-01-21T01:42:04+00:00,WINTER - Low Light,152992
Marcos Balter,2022-01-21T01:36:19+00:00,Bladed Stance,139719
Brad Wells,2022-01-21T01:27:17+00:00,Render,142563
Osvaldo Golijov,2022-01-21T01:19:45+00:00,Mariel,104098
John Hollenbeck,2022-01-21T01:15:41+00:00,"Gray Cottage Study No. 4 ""healing and gratitude""",120965
Nico Muhly,2022-01-21T01:12:37+00:00,I Drink the Air Before Me: Music Under Pressure 1 - Flute,118652
Robert Bentall,2022-01-21T01:09:09+00:00,Novakoski,158658
John Adams,2022-01-21T01:04:22+00:00,China Gates,144258
Explosions in the Sky & David Wingo,2022-01-21T01:00:37+00:00,Prince Avalanche: An Old Peasant Like Me,136829
Battles,2022-01-21T00:55:45+00:00,Ice Cream (Featuring Matias Aguayo),152592
Emily Wells,2022-01-21T00:50:57+00:00,Symphony 2 & The Click Boom Boom,149624
Vessel,2022-01-21T00:48:00+00:00,Arcanum (For Christalla),154494
Yann Tiersen,2022-01-21T00:44:02+00:00,Penn ar Lann,148820
Brian Eno,2022-01-21T00:39:43+00:00,An Ending (Ascent),127443
Anna Clyne,2022-01-21T00:34:18+00:00,Beware Of,119353
The Hands Free,2022-01-21T00:29:25+00:00,It's She,152000
Frank Zappa,2022-01-21T00:26:01+00:00,G-Spot Tornado,146043
Arooj Aftab,2022-01-21T00:18:19+00:00,Mohabbat,159027
Errollyn Wallen,2022-01-21T00:13:08+00:00,Chorale,158457
Merrill Garbus,2022-01-21T00:09:25+00:00,Quizassa,130427
Yasmin Williams,2022-01-21T00:04:24+00:00,Urban Driftwood (ft. Amadou Kouyate),158513
