artist,start_time,title,uid
Jon Hopkins,2022-01-08T11:54:27+00:00,Feel First Life,153375
Judd Greenstein,2022-01-08T11:48:11+00:00,Aeiou,130423
Penguin Cafe,2022-01-08T11:43:31+00:00,Moonbo,148789
Glenn Branca,2022-01-08T11:34:51+00:00,Lesson No.1 For Electric Guitar,154155
Tyshawn Sorey,2022-01-08T11:30:25+00:00,Cascade in Slow Motion,150934
Vessel,2022-01-08T11:27:28+00:00,Arcanum (For Christalla),154494
Visible Cloaks,2022-01-08T11:24:58+00:00,Transient,153853
Colin Stetson,2022-01-08T11:18:56+00:00,In the Vespers,149599
Yasmin Williams,2022-01-08T11:13:13+00:00,After the Storm,158514
Veljo Tormis,2022-01-08T11:07:45+00:00,Singing Aboard Ship,101307
Makaya McCraven,2022-01-08T10:58:34+00:00,Atlantic Black,153719
Kate Moore,2022-01-08T10:52:12+00:00,Dolorosa,151852
Steve Reich,2022-01-08T10:45:26+00:00,Mallet Quartet: 1. Fast,148781
Caterina Barbieri,2022-01-08T10:38:54+00:00,Rendering Intuitions,154454
Arvo Part,2022-01-08T10:36:42+00:00,Fur Alina,145540
Julia Holter,2022-01-08T10:30:20+00:00,Colligere,154111
Caroline Shaw,2022-01-08T10:23:35+00:00,Allemande (Daniel Wohl Remix),136244
Vladimir Martynov,2022-01-08T10:18:04+00:00,The Beatitudes,125072
Lubomyr Melnyk,2022-01-08T10:10:17+00:00,Son Of Parasol,154320
Ian Chang,2022-01-08T10:05:59+00:00,ASMR,151671
Caleb Burhans,2022-01-08T10:01:27+00:00,Nunc dimittis,134750
Yann Tiersen,2022-01-08T09:57:29+00:00,Penn ar Lann,148820
Clogs,2022-01-08T09:54:08+00:00,Bed and Rest,122786
Gwenifer Raymond,2022-01-08T09:51:55+00:00,Bleeding Finger Blues,153940
Julianna Barwick,2022-01-08T09:46:25+00:00,Big Hollow,148833
Angelica Negron,2022-01-08T09:41:55+00:00,Remando en el Mismo Lugar,118470
Louis Andriessen,2022-01-08T09:37:37+00:00,Prospettive e Retrospettive,140620
PJ Harvey,2022-01-08T09:35:05+00:00,Man-Sized Sextet,154160
Oumou Sangare,2022-01-08T09:30:19+00:00,Minata Waraba (Sampha Remix),151525
Jennifer Higdon,2022-01-08T09:25:36+00:00,String Poetic: Nocturne,107359
Anna Meredith,2022-01-08T09:22:46+00:00,How to Be Confident,153462
Oracle Hysterical,2022-01-08T09:17:12+00:00,No Comfort,153611
Anna Thorvaldsdottir,2022-01-08T09:02:42+00:00,Trajectories,140892
Wally Gunn,2022-01-08T08:55:26+00:00,Surviving Death,142564
Steve Reich,2022-01-08T08:49:34+00:00,Tehillim: Part 2,109464
Amiina,2022-01-08T08:43:41+00:00,Crocodile,148391
Max Richter,2022-01-08T08:37:06+00:00,On The Nature Of Daylight (Orchestral Version),154280
Julianna Barwick & Ikue Mori,2022-01-08T08:27:45+00:00,Rejoinder,154097
Efterklang,2022-01-08T08:24:45+00:00,Dreams Today,147729
Feist,2022-01-08T08:19:38+00:00,Pleasure,154157
Darcy James Argue,2022-01-08T08:08:37+00:00,Phobos,119370
Mary Lattimore & Mac McCaughan,2022-01-08T08:01:15+00:00,III,154616
Aleksandra Vrebalov,2022-01-08T07:56:53+00:00,The Sea Ranch Songs: Elements I,146793
The Hands Free,2022-01-08T07:52:27+00:00,Kellam's Reel/Rusty Gully,151986
Padma Newsome,2022-01-08T07:44:03+00:00,Sticks & Nails,119337
Public Service Broadcasting,2022-01-08T07:39:16+00:00,People Will Always Need Coal,152208
"Ensemble, Et Al",2022-01-08T07:31:06+00:00,Ondrejko,150359
Duncan Bellamy,2022-01-08T07:26:41+00:00,Endless,153459
Julia Holter,2022-01-08T07:19:43+00:00,Voce Simul,154109
Hildur Ingveldardottir Guonadottir,2022-01-08T07:13:35+00:00,Into Warmer Air,130696
Zoe Keating,2022-01-08T07:10:17+00:00,Possible,153472
Mary Ellen Childs,2022-01-08T07:02:14+00:00,Hocket,106325
GABI,2022-01-08T06:54:39+00:00,Fleece,147723
Matt Marks,2022-01-08T06:52:06+00:00,"The Little Death, Vol. 1: Sing",122489
Belinda Reynolds,2022-01-08T06:44:30+00:00,Yawp,106576
Steve Reich,2022-01-08T06:37:57+00:00,Double Sextet: 3. Fast,148779
Missy Mazzoli,2022-01-08T06:32:43+00:00,Vesper Sparrow,142556
Julia Kent,2022-01-08T06:28:35+00:00,Gardermoen,148619
Nico Muhly,2022-01-08T06:19:47+00:00,Wish You Were Here,124385
Julianna Barwick,2022-01-08T06:15:39+00:00,Beached,148832
Kyle Dixon & Michael Stein,2022-01-08T06:12:19+00:00,Possessed,154059
Ornette Coleman,2022-01-08T06:09:11+00:00,Lonely Woman,108265
Kraftwerk,2022-01-08T06:04:45+00:00,Franz Schubert,153984
Marcos Balter,2022-01-08T13:58:34+00:00,Bladed Stance,139719
Avalon Emerson,2022-01-08T13:51:54+00:00,One More Fluorescent Rush,151783
Yann Tiersen,2022-01-08T13:47:27+00:00,Pern,148817
Nico Muhly,2022-01-08T13:44:23+00:00,I Drink the Air Before Me: Music Under Pressure 1 - Flute,118652
Julianna Barwick,2022-01-08T13:38:42+00:00,Forever,148839
itsnotyouitsme,2022-01-08T13:34:27+00:00,Lost Nation Municipal Airport,112678
Osvaldo Golijov,2022-01-08T13:28:45+00:00,Lúa Descolorida (Aria De Las Lágrimas De Pedro),159003
Sufjan Stevens,2022-01-08T13:25:37+00:00,The BQE: Part 6,105069
Steve Reich,2022-01-08T13:15:05+00:00,Different Trains: After the War,108266
Angelica Negron,2022-01-08T13:10:27+00:00,Music for Students: Candy Tucker,118478
Dan Deacon,2022-01-08T13:07:48+00:00,Rat Film: Pelican,153354
The Hands Free,2022-01-08T13:01:06+00:00,Lost Halo,151990
Mary Lattimore,2022-01-08T12:56:55+00:00,The Quiet at Night,149277
Andrzej Panufnik,2022-01-08T12:44:57+00:00,"String Sextet, ""Song to the Virgin Mary""",124697
Keith Jarrett,2022-01-08T12:37:49+00:00,Ritual Prayer,120574
Ballaké Sissoko & Vincent Segal,2022-01-08T12:32:10+00:00,Oscarine,148628
Laraaji,2022-01-08T12:24:37+00:00,Through Luminous Eyes 4,158332
Alva Noto,2022-01-08T12:22:23+00:00,The Revenant: Hawk Punished,148578
Aya Nishina,2022-01-08T12:14:49+00:00,White Flower,136516
Vula Viel,2022-01-08T12:12:13+00:00,Breathe the Air,154610
Jessica Meyer,2022-01-08T12:08:48+00:00,Source of Joy,142904
Padma Newsome,2022-01-08T12:00:01+00:00,Witch Stick,119341
Emilie Levienaise-Farrouch,2022-01-08T20:59:56+00:00,Minnesang,148441
Antemeridian,2022-01-08T20:50:51+00:00,Tuesday AM,151935
Angel Deradoorian,2022-01-08T20:42:35+00:00,Return-Transcend,151789
Jherek Bischoff,2022-01-08T20:35:07+00:00,The Sea's Son,146237
Meredith Monk,2022-01-08T20:30:45+00:00,Facing North: Hocket,152537
Tim Berne's Snakeoil,2022-01-08T20:28:12+00:00,Angles,152572
Catrin Finch & Seckou Keita,2022-01-08T20:22:16+00:00,Hinna-Djulo,153513
Philip Glass,2022-01-08T20:18:46+00:00,"String Quartet No. 3, ""Mishima"": I. 1957: Award Montage",148183
Dmitry Evgrafov,2022-01-08T20:14:18+00:00,Consolation,153779
Space Captain,2022-01-08T20:11:32+00:00,Sycamore - A Cappella,151830
Jessica Meyer,2022-01-08T20:06:44+00:00,Hello,140463
Yasmin Williams,2022-01-08T20:02:54+00:00,Juvenescence,158507
Mark O'Connor,2022-01-08T19:56:52+00:00,Appalachia Waltz,137775
Judd Greenstein,2022-01-08T19:46:43+00:00,"Clearing, Dawn, Dance",123113
Jennifer Jolley,2022-01-08T19:38:47+00:00,Bullet Time (for 9 Violas),151600
Arvo Part,2022-01-08T19:28:25+00:00,Fratres,143567
Echo Collective,2022-01-08T19:23:54+00:00,Inflection Point,158343
Angelica Negron,2022-01-08T19:16:19+00:00,Drawings for Meyoko,119351
John Maus,2022-01-08T19:12:32+00:00,The Combine,151838
Mary Lattimore,2022-01-08T19:05:01+00:00,Never Saw Him Again,152812
Explosions in the Sky & David Wingo,2022-01-08T19:02:42+00:00,Prince Avalanche: Theme from Prince Avalanche,136828
Rachel Grimes,2022-01-08T18:59:27+00:00,Bloodroot,152248
Kelly Moran,2022-01-08T18:54:22+00:00,Heliconia,151623
Susumu Yokota,2022-01-08T18:50:04+00:00,Fairy Dance of Twinkle and Shadow,154175
Mark Dancigers,2022-01-08T18:42:03+00:00,Cloudbank,100295
George Oakley,2022-01-08T18:38:10+00:00,Toccata,154281
David Lang,2022-01-08T18:34:44+00:00,Born to be Wild,107377
Ryuichi Sakamoto,2022-01-08T18:30:01+00:00,Bibo No Aozora,137777
Max Richter,2022-01-08T18:25:23+00:00,Space 21,145185
Bing & Ruth,2022-01-08T18:17:25+00:00,Rails,148295
Charlotte Dos Santos,2022-01-08T18:14:44+00:00,Red Clay,151829
Aphex Twin,2022-01-08T18:12:17+00:00,Jynweythek Ylow,119245
Nico Muhly,2022-01-08T18:09:08+00:00,A Hudson Cycle,112690
Florent Ghys,2022-01-08T18:02:14+00:00,Thursday Morning,146820
Anna Meredith,2022-01-08T17:57:30+00:00,Scrimshaw,151556
Meredith Monk,2022-01-08T17:54:35+00:00,On Behalf of Nature: Eon,147102
Erland Dahlen,2022-01-08T17:47:27+00:00,Wood,152657
Dustin O'Halloran,2022-01-08T17:43:59+00:00,Fragile N.4,128734
Andy Akiho,2022-01-08T17:38:42+00:00,Kiiro (Yellow),122353
D.J. Sparr,2022-01-08T17:36:23+00:00,Earthcaster Suite I. Drips,154617
Francesco Tristano,2022-01-08T17:29:20+00:00,A Soft Shell Groove,139738
Sarah Kirkland Snider,2022-01-08T17:23:12+00:00,Pale as Centuries,143226
Matthew Barnes,2022-01-08T17:16:56+00:00,War It,151782
Julianna Barwick,2022-01-08T17:11:24+00:00,Nebula,148834
Nicholas Britell,2022-01-08T17:09:24+00:00,Moonlight: The Middle of the World,149274
Johann Johannsson,2022-01-08T17:05:27+00:00,Arrival: Heptapod B,148197
John Adams,2022-01-08T17:00:19+00:00,Fellow Traveler,133560
Motion Graphics,2022-01-08T16:56:32+00:00,Anyware,153384
We Like We,2022-01-08T16:53:08+00:00,Endless Harmonies,152664
Ryan Francis,2022-01-08T16:48:10+00:00,"Etudes for Piano, 6. Loop",137784
Blondes,2022-01-08T16:44:12+00:00,Aeon,153230
Philip Glass,2022-01-08T16:36:01+00:00,Koyaanisqatsi: Vessels,129764
Jacob Cooper,2022-01-08T16:29:07+00:00,Silver Threads: IV. Wefted Histories,138158
Ballaké Sissoko & Vincent Segal,2022-01-08T16:25:15+00:00,Super étoile,148630
Seval,2022-01-08T16:18:42+00:00,Details,154154
Nils Frahm,2022-01-08T16:12:48+00:00,Old Thought,125898
Kara-Lis Coverdale,2022-01-08T16:09:18+00:00,Touch me & die,151239
Mari Kimura,2022-01-08T16:05:39+00:00,Clone Barcarolle for Augmented Violin,119676
John Luther Adams,2022-01-08T15:54:52+00:00,The Farthest Place,114257
David Lang,2022-01-08T15:51:17+00:00,The Little Match Girl Passion: When It Is Time For Me To Go,135095
Moondog (Louis Hardin),2022-01-08T15:45:10+00:00,Rabbit Hop,112815
Marc Mellits,2022-01-08T15:42:25+00:00,Smoke: Movement 5,153227
Sibarg Ensemble,2022-01-08T15:35:51+00:00,Cipher,153528
Valgeir Sigurđsson,2022-01-08T15:33:42+00:00,Draumaland,129324
Damon Locks - Black Monument Ensemble,2022-01-08T15:27:47+00:00,The Colors That You Bring,158651
David Crowell,2022-01-08T15:24:04+00:00,Green Arrow,150066
The Roches,2022-01-08T15:19:15+00:00,Big Nuthin',154158
iboukle Martinaityte,2022-01-08T15:06:12+00:00,Millefleur,158600
Steve Reich,2022-01-08T15:02:44+00:00,Music for 18 Musicians: Pulses,148866
Vanessa Amara,2022-01-08T22:56:52+00:00,02 20 - 03 - 2017 21 - 12 - 2016 06,152120
Nico Muhly,2022-01-08T22:52:12+00:00,Comfortable Cruising Altitude,150923
Dedekind Cut,2022-01-08T22:47:12+00:00,Tahoe,152585
Kirsten Volness,2022-01-08T22:40:11+00:00,Alone Together,158670
Jlin,2022-01-08T22:36:26+00:00,Nandi,151834
Graham Fitkin,2022-01-08T22:26:37+00:00,Stub,139275
Steve Hauschildt,2022-01-08T22:20:46+00:00,Time We Have,152190
Colleen,2022-01-08T22:17:03+00:00,Humming Fields,153894
LEYA,2022-01-08T22:12:52+00:00,Swoon,151876
Paola Prestini,2022-01-08T22:07:04+00:00,Sympathique,151593
Dustin O'Halloran,2022-01-08T22:04:18+00:00,Requiem for the Static King: Part One,124019
Missy Mazzoli,2022-01-08T21:54:24+00:00,Tooth and Nail,133613
Mary Lattimore,2022-01-08T21:48:25+00:00,Jimmy V,151240
Foday Musa Suso,2022-01-08T21:42:19+00:00,Summer Time,128649
Julianna Barwick,2022-01-08T21:38:08+00:00,Pyrrhic,148842
David Lang,2022-01-08T21:28:27+00:00,The So-Called Laws of Nature: Part III,126621
Ann Southam,2022-01-08T21:20:51+00:00,Glass Houses #14,142381
Laurie Spiegel,2022-01-08T21:11:05+00:00,Patchwork,131110
Laurie Anderson,2022-01-08T21:02:41+00:00,O Superman (for Massenet),112363
Anna Thorvaldsdottir,2022-01-09T04:53:39+00:00,Aeriality,140890
Wally Gunn,2022-01-09T04:48:50+00:00,The Fence Is Gone,142560
Ingram Marshall,2022-01-09T04:35:42+00:00,September Canons,112234
David Lang,2022-01-09T04:30:37+00:00,Wed,126323
Tyondai Braxton,2022-01-09T04:20:10+00:00,Platinum Rows,121376
Ted Hearne,2022-01-09T04:16:32+00:00,Law of Mosaics: Excerpts from the middle of something,140550
Ryan Francis,2022-01-09T04:13:46+00:00,"Wind-Up Bird Preludes, 5. What Happened In The Night I",121651
Callie Ryan,2022-01-09T04:10:17+00:00,Orange Notes,152526
Ryuichi Sakamoto,2022-01-09T04:05:40+00:00,Riot in Lagos,119729
Threefifty,2022-01-09T04:01:25+00:00,Crossing State Lines,148982
Hilary Hahn / Hauschka,2022-01-09T03:54:35+00:00,North Atlantic,127924
Julianna Barwick,2022-01-09T03:48:44+00:00,The Harbinger,148843
Bryce Dessner,2022-01-09T03:45:48+00:00,Murder Ballades: Tears For Sister Polly,143696
Resina,2022-01-09T03:41:01+00:00,Trigger,153750
Anna Clyne,2022-01-09T03:30:49+00:00,Roulette,126556
Chris Carter,2022-01-09T03:28:20+00:00,Tone Maps,151907
Tim Hecker,2022-01-09T03:23:22+00:00,Violet Monumental I,146256
Arvo Part,2022-01-09T03:07:07+00:00,Tabula rasa: Silentium,101537
Johann Johannsson,2022-01-09T03:04:39+00:00,The Drowned World,148136
Aleksi Perälä,2022-01-09T02:59:58+00:00,UK74R1721031,152338
Steve Reich,2022-01-09T02:53:59+00:00,The Four Sections: Movement 3,149077
"Ensemble, Et Al",2022-01-09T02:48:36+00:00,Medal Meddle Metal,150360
Terry Riley,2022-01-09T02:41:28+00:00,Half-Wolf Dances Mad in Moonlight,143444
7FO,2022-01-09T02:36:44+00:00,Moment,152337
Jon Hassell,2022-01-09T02:32:22+00:00,Miracle Steps,154152
Tyshawn Sorey,2022-01-09T02:21:39+00:00,Flowers for Prashant,150936
Four Tet,2022-01-09T02:16:22+00:00,Circling,150128
Blank For,2022-01-09T02:10:49+00:00,For Tim,151903
Oneohtrix Point Never,2022-01-09T02:04:15+00:00,Zebra,138130
Aphex Twin,2022-01-09T02:02:10+00:00,Avril 14th,148041
Shabaka Hutchings,2022-01-09T01:54:57+00:00,"Black Skin, Black Masks",153993
Susan Alcorn,2022-01-09T01:49:14+00:00,Pedernal,158329
Pauline Oliveros,2022-01-09T01:43:07+00:00,Crossing the Sands,151894
Steve Tibbetts,2022-01-09T01:38:45+00:00,Life Of Dot,152734
Nico Muhly,2022-01-09T01:34:10+00:00,Quiet Music,107764
Philip Glass,2022-01-09T01:21:29+00:00,"Powaqqatsi: Video Dream, New Cities in Ancient Lands",129722
Giant Claw / (Keith Rankin),2022-01-09T01:18:08+00:00,Deep Thoughts 002,151835
Kjartan Sveinsson,2022-01-09T01:11:15+00:00,Teil III,147475
Steve Reich,2022-01-09T01:04:23+00:00,"Variations for Vibes, Piano and Strings: 2. Slow",105335
Caroline Shaw,2022-01-09T00:55:11+00:00,Taxidermy,158322
Angelica Negron,2022-01-09T00:47:07+00:00,The Little Things,134932
Jherek Bischoff,2022-01-09T00:42:40+00:00,Automatism,146221
Shida Shahabi,2022-01-09T00:39:46+00:00,Flora,153799
John Zorn,2022-01-09T00:36:13+00:00,Gnostic Prelude VIII. The Invisibles,135319
Dan Deacon,2022-01-09T00:33:06+00:00,Wet Wings,120874
Brian Eno,2022-01-09T00:30:56+00:00,Emerald and Stone,148289
Wally Gunn,2022-01-09T00:25:40+00:00,The Beginning And,142557
Devonte Hynes (Blood Orange),2022-01-09T00:21:10+00:00,Palo Alto: Fred Drives,148795
Lhasa de Sela,2022-01-09T00:16:16+00:00,Soon This Space Will Be Too Small,151826
David Lang,2022-01-09T00:06:01+00:00,Sunray,125076
Masayoshi Fujita,2022-01-09T00:01:36+00:00,It's Magical,152665
