artist,start_time,title,uid
Noveller,2022-01-13T05:59:42+00:00,A Pink Sunset For No One,152317
Arca,2022-01-13T11:58:09+00:00,Desafío,152410
Vanessa Amara,2022-01-13T11:51:48+00:00,02 20 - 03 - 2017 21 - 12 - 2016 06,152120
Jessika Kenney and Eyvind Kang,2022-01-13T11:40:06+00:00,Kidung,154153
Daniel Brandt,2022-01-13T11:34:31+00:00,On The Move,151861
Hilary Hahn / Hauschka,2022-01-13T11:27:42+00:00,North Atlantic,127924
John Adams,2022-01-13T11:24:33+00:00,John's Book of Alleged Dances: Rag the Bone,121317
Bryce Dessner,2022-01-13T11:21:37+00:00,Murder Ballades: Tears For Sister Polly,143696
Zoe Keating,2022-01-13T11:15:03+00:00,Escape Artist,121228
Arvo Part,2022-01-13T10:58:48+00:00,Tabula rasa: Silentium,101537
Negative Gemini,2022-01-13T10:53:33+00:00,You Weren't There Anymore,152473
Alexander Balanescu,2022-01-13T10:50:18+00:00,Angels & Insects: Waltz,148625
Anna Clyne,2022-01-13T10:40:06+00:00,Roulette,126556
Henrique Eisenmann,2022-01-13T10:34:00+00:00,Anthropophagy,153534
LEYA,2022-01-13T10:29:49+00:00,Swoon,151876
Michael Gordon,2022-01-13T10:21:02+00:00,Decasia (excerpt),159005
Elena Kats-Chernin,2022-01-13T10:16:32+00:00,Unsent Love Letters,154690
Yasmin Williams,2022-01-13T10:11:13+00:00,Through the Woods,158511
Adult Jazz,2022-01-13T10:06:46+00:00,Idiot Mantra,151761
Sona Jobarteh,2022-01-13T10:01:35+00:00,Gambia,154794
Les Halles,2022-01-13T09:54:45+00:00,First Distance,152498
Jon Hopkins,2022-01-13T09:48:38+00:00,Neon Pattern Drum,153373
Simone Forti,2022-01-13T09:38:30+00:00,Bottom (1968) (excerpt),152500
Squarepusher,2022-01-13T09:32:58+00:00,Iambic 5 Poetry,152328
Anna Thorvaldsdottir,2022-01-13T09:19:26+00:00,Aeriality,140890
Anna & Elizabeth,2022-01-13T09:15:44+00:00,Hop High,151974
Roxanna Panufnik,2022-01-13T09:11:22+00:00,The Call,152580
Catrin Finch and Seckou Keita,2022-01-13T09:05:19+00:00,1677,152673
Kelly Lee Owens,2022-01-13T09:02:06+00:00,S.O,152129
Nik Bartsch's Ronin,2022-01-13T08:53:15+00:00,Modul 34,152662
Antemeridian,2022-01-13T08:44:00+00:00,Tuesday AM,151935
Johann Johannson,2022-01-13T08:40:54+00:00,Odi et Amo,152888
Steve Reich,2022-01-13T08:33:57+00:00,Double Sextet: 2. Slow,148778
Christopher Cerrone,2022-01-13T08:26:00+00:00,Hoyt-Schermerhorn,146962
Sam Evian,2022-01-13T08:21:43+00:00,Carolina,152477
Jacaszek,2022-01-13T08:18:38+00:00,Even Not Within Seeing Of The Sun,152785
John Adams,2022-01-13T08:09:03+00:00,Coast,148397
Ramallah Underground,2022-01-13T08:05:24+00:00,Tashweesh (Interference),105254
The Ah,2022-01-13T08:01:31+00:00,I Changed Coulour,151570
Judd Greenstein,2022-01-13T07:51:22+00:00,"Clearing, Dawn, Dance",123113
Valerie Coleman,2022-01-13T07:48:34+00:00,Umoja,122853
Arvo Part,2022-01-13T07:38:12+00:00,Fratres,143567
Robert Rowe,2022-01-13T07:31:33+00:00,Melting the Darkness,140725
Terry Riley,2022-01-13T07:24:25+00:00,Half-Wolf Dances Mad in Moonlight,143444
Kirsten Volness,2022-01-13T07:20:55+00:00,Gaia,137974
Caroline Shaw,2022-01-13T07:13:14+00:00,Blueprint,153634
Thanya Iyer,2022-01-13T07:10:06+00:00,,152456
Vijay Iyer,2022-01-13T07:04:03+00:00,Passage,147096
Kaitlyn Aurelia Smith,2022-01-13T07:00:06+00:00,"When I Try, I'm Full",148142
Vula Viel,2022-01-13T06:55:30+00:00,Do Not Be Afraid,154047
Splashgirl,2022-01-13T06:48:58+00:00,Bleak Warm Future,152567
Steve Reich,2022-01-13T06:39:57+00:00,Different Trains: America - Before the war,108477
Kelly Moran,2022-01-13T06:37:05+00:00,Aster,152245
Explosions in the Sky & David Wingo,2022-01-13T06:34:45+00:00,Prince Avalanche: Theme from Prince Avalanche,136828
Ian Chang,2022-01-13T06:30:40+00:00,Inhaler,151965
Susumu Yokota,2022-01-13T06:26:22+00:00,Fairy Dance of Twinkle and Shadow,154175
Eric Whitacre,2022-01-13T06:20:56+00:00,Sleep,119691
Jon Hassell,2022-01-13T06:16:35+00:00,Miracle Steps,154152
Little Women,2022-01-13T06:11:25+00:00,Throat I,152422
Laraaji,2022-01-13T06:08:01+00:00,Laraajazzi (Natureboy Flako Remix),154098
George Oakley,2022-01-13T06:04:09+00:00,Toccata,154281
Sarah Kirkland Snider,2022-01-13T13:54:33+00:00,The Currents,145055
Sharon Van Etten,2022-01-13T13:51:40+00:00,Peace Signs,152597
Vijay Iyer,2022-01-13T13:48:11+00:00,Augury,159025
Max Richter,2022-01-13T13:44:17+00:00,Orlando: Genesis of Poetry,148848
Kaki King,2022-01-13T13:41:05+00:00,Great Round Burn,158705
serpentwithfeet,2022-01-13T13:34:07+00:00,blisters,152266
Ólafur Arnalds,2022-01-13T13:30:51+00:00,Doria,148613
Colleen,2022-01-13T13:28:01+00:00,Geometría del Universo,152804
Yasmin Williams,2022-01-13T13:22:59+00:00,Urban Driftwood (ft. Amadou Kouyate),158513
Garland,2022-01-13T13:17:31+00:00,Sepses,152506
Tess Roby,2022-01-13T13:13:54+00:00,Air Above Mirage,154178
Ted Hearne,2022-01-13T13:10:15+00:00,Law of Mosaics: Excerpts from the middle of something,140550
Rexy,2022-01-13T13:05:41+00:00,Dont Turn Me Away,154124
Panorama Sound,2022-01-13T13:01:58+00:00,Packed for the Weekend,154717
Florent Ghys,2022-01-13T12:58:30+00:00,Invitation to Love,141173
Ka Baird,2022-01-13T12:53:58+00:00,You Are Myself,152711
Francesco Tristano,2022-01-13T12:46:43+00:00,Strings Of Life,121750
Jessica Bailiff,2022-01-13T12:43:05+00:00,Your Ghost Is Not Enough,152126
Ingram Marshall,2022-01-13T12:29:56+00:00,September Canons,112234
Childish Japes,2022-01-13T12:26:03+00:00,Before You Die,152588
Bing & Ruth,2022-01-13T12:19:45+00:00,Starwood Choker,148294
Krycek & Wav Fuzz,2022-01-13T12:13:51+00:00,Ozone,152497
Shabaka Hutchings,2022-01-13T12:06:53+00:00,"Black Skin, Black Masks",153993
Ryuichi Sakamoto,2022-01-13T12:02:17+00:00,Riot in Lagos,119729
Judd Greenstein,2022-01-13T14:59:29+00:00,Change,121577
Carmen Villain,2022-01-13T20:58:21+00:00,Infinite Avenue,152520
Valgeir Sigurđsson,2022-01-13T20:55:52+00:00,Draumaland,117384
Jessica Meyer,2022-01-13T20:52:27+00:00,Source of Joy,142904
Bing & Ruth,2022-01-13T20:46:17+00:00,TWTGA,148296
Lovozero,2022-01-13T20:41:52+00:00,Solntse Vidit Vse,153704
Tim Hecker,2022-01-13T20:36:56+00:00,Obsidian Counterpoint,146239
itsnotyouitsme,2022-01-13T20:33:15+00:00,Kid Icarus,112673
Steve Reich,2022-01-13T20:26:28+00:00,Quartet: I. Fast,151880
Erik Griswold,2022-01-13T20:21:09+00:00,Wallpaper Music,137119
Ann Southam,2022-01-13T20:17:43+00:00,Glass Houses #1,142972
Rachel Grimes,2022-01-13T20:10:12+00:00,"The Clearing (Live from Merkin Concert Hall on February 10, 2016",145036
Carolyn Yarnell,2022-01-13T20:02:37+00:00,Lapis Lazuli,108955
Todd Terje,2022-01-13T19:57:55+00:00,Leisure Suit Preben,152519
Yann Tiersen,2022-01-13T19:54:50+00:00,Yuzin,148845
Philip Glass,2022-01-13T19:51:54+00:00,Japura River,151001
Bill Frisell,2022-01-13T19:47:42+00:00,Pretty Stars,152313
Rebecca Clarke,2022-01-13T19:40:26+00:00,Morpheus,152582
Tyondai Braxton,2022-01-13T19:34:01+00:00,ArpRec1,151098
Grouper,2022-01-13T19:29:19+00:00,Clearing,152402
Paola Prestini,2022-01-13T19:23:30+00:00,Sympathique,151593
John Adams,2022-01-13T19:18:49+00:00,Tourist Song,109250
Julia Wolfe,2022-01-13T19:13:00+00:00,Reeling,142746
Michael Gordon,2022-01-13T19:02:39+00:00,Clouded Yellow,151701
Jaimie Branch,2022-01-13T18:57:19+00:00,Theme 002,151822
Joanne Foreman,2022-01-13T18:51:56+00:00,Codex,152508
Kate Moore,2022-01-13T18:39:17+00:00,Sliabh Beagh,145014
Aphex Twin,2022-01-13T18:35:28+00:00,Fingerbib,148040
Andréa Daltro,2022-01-13T18:29:32+00:00,Kiuá,154490
Alexander Berne,2022-01-13T18:27:22+00:00,Four Instantiations,131806
Olga Bell,2022-01-13T18:24:20+00:00,Krasnoyarsk Krai,151549
Vessel,2022-01-13T18:22:09+00:00,Good Animal (For Hannah),154491
Missy Mazzoli,2022-01-13T18:12:15+00:00,Tooth and Nail,133613
Merrill Garbus,2022-01-13T18:05:27+00:00,Ansa Ya,130430
Molly Joyce,2022-01-13T17:58:20+00:00,Lean Back And Release,151553
Anna Meredith,2022-01-13T17:52:50+00:00,Nautilus,147726
Jacob Cooper,2022-01-13T17:44:35+00:00,Silver Threads III. Antique Windfall,138157
Dino J.A. Deane,2022-01-13T17:39:25+00:00,NB4,152505
Julia Holter,2022-01-13T17:32:44+00:00,Words I Heard,154110
Jon Hassell,2022-01-13T17:26:35+00:00,Dreaming,152870
Hannah Lash,2022-01-13T17:20:25+00:00,Stalk,144070
Arp,2022-01-13T17:10:49+00:00,Pastoral Symphony: I. Dominoes,152604
Marcos Balter,2022-01-13T17:05:04+00:00,Bladed Stance,139719
Peter Gregson,2022-01-13T17:00:01+00:00,Cycle,143784
Nils Frahm & Anne Müller,2022-01-13T16:54:43+00:00,Journey For A Traveller,154688
oOoOO & Islamiq Grrrls,2022-01-13T16:52:33+00:00,Jobim Goes Latenight,152559
Arooj Aftab,2022-01-13T16:47:21+00:00,Suroor,159026
Tim Hecker,2022-01-13T16:42:34+00:00,Borderlands,148800
Yasmin Williams,2022-01-13T16:36:52+00:00,After the Storm,158514
Ben Vince,2022-01-13T16:31:20+00:00,What I Can See [feat. Micachu],152504
Paula Matthusen,2022-01-13T16:27:05+00:00,in absentia,144129
Makaya McCraven,2022-01-13T16:17:55+00:00,Atlantic Black,153719
Johann Johannsson,2022-01-13T16:04:05+00:00,Fordlandia,143605
Photay,2022-01-13T16:00:04+00:00,Outré Lux,151627
Nico Muhly,2022-01-13T15:56:59+00:00,I Drink the Air Before Me: Music Under Pressure 1 - Flute,118652
C.J. Boyd & Sister Grotto,2022-01-13T15:49:59+00:00,Fratres (in heaven),153745
Emilie Levienaise-Farrouch,2022-01-13T15:46:08+00:00,Scale of Volatility,148043
Aya Nishina,2022-01-13T15:39:38+00:00,Ode To Infinity,136518
Vessel,2022-01-13T15:36:41+00:00,Arcanum (For Christalla),154494
Lambert,2022-01-13T15:33:31+00:00,Sweet Apocalpyse,148616
Kevin Volans,2022-01-13T15:27:53+00:00,Walking Song,108823
Ka Baird,2022-01-13T15:22:28+00:00,Tok Tru,152496
Colleen,2022-01-13T15:16:25+00:00,This Hammer Breaks,150541
Steve Reich,2022-01-13T15:13:07+00:00,Electric Counterpoint: 2. Slow,109231
Peter Gregson,2022-01-13T22:56:13+00:00,Time,143783
Stephen Scott,2022-01-13T22:48:43+00:00,Music One for Bowed Strings,114904
Paula Matthusen,2022-01-13T22:42:10+00:00,The Days are Nouns,144725
Haley Heynderickx,2022-01-13T22:38:21+00:00,The Bug Collector,151825
Espectrostatic,2022-01-13T22:35:07+00:00,Balete Drive,154071
The Hands Free,2022-01-13T22:30:14+00:00,It's She,152000
Laurie Spiegel,2022-01-13T22:24:43+00:00,Clockworks,131120
Caroline Shaw,2022-01-13T22:19:55+00:00,Partita for Eight Voices: Sarabande,130428
Dustin O'Halloran,2022-01-13T22:16:49+00:00,We Move Lightly,128730
Arooj Aftab,2022-01-13T22:09:06+00:00,Mohabbat,159027
TORRES,2022-01-13T22:04:08+00:00,Greener Stretch,152521
CEP,2022-01-13T22:01:10+00:00,Lilian's Pavilion,153082
Osvaldo Golijov,2022-01-13T21:55:27+00:00,Lúa Descolorida (Aria De Las Lágrimas De Pedro),159003
Oneohtrix Point Never,2022-01-13T21:51:54+00:00,Age Of,152998
Andy Akiho,2022-01-13T21:41:37+00:00,"three shades, foreshadows",129867
Julianna Barwick,2022-01-13T21:37:06+00:00,Someway,148835
Kara-Lis Coverdale,2022-01-13T21:32:39+00:00,Imgs/r,152479
Johann Johannsson,2022-01-13T21:30:39+00:00,The Theory of Everything: Forces of Attraction,148049
Dungen,2022-01-13T21:26:18+00:00,Jakten genom skogen,148985
Vijay Iyer,2022-01-13T21:19:01+00:00,Touba,159023
Satoshi & Makoto,2022-01-13T21:16:12+00:00,Flour,151846
Devonte Hynes,2022-01-13T21:02:38+00:00,There Was Nothing,159018
Peter Broderick,2022-01-13T23:58:38+00:00,Music for Falling from Trees: Part 6: Electroconvulsive shock,107678
Kara-Lis Coverdale,2022-01-14T04:57:28+00:00,Touch me & die,151239
Bryce Dessner,2022-01-14T04:55:04+00:00,Murder Ballades: Dark Holler,143692
Poppy Ackroyd,2022-01-14T04:50:10+00:00,Quail,153636
Thomas Bartlett and Nico Muhly,2022-01-14T04:46:05+00:00,Dominic,152674
Mica Levi,2022-01-14T04:40:55+00:00,Under the Skin: Love,152466
Makaya McCraven,2022-01-14T04:35:23+00:00,Young Genius,154055
Penguin Cafe,2022-01-14T04:30:11+00:00,Aurora,148787
John Martyn,2022-01-14T04:21:28+00:00,Small Hours,153982
María Huld Markan Sigfúsdóttir,2022-01-14T04:13:39+00:00,Spirals,154040
Ryuichi Sakamoto,2022-01-14T04:07:13+00:00,Hwit,119734
Valgeir Sigurđsson,2022-01-14T04:05:04+00:00,Draumaland,129324
Mr Twin Sister,2022-01-14T04:00:24+00:00,Echo Arms,153931
Missy Mazzoli,2022-01-14T03:55:11+00:00,Vespers for Violin (and Electronics),152256
Brian Byrne,2022-01-14T03:45:40+00:00,Saxophone Quartet no. 1,144034
Steve Reich,2022-01-14T03:41:38+00:00,Quartet: II. Slow,151881
Momo 'Wandel' Soumah,2022-01-14T03:34:00+00:00,Afro Blue,152663
Arvo Part,2022-01-14T03:28:45+00:00,Da Pacem Domine,146897
Shara Nova,2022-01-14T03:26:36+00:00,"A Paper, a pen, a note to a friend",123112
Judd Greenstein,2022-01-14T03:20:23+00:00,Sing Along,104508
Kaitlyn Aurelia Smith,2022-01-14T03:16:48+00:00,Wetlands,148140
Du Yun,2022-01-14T03:11:24+00:00,When a Tiger Meets a Rosa Rugosa,136236
Julianna Barwick,2022-01-14T03:05:43+00:00,Envelop,126243
Jherek Bischoff,2022-01-14T03:00:27+00:00,Closer to Closure,146222
Marcos Balter,2022-01-14T02:57:37+00:00,meltDown Upshot: 2. Parallel Spaces,148496
Vijay Iyer,2022-01-14T02:49:47+00:00,Dig The Say,140039
Tortoise,2022-01-14T02:42:12+00:00,Gesceap,148310
David Crowell,2022-01-14T02:38:29+00:00,Green Arrow,150066
Kris Davis,2022-01-14T02:28:04+00:00,Saturn Return,152661
Mathew Rosenblum,2022-01-14T02:21:06+00:00,Sharpshooter,136249
Philip Glass,2022-01-14T02:15:28+00:00,Madeira River,151003
Clogs,2022-01-14T02:09:09+00:00,Pencil Stick,148623
Jacob Cooper,2022-01-14T02:02:22+00:00,Silver Threads: II. Fame,138156
Zoe Keating,2022-01-14T01:56:22+00:00,Legions (War),121217
Bryce Dessner,2022-01-14T01:46:24+00:00,Aheym,135639
Max Richter,2022-01-14T01:40:56+00:00,Black Mirror: The Consolations of Philosophy,148617
Visible Cloaks - (Ft. Matt Carlson),2022-01-14T01:37:00+00:00,Neume,152394
Steve Reich,2022-01-14T01:27:27+00:00,Vermont Counterpoint,135545
Oneohtrix Point Never,2022-01-14T01:23:11+00:00,Boring Angel,148301
Daniel Wohl,2022-01-14T01:18:38+00:00,Neighborhood,134470
Nick Hakim,2022-01-14T01:14:31+00:00,Bet She Looks Like You,152587
Sarah Neufeld,2022-01-14T01:11:34+00:00,And Still They Move,150040
Julia Holter,2022-01-14T01:06:09+00:00,Marienbad,148298
Dan Deacon,2022-01-14T01:02:40+00:00,Rat Film: Rat Poison,153360
Kayhan Kalhor,2022-01-14T00:57:37+00:00,Gallop of a Thousand Horses,109195
Jónsi & Alex,2022-01-14T00:50:18+00:00,Atlas Song,120080
Sarah Davachi,2022-01-14T00:40:57+00:00,For Voice,151689
Richard Reed Parry,2022-01-14T00:35:47+00:00,The Brief and Neverending Blur,150926
Shara Nova,2022-01-14T00:29:11+00:00,An Unknown Distance Yet to Run,152463
Meredith Monk,2022-01-14T00:27:10+00:00,Impermanence: Maybe 1,112757
Eli Keszler,2022-01-14T00:22:18+00:00,Enter the Brist,154529
Okkyung Lee,2022-01-14T00:16:09+00:00,One Hundred Years Old Rain (The Same River Twice),128102
Jack and Eliza,2022-01-14T00:12:48+00:00,Hold the Line,152529
Glasser,2022-01-14T00:08:42+00:00,Home,153079
Catrin Finch & Seckou Keita,2022-01-14T00:02:45+00:00,Hinna-Djulo,153513
