artist,start_time,title,uid
Resina,2022-01-15T05:57:42+00:00,Trigger,153750
Ryuichi Sakamoto,2022-01-15T11:59:33+00:00,andata (Oneohtrix Point Never Remix),153083
Caroline Shaw,2022-01-15T11:53:42+00:00,Partita for Eight Voices: Passacaglia,130418
Alice Coltrane,2022-01-15T11:50:39+00:00,Wisdom Eye,153983
John Zorn,2022-01-15T11:46:45+00:00,Kochot,154503
Simone Forti,2022-01-15T11:45:33+00:00,Dammi Dammi Quel Fazzolettino (folk song),152757
Keith Jarrett,2022-01-15T11:20:10+00:00,The Koln Concert: Part 1,100433
Hildigunnur Rúnarsdóttir,2022-01-15T11:15:18+00:00,Vocalise,116086
Steve Reich,2022-01-15T11:03:32+00:00,Cello Counterpoint,106794
Loren Connors,2022-01-15T10:58:56+00:00,Blues No. 4,154104
Son Lux,2022-01-15T10:51:19+00:00,Beautiful Mechanical,123107
Eve Beglarian,2022-01-15T10:40:44+00:00,Until It Blazes,113095
Fiona Brice,2022-01-15T10:36:15+00:00,Berlin,152121
Brian Eno,2022-01-15T10:28:04+00:00,Kites I,152527
Moses Sumney,2022-01-15T10:24:58+00:00,Worth It,153855
Paul Bley Trio,2022-01-15T10:22:00+00:00,Ida Lupino,153987
Sarah Neufeld,2022-01-15T10:17:09+00:00,Chase the Bright and Burning,147782
OneMind,2022-01-15T10:11:26+00:00,"Piano, Vocal, Drum",152756
Laurel Halo,2022-01-15T10:08:54+00:00,Quietude,153851
Nico Muhly,2022-01-15T10:01:30+00:00,Motion,122386
Elza Soares,2022-01-15T09:56:37+00:00,Mulher do fim do mundo,154793
Ryoji Ikeda,2022-01-15T09:46:33+00:00,data.matrix,138117
David Crowell,2022-01-15T09:43:54+00:00,Echolocation,150529
Antonio Vivaldi,2022-01-15T09:40:20+00:00,WINTER - Low Light,152992
Caleb Burhans,2022-01-15T09:32:52+00:00,Keymaster,119350
Lei Liang,2022-01-15T09:30:03+00:00,Mountains Gradually Draw Closer,154402
Qasim Naqvi,2022-01-15T09:28:27+00:00,Aligned,150253
Sarah Kirkland Snider,2022-01-15T09:19:41+00:00,Daughter of the Waves,123111
Marcus Fischer & Simon Scott,2022-01-15T09:10:21+00:00,Thorns,153857
Kuniyuki Takahashi,2022-01-15T09:04:55+00:00,Asia,152748
Visible Cloaks,2022-01-15T09:01:32+00:00,Valve,151121
Vijay Iyer,2022-01-15T08:55:15+00:00,Far From Over,152724
Jon Hassell,2022-01-15T08:47:47+00:00,Caravanesque,152879
Minyeshu,2022-01-15T08:42:58+00:00,Yetal (Where is it),153912
Christine Delphine Hedden,2022-01-15T08:37:45+00:00,Kitchen Dance,154664
Battles,2022-01-15T08:33:08+00:00,Ice Cream (Featuring Matias Aguayo),152592
Aleksandra Vrebalov,2022-01-15T08:30:51+00:00,The Sea Ranch Songs: Fort Ross Chorale,146787
LOMA,2022-01-15T08:25:11+00:00,Dark Oscillations,154062
Clogs,2022-01-15T08:22:31+00:00,5/4,119326
Rachel Grimes,2022-01-15T08:17:45+00:00,In the Vapor with the Air Underneath,149004
Sufjan Stevens,2022-01-15T08:13:39+00:00,The Human Plague,139730
Sugai Ken,2022-01-15T08:09:39+00:00,Sasadaruma,152744
Wally Gunn,2022-01-15T08:04:49+00:00,The Fence Is Gone,142560
Explosions in the Sky,2022-01-15T08:01:09+00:00,"So Long, Lonesome",149010
Tim Brady,2022-01-15T07:52:53+00:00,Désir: Concerto for Electric Guitar and Large Ensemble: Mvt. 1,154284
Steve Reich,2022-01-15T07:41:36+00:00,Tehillim: Part 1,147586
Tyondai Braxton,2022-01-15T07:31:09+00:00,Platinum Rows,121376
Jennifer Jolley,2022-01-15T07:27:55+00:00,"Prisoner of Conscience, V. Police and Thieves",152385
The Comet Is Coming,2022-01-15T07:21:17+00:00,Start Running,152560
Ryuichi Sakamoto,2022-01-15T07:17:25+00:00,Solari,150042
Bell Orchestre,2022-01-15T07:11:11+00:00,Icicles / Bicycles,149000
Aphex Twin,2022-01-15T07:09:06+00:00,Avril 14th,148041
Anna + Elizabeth,2022-01-15T07:02:58+00:00,Irish Patriot,152741
Padma Newsome,2022-01-15T06:59:48+00:00,All Hollowed Out,153826
Caroline Shaw,2022-01-15T06:57:51+00:00,Plan & Elevation: IV. The Orangery,154686
Threefifty,2022-01-15T06:53:20+00:00,Crossing State Lines,148982
Helado Negro,2022-01-15T06:49:50+00:00,Persona Facil,152087
John Zorn,2022-01-15T06:46:52+00:00,Bikkurim,154502
Mahsa Vahdat,2022-01-15T06:43:42+00:00,I Was Dead,154727
Hania Rani,2022-01-15T06:38:46+00:00,Dunkel,159046
Pauline Oliveros,2022-01-15T06:32:43+00:00,Crossing the Sands,151894
Philip Glass,2022-01-15T06:27:31+00:00,Etude 6,140883
Kate Moore,2022-01-15T06:24:13+00:00,Spin Bird,121273
Gwenifer Raymond,2022-01-15T06:18:21+00:00,Hell For Certain,158696
Chris Morrissey,2022-01-15T06:12:40+00:00,The Inventor,152732
Nicole Lizee,2022-01-15T06:08:22+00:00,"Girl, You're Living a Life of Crime",119231
Susan Alcorn,2022-01-15T06:02:39+00:00,Pedernal,158329
Jason Treuting,2022-01-15T13:56:47+00:00,July,105765
Four Tet,2022-01-15T13:52:35+00:00,Two Thousand and Seventeen,150686
Francesco Cavaliere,2022-01-15T13:47:56+00:00,xilo fiaba que sta e resta,152760
John Hollenbeck,2022-01-15T13:42:52+00:00,Joys & Desires #3 - The Garden of Love,159030
Caleb Burhans,2022-01-15T13:37:15+00:00,Remembrance,146528
Mica Levi,2022-01-15T13:34:16+00:00,Creation,159011
Khruangbin,2022-01-15T13:30:15+00:00,Evan Finds The Third Room,153856
Sarah Neufeld,2022-01-15T13:26:45+00:00,Forcelessness,135934
iboukle Martinaityte,2022-01-15T13:13:42+00:00,Millefleur,158600
John Adams,2022-01-15T13:01:23+00:00,Sri Moonshine,131687
Laurel Halo,2022-01-15T12:59:47+00:00,Out,148047
Nils Frahm,2022-01-15T12:56:16+00:00,Keep,125894
Quest Ensemble,2022-01-15T12:51:15+00:00,Pizz Trance,158432
Jakub Ciupinski,2022-01-15T12:45:23+00:00,The Architect's Brother,125181
Franco Battiato,2022-01-15T12:40:09+00:00,No U Turn,152758
Yann Tiersen,2022-01-15T12:36:11+00:00,Penn ar Lann,148820
Sarah Davachi,2022-01-15T12:30:43+00:00,Evensong,153722
Frank Zappa,2022-01-15T12:27:10+00:00,G-Spot Tornado,146043
Arp,2022-01-15T12:20:16+00:00,Nzuku,153085
Trio Chemirani,2022-01-15T12:14:59+00:00,Synkathistos,153535
Darcy James Argue,2022-01-15T12:07:59+00:00,Transit,119372
Esmerine,2022-01-15T12:04:05+00:00,Translator's Clos I,153541
Hanna Benn,2022-01-15T14:56:30+00:00,Unfasten,151820
Laraaji,2022-01-15T20:57:26+00:00,Through Luminous Eyes 4,158332
Tan Dun,2022-01-15T20:52:38+00:00,Water Spirit,125173
Mary Lattimore,2022-01-15T20:42:12+00:00,Wawa By The Ocean,153547
Julianna Barwick,2022-01-15T20:36:46+00:00,Forever,148839
Henrique Eisenmann,2022-01-15T20:30:03+00:00,Sarabande No. 2,153533
Kayhan Kalhor,2022-01-15T20:25:12+00:00,Gallop of a Thousand Horses,108407
Johann Johannsson,2022-01-15T20:18:45+00:00,Flight from the City,147948
Vula Viel,2022-01-15T20:16:10+00:00,Breathe the Air,154610
Kaitlyn Aurelia Smith,2022-01-15T20:11:32+00:00,First Flight,148139
Sonnymoon,2022-01-15T20:09:00+00:00,Time,152675
Visible Cloaks,2022-01-15T20:06:45+00:00,Transient,153853
John Adams,2022-01-15T20:02:12+00:00,China Gates,103472
Vivian Fung,2022-01-15T19:51:33+00:00,Glimpses,129676
Tigue,2022-01-15T19:46:47+00:00,Dress Well,152650
John Mackey,2022-01-15T19:40:47+00:00,Sheltering Sky,148553
Nils Frahm,2022-01-15T19:37:39+00:00,Said and Done,116415
Jonathan Fitoussi,2022-01-15T19:30:54+00:00,Labyrinths,151906
Thom Yorke,2022-01-15T19:27:32+00:00,Suspirium,153646
Amiina,2022-01-15T19:22:48+00:00,Sexfaldur,147781
Kelly Moran,2022-01-15T19:19:45+00:00,Autowave,154448
Henry Threadgill,2022-01-15T19:11:06+00:00,Clear and Distinct,152766
Mica Levi,2022-01-15T19:03:45+00:00,Alien Loop,159015
Padma Newsome,2022-01-15T18:57:41+00:00,Pencil Stick,119336
Osvaldo Golijov,2022-01-15T18:53:23+00:00,The Man Who Cried: Close Your Eyes,137772
Caroline Shaw,2022-01-15T18:44:25+00:00,Partita for Eight Voices: Courante,130422
Motion Graphics,2022-01-15T18:41:13+00:00,Mezzotint Gliss (instrumental),153391
Valgeir Sigurđsson,2022-01-15T18:36:32+00:00,"Cold Ground, Hot II",117386
Edgar Meyer,2022-01-15T18:32:33+00:00,1B,138280
Colin Stetson,2022-01-15T18:29:11+00:00,Home,121987
Kaija Saariaho,2022-01-15T18:26:42+00:00,"Cloud Trio - I. Calmo, medtitato",154391
Leah Kardos,2022-01-15T18:24:07+00:00,Malio Malio,150315
Sam Gendel and Sam Wilkes,2022-01-15T18:20:34+00:00,THEEM AND VARIATIONS,154450
James 'creole' Thomas,2022-01-15T18:16:37+00:00,Lead By No One,152762
A Winged Victory for the Sullen,2022-01-15T18:12:17+00:00,Long May It Sustain,151910
Meg Baird & Mary Lattimore,2022-01-15T18:06:11+00:00,Between Two Worlds,154449
Phil Kline,2022-01-15T18:02:00+00:00,The Blue Room: Tarantella,107234
Dan Deacon,2022-01-15T17:58:48+00:00,Rat Film: Calhoun,153359
Bill Frisell,2022-01-15T17:52:15+00:00,Rambler,152049
Susumu Yokota,2022-01-15T17:48:21+00:00,Blue Sky and Yellow Sunflower,151980
Olafur Arnalds,2022-01-15T17:42:17+00:00,re:member,153599
Sufjan Stevens,2022-01-15T17:38:38+00:00,Year of the Tiger,100299
Penguin Cafe,2022-01-15T17:34:14+00:00,Solaris,148786
Lubomyr Melnyk,2022-01-15T17:26:41+00:00,Son Of Parasol,154320
Ólafur Arnalds,2022-01-15T17:23:11+00:00,Another Happy Day: Poland,136808
Skee Mask,2022-01-15T17:17:42+00:00,50 Euro to Break Boost,152755
David Bowie (with Brian Eno),2022-01-15T17:11:20+00:00,Warszawa,151964
Zoe Keating,2022-01-15T17:08:04+00:00,Possible,153472
Julianna Barwick,2022-01-15T17:03:57+00:00,The Magic Place,151963
Daniel Lanois,2022-01-15T16:59:48+00:00,Satie,148622
Nico Muhly,2022-01-15T16:52:26+00:00,Flexible Music,110746
Julianna Barwick & Ikue Mori,2022-01-15T16:43:06+00:00,Rejoinder,154097
Massive Attack,2022-01-15T16:40:34+00:00,Danny the Dog: Two Rocks and a Cup of Water,136931
Holger Czukay,2022-01-15T16:36:13+00:00,Ode to Perfume,152393
Dexter Story,2022-01-15T16:33:13+00:00,Eastern Prayer ft. Nia Andrews,150046
Glasser,2022-01-15T16:29:33+00:00,Mirrorage,151962
Zeena Parkins,2022-01-15T16:25:00+00:00,Coda,152268
SW:SVN,2022-01-15T16:20:12+00:00,tx 77 hinten,152754
Sons of Kemet,2022-01-15T16:14:32+00:00,My Queen Is Harriet Tubman,151939
Stella Chiweshe,2022-01-15T16:05:28+00:00,Ndabaiwa,151943
Osvaldo Golijov,2022-01-15T16:01:17+00:00,Youth Without Youth: Youth Without Youth,136900
Die Knoedel,2022-01-15T15:58:22+00:00,In The Red Currants (In Die Ribisl),154654
Meredith Monk,2022-01-15T15:54:20+00:00,Songs of Ascension: Spring Variation,123081
Mica Levi,2022-01-15T15:51:44+00:00,Mirror to Vortex,159012
Valgeir Sigurđsson,2022-01-15T15:47:58+00:00,Dreamland,117379
Alcest,2022-01-15T15:41:42+00:00,Souvenirs d'un autre monde,152325
Rahim AlHaj,2022-01-15T15:35:06+00:00,A Gift From a Sufi Soul,152831
Merrill Garbus,2022-01-15T15:31:24+00:00,Quizassa,130427
Philip Glass,2022-01-15T15:23:52+00:00,Metamorphosis Two: Flowing,132381
Muslimgauze,2022-01-15T15:15:57+00:00,Stars of Golan Heights,152751
Clogs,2022-01-15T15:12:23+00:00,Fiddlegree,119331
Astor Piazzolla,2022-01-15T15:02:30+00:00,Tango Suite,100007
Aaron Dessner,2022-01-15T22:57:10+00:00,Transpecos: Final Theme,148582
Valgeir Sigurđsson,2022-01-15T22:55:01+00:00,Draumaland,129324
7FO,2022-01-15T22:50:14+00:00,Moment,152337
Steve Reich,2022-01-15T22:44:07+00:00,Dance Patterns,123453
Sufjan Stevens,2022-01-15T22:40:59+00:00,The BQE: Part 6,105069
David Crowell,2022-01-15T22:37:10+00:00,Poly Rush,150530
Dave Holland,2022-01-15T22:34:30+00:00,QW5,152767
Kelly Lee Owens,2022-01-15T22:29:16+00:00,Bird,151981
Nils Frahm,2022-01-15T22:22:13+00:00,A Place,150532
Terry Riley,2022-01-15T22:14:34+00:00,Across the Lake of the Ancient Word,151966
The Dead Texan,2022-01-15T22:08:50+00:00,"A Chronicle of Early Failures, Part 1",152032
Marcos Balter,2022-01-15T21:59:46+00:00,Pessoa,135546
Jessika Kenney,2022-01-15T21:54:20+00:00,Her Sword II,152576
Dustin O'Halloran,2022-01-15T21:52:11+00:00,"An Ending, A Beginning",152251
ADR,2022-01-15T21:47:13+00:00,Open Invitation,151786
Zoe Keating,2022-01-15T21:43:20+00:00,Icefloe,153470
Henryk Gorecki,2022-01-15T21:33:57+00:00,"Symphony No. 3, Op. 36, ""Symphony of Sorrowful Songs"": 2. Lento e largo - tranquillissimo",123403
Philip Glass,2022-01-15T21:25:43+00:00,Piano Concerto No. 3: Movement I,152053
Simone Forti,2022-01-15T21:24:27+00:00,Dal Di La (1972),152759
The Hands Free,2022-01-15T21:17:46+00:00,Lost Halo,151990
David Lang,2022-01-15T21:04:59+00:00,Just (After Song of Songs),151804
Beverly Glenn-Copeland,2022-01-15T23:56:37+00:00,Ever New,152577
Gemma Peacocke,2022-01-16T04:55:00+00:00,Love,154599
Christopher Tignor,2022-01-16T04:49:56+00:00,Electricity Turns Them On,127087
The Hands Free,2022-01-16T04:45:31+00:00,Kellam's Reel/Rusty Gully,151986
Meredith Monk,2022-01-16T04:40:25+00:00,Impermanence: Mieke's Melody #5,105999
Kraftwerk,2022-01-16T04:35:59+00:00,Franz Schubert,153984
Jon Hassell,2022-01-16T04:32:51+00:00,Slipstream,152880
Philip Glass; Ravi Shankar (composition for sitar),2022-01-16T04:22:28+00:00,Brazil,129635
Kaitlyn Aurelia Smith,2022-01-16T04:17:31+00:00,Envelop,148141
Vijay Iyer,2022-01-16T04:09:27+00:00,Historicity,159021
Blood Orange,2022-01-16T04:04:19+00:00,It is What It Is,153084
Philip Glass,2022-01-16T03:41:52+00:00,Kundun: Selections,105181
Nicholas Britell,2022-01-16T03:39:52+00:00,Moonlight: The Middle of the World,149274
Beverly Glenn-Copeland,2022-01-16T03:32:19+00:00,Ghost House,152578
Motion Graphics,2022-01-16T03:28:32+00:00,Anyware,153384
Seabuckthorn,2022-01-16T03:25:12+00:00,What the Shepherds Call Ghosts,152733
Dan Deacon,2022-01-16T03:22:33+00:00,Rat Film: Pelican,153354
Michael Gordon,2022-01-16T03:12:13+00:00,River,151748
Ballaké Sissoko & Vincent Segal,2022-01-16T03:06:33+00:00,Oscarine,148628
Terry Riley,2022-01-16T03:00:17+00:00,Counting in C,112254
Ellen Fullman,2022-01-16T02:55:59+00:00,Change Of Direction,152145
Public Service Broadcasting,2022-01-16T02:51:13+00:00,People Will Always Need Coal,152208
Padma Newsome,2022-01-16T02:46:48+00:00,To Hugo,119571
Duncan Bellamy,2022-01-16T02:42:24+00:00,Endless,153459
Laurel Halo,2022-01-16T02:39:23+00:00,Years,152257
Mary Lattimore,2022-01-16T02:35:12+00:00,The Quiet at Night,149277
Colin Jacobsen,2022-01-16T02:24:38+00:00,"Beloved, do not let me be discouraged",102458
Ryan Francis,2022-01-16T02:19:40+00:00,"Etudes for Piano, 6. Loop",137784
Mountain Man,2022-01-16T02:17:37+00:00,Babylon,152796
Meredith Monk,2022-01-16T02:14:33+00:00,Ellis Island,154768
Jon Hopkins,2022-01-16T02:08:59+00:00,Feel First Life,153375
Jacob Cooper,2022-01-16T01:59:47+00:00,Clifton Gates,124415
Nick Zammuto,2022-01-16T01:54:59+00:00,Fast Pasture,121194
Philippe Petit,2022-01-16T01:48:48+00:00,Lenox Avenue Tintinnabulum,153746
Julianna Barwick,2022-01-16T01:45:15+00:00,One Half,148841
Leah Kardos,2022-01-16T01:42:32+00:00,The Calm Work,150316
Henrique Eisenmann,2022-01-16T01:34:12+00:00,Jeneupti,153530
Dirty Projectors,2022-01-16T01:30:15+00:00,Break-Thru,152793
Julia Holter,2022-01-16T01:17:56+00:00,"Memory Drew Her Portrait (Live from Merkin Concert Hall on February 25, 2015)",141935
Masayoshi Fujita,2022-01-16T01:13:52+00:00,Spaceship Magical,153021
Jim O'Rourke,2022-01-16T01:02:24+00:00,I'm Happy,120076
Helado Negro,2022-01-16T00:58:40+00:00,Transmission Listen,153405
Zoe Keating,2022-01-16T00:53:21+00:00,Nix,153473
Moondog (Louis Hardin),2022-01-16T00:47:14+00:00,Rabbit Hop,112815
Johann Hieronymus Kapsburger,2022-01-16T00:45:10+00:00,Kapsburger,119324
Kaitlyn Aurelia Smith,2022-01-16T00:41:03+00:00,Yugoslavia,152810
Arvo Part,2022-01-16T00:30:57+00:00,Tabula rasa: Ludus,115837
Mica Levi,2022-01-16T00:24:16+00:00,Lipstick to Void,159013
Steve Reich,2022-01-16T00:19:40+00:00,Duet,106562
Javonntte,2022-01-16T00:14:05+00:00,Searching (Vocal Mix),152769
Damon Locks - Black Monument Ensemble,2022-01-16T00:08:10+00:00,The Colors That You Bring,158651
Gossamer,2022-01-16T00:03:55+00:00,III. Encounter,153089
