artist,start_time,title,uid
Jerusalem In My Heart,2022-01-07T11:57:19+00:00,A Granular Buzuk,153505
Philip Glass,2022-01-07T11:49:05+00:00,Piano Concerto No. 3: Movement I,152053
Julia Holter,2022-01-07T11:44:41+00:00,FuŚęr Felix,150065
David Lang,2022-01-07T11:31:54+00:00,Just (After Song of Songs),151804
TootArd,2022-01-07T11:28:00+00:00,Laissez Passer,153501
Explosions in the Sky,2022-01-07T11:24:19+00:00,"So Long, Lonesome",149010
Miguel Zenón,2022-01-07T11:16:53+00:00,Rosario,153628
Tortoise,2022-01-07T11:09:18+00:00,Gesceap,148310
Olafur Arnalds,2022-01-07T11:03:15+00:00,re:member,153599
Devonte Hynes,2022-01-07T11:01:20+00:00,Palo Alto: Big Game,148794
Foday Musa Suso,2022-01-07T10:56:58+00:00,Sunset,116867
Steve Reich,2022-01-07T10:50:51+00:00,Dance Patterns,123453
Julianna Barwick,2022-01-07T10:47:59+00:00,Adventurer of the Family,148837
Johann Johannsson,2022-01-07T10:41:33+00:00,Flight from the City,147948
Hatis Noit,2022-01-07T10:37:37+00:00,Anagram c.i.y,153607
Qasim Naqvi,2022-01-07T10:36:01+00:00,Aligned,150253
Ryuichi Sakamoto,2022-01-07T10:29:35+00:00,Hwit,119734
Nils Frahm,2022-01-07T10:25:50+00:00,Ambre,116410
Jon Hopkins,2022-01-07T10:20:01+00:00,Recovery,153380
Bryce Dessner,2022-01-07T10:17:37+00:00,Murder Ballades: Dark Holler,143692
John Adams,2022-01-07T10:01:48+00:00,Hallelujah Junction,130273
Andy Cartwright,2022-01-07T09:58:03+00:00,It Was Aglow,152042
Colleen,2022-01-07T09:54:03+00:00,Eclipse,150537
David Crowell,2022-01-07T09:50:14+00:00,Poly Rush,150530
Judd Greenstein,2022-01-07T09:42:32+00:00,First Ballade,127687
Fiona Brice,2022-01-07T09:38:03+00:00,Berlin,152121
Max Richter,2022-01-07T09:34:06+00:00,Vladimir's Blues (Jlin Remix),154279
Sarah Neufeld,2022-01-07T09:29:16+00:00,Chase the Bright and Burning,147782
Penguin Cafe,2022-01-07T09:24:18+00:00,Aurora,148787
Caleb Burhans,2022-01-07T09:18:41+00:00,Remembrance,146528
Chancha Via Circuito,2022-01-07T09:14:12+00:00,Kawa Kawa (feat. Kaleema),153544
John Mills-Cockell,2022-01-07T09:08:59+00:00,Hollywood Dream Trip,151113
Hauschka,2022-01-07T09:04:51+00:00,Constant Growth Fails,148317
Zoe Keating,2022-01-07T08:59:47+00:00,Flying and Flocking,121236
Goran Bregovic,2022-01-07T08:54:34+00:00,Underground Tango,153808
Brad Wells,2022-01-07T08:45:29+00:00,Render,142563
Aphex Twin,2022-01-07T08:43:24+00:00,Avril 14th,148041
Dan Deacon,2022-01-07T08:40:09+00:00,Rat Film: Rat Poison,153360
Susan Alcorn,2022-01-07T08:34:26+00:00,Pedernal,158329
Hania Rani,2022-01-07T08:28:44+00:00,Malasana,159045
Peter Broderick,2022-01-07T08:24:46+00:00,Music for Falling from Trees: Part 6: Electroconvulsive shock,107678
Esmerine,2022-01-07T08:18:55+00:00,19/14,153543
Bill Frisell,2022-01-07T08:14:42+00:00,Pretty Stars,152313
Anna Clyne,2022-01-07T08:09:24+00:00,Beware Of,119353
Owen Pallett,2022-01-07T08:05:30+00:00,Chorale,142542
Stephen Scott,2022-01-07T07:58:15+00:00,Music One for Bowed Strings,114904
Nico Muhly,2022-01-07T07:50:51+00:00,Motion,122386
Meredith Monk,2022-01-07T07:48:05+00:00,Songs of Ascension: Clusters 2,123099
Dawn of Midi,2022-01-07T07:42:03+00:00,Io,153542
Gemma Peacocke,2022-01-07T07:37:38+00:00,Bees,154528
Issam Rafea and Gao Hong,2022-01-07T07:33:13+00:00,Chasing Butterflies,153531
Jon Hopkins,2022-01-07T07:21:13+00:00,Luminous Beings,153379
Ryuichi Sakamoto,2022-01-07T07:16:34+00:00,Still Life,119735
Philip Glass,2022-01-07T07:09:11+00:00,Etude 2,140879
Sarah Davachi,2022-01-07T06:59:36+00:00,For Voice,151689
Pawel Mykietyn,2022-01-07T06:55:02+00:00,Krum 2,140636
Collectress,2022-01-07T06:51:32+00:00,Woodenheart,153536
Eli Keszler,2022-01-07T06:46:40+00:00,Enter the Brist,154529
Steve Reich,2022-01-07T06:39:41+00:00,Electric Counterpoint: 1. Fast,128505
Sven Helbig,2022-01-07T06:37:00+00:00,Abendgluhen,146426
Nirmala Rajasekar - Maithree,2022-01-07T06:31:36+00:00,Mary O'Neil,153849
Espectrostatic,2022-01-07T06:28:22+00:00,Balete Drive,154071
Gwenifer Raymond,2022-01-07T06:22:32+00:00,Gwaed am Gwaed,158699
Damon Locks - Black Monument Ensemble,2022-01-07T06:15:53+00:00,Now (Forever Momentary Space),158653
Terry Riley,2022-01-07T06:10:37+00:00,Zinc,112253
Glenn Kotche,2022-01-07T06:03:13+00:00,Wild Sound Part 4,154045
"Daniel Wohl, recomposer",2022-01-07T13:55:47+00:00,Extra Pressure (Remix of Partita by Caroline Shaw),152714
Rick Baitz,2022-01-07T13:40:48+00:00,Hall of Mirrors,153683
Andy Cartwright,2022-01-07T13:37:05+00:00,Figure Afar,152040
Dustin O'Halloran,2022-01-07T13:34:56+00:00,"An Ending, A Beginning",152251
Sufjan Stevens,2022-01-07T13:27:32+00:00,Planetarium: Mars,150069
John Luther Adams,2022-01-07T13:17:35+00:00,...and Bells Remembered,122050
Meredith Monk,2022-01-07T13:13:33+00:00,Songs of Ascension: Spring Variation,123081
A Winged Victory for the Sullen,2022-01-07T13:07:19+00:00,"We Played Some Open Chords and Rejoiced, for the Earth Had Circled the Sun Yet Another Year",148291
Arvo Part,2022-01-07T12:57:13+00:00,Tabula rasa: Ludus,115837
David Kirkland Garner,2022-01-07T12:50:42+00:00,The Sky Was Good for Flying,154282
Gossamer,2022-01-07T12:46:27+00:00,III. Encounter,153089
Christina Vantzou,2022-01-07T12:41:00+00:00,Some Limited and Waning Memory,152028
Mary Lattimore,2022-01-07T12:37:29+00:00,Hello From the Edge of the Earth,153546
Okonkolo,2022-01-07T12:32:38+00:00,Wolenche Por Chango,153631
Judd Greenstein,2022-01-07T12:26:35+00:00,Sing Along,104508
Henrique Eisenmann,2022-01-07T12:18:14+00:00,Jeneupti,153530
Brian Eno,2022-01-07T12:15:06+00:00,The Big Ship,138115
Nick Cave,2022-01-07T12:08:20+00:00,Song Of Joy,154072
Zoe Keating,2022-01-07T12:04:27+00:00,Icefloe,153470
David Lang,2022-01-07T14:59:36+00:00,"Amjad ""Sleeping Panorama""",119951
Mica Levi,2022-01-07T20:56:54+00:00,Under the Skin: Love,152466
Taylor Deupree & Marcus Fischer,2022-01-07T20:51:29+00:00,On Branches,152030
Valgeir Sigurđsson,2022-01-07T20:49:20+00:00,Draumaland,129324
Brian Byrne,2022-01-07T20:39:50+00:00,Saxophone Quartet no. 1,144034
Olafur Arnalds,2022-01-07T20:36:00+00:00,ypsilon,153601
Tristan Perich,2022-01-07T20:28:47+00:00,Telescope,144545
Steve Reich,2022-01-07T20:24:11+00:00,Duet,106562
Mathew Rosenblum,2022-01-07T20:17:12+00:00,Sharpshooter,136249
David Crowell,2022-01-07T20:14:33+00:00,Echolocation,150529
Doctor Nativo,2022-01-07T20:10:32+00:00,Guatemaya,153713
Sarah Neufeld,2022-01-07T20:07:35+00:00,And Still They Move,150040
Sufjan Stevens,2022-01-07T20:03:29+00:00,The Human Plague,139730
David West,2022-01-07T19:57:37+00:00,Polar Light,149318
Mary Lattimore,2022-01-07T19:47:11+00:00,Wawa By The Ocean,153547
Gavin Bryars,2022-01-07T19:43:40+00:00,The Fifth Century: Eternity Magnifies Our Joys Exceedingly,151649
Jakub Ciupinski,2022-01-07T19:36:21+00:00,Continuum: Second Movement,125043
Nick Zammuto,2022-01-07T19:31:34+00:00,Fast Pasture,121194
Missy Mazzoli,2022-01-07T19:23:20+00:00,"Dissolve, O My Heart",130632
Julianna Barwick,2022-01-07T19:19:47+00:00,One Half,148841
Tim Hecker,2022-01-07T19:15:29+00:00,Music of the Air,146246
Johann Hieronymus Kapsburger,2022-01-07T19:13:26+00:00,Kapsburger,119324
Bobby Previte,2022-01-07T19:09:58+00:00,When I Land,151128
Henrique Eisenmann,2022-01-07T19:03:15+00:00,Sarabande No. 2,153533
Robert Honstein,2022-01-07T18:58:25+00:00,Bow Lines,153688
Brian Eno,2022-01-07T18:48:40+00:00,"Discreet Music, part I",144467
Zoe Keating,2022-01-07T18:43:20+00:00,Nix,153473
Richard Reed Parry,2022-01-07T18:38:44+00:00,Duet for Heart and Breath,139134
Pawel Mykietyn,2022-01-07T18:35:40+00:00,Krum,140634
David Lang,2022-01-07T18:25:29+00:00,increase,151712
Molly Joyce,2022-01-07T18:18:52+00:00,Shapeshifter,151626
Valgeir Sigurđsson,2022-01-07T18:15:07+00:00,Dreamland,117379
Glenn Kotche,2022-01-07T18:09:35+00:00,The Traveling Turtle,137651
Philip Glass,2022-01-07T18:02:03+00:00,Metamorphosis Two: Flowing,132381
Terry Riley,2022-01-07T17:56:22+00:00,Dark Queen Mantra: I. Vizcaino,150195
John Adams,2022-01-07T17:44:03+00:00,Sri Moonshine,131687
Padma Newsome,2022-01-07T17:40:06+00:00,and the birds in the trees say...,153825
Matana Roberts,2022-01-07T17:35:55+00:00,Amma Jerusalem School,151624
Astor Piazzolla,2022-01-07T17:26:03+00:00,Tango Suite,100007
Sufjan Stevens,2022-01-07T17:21:21+00:00,The BQE: Part 3,104741
Panda Bear,2022-01-07T17:17:08+00:00,Boys Latin,148304
Rahim AlHaj,2022-01-07T17:10:32+00:00,A Gift From a Sufi Soul,152831
Max Richter,2022-01-07T17:03:45+00:00,Berlin By Overnight,148790
Kaitlyn Aurelia Smith,2022-01-07T16:59:06+00:00,First Flight,148139
Maria Huld Markan Sigfusdottir,2022-01-07T16:48:54+00:00,Sleeping Pendulum,143599
Sarah Neufeld,2022-01-07T16:45:25+00:00,Forcelessness,135934
Jerusalem In My Heart,2022-01-07T16:40:21+00:00,Bein Ithnein,153506
Marcus Fischer & Simon Scott,2022-01-07T16:31:01+00:00,Thorns,153857
Hollas Longton,2022-01-07T16:25:00+00:00,How To Get To Arnhem,153800
Dustin O'Halloran,2022-01-07T16:21:54+00:00,We Move Lightly,128730
Aphex Twin,2022-01-07T16:18:20+00:00,4,119241
Arvo Part,2022-01-07T16:12:50+00:00,Da Pacem Domine,146897
Deradoorian,2022-01-07T16:08:50+00:00,Mountainside,152467
Nils Frahm,2022-01-07T16:01:47+00:00,A Place,150532
Julianna Barwick,2022-01-07T15:56:06+00:00,Envelop,126243
Four Tet,2022-01-07T15:51:54+00:00,Two Thousand and Seventeen,150686
Jonny Greenwood,2022-01-07T15:49:29+00:00,Phantom Thread: Catch Hold,151652
Caleb Burhans,2022-01-07T15:42:01+00:00,Keymaster,119350
Bryce Dessner,2022-01-07T15:32:03+00:00,Aheym,135639
Son Lux,2022-01-07T15:24:26+00:00,Beautiful Mechanical,123107
Robert Honstein,2022-01-07T15:15:15+00:00,Lagoon,153690
Johann Johannsson,2022-01-07T15:08:52+00:00,Fordlandia: The Rocket Builder (Io Pan!),115673
John Adams,2022-01-07T15:04:19+00:00,China Gates,103472
John Luther Adams,2022-01-07T22:38:20+00:00,Strange Birds Passing,127626
Ted Hearne,2022-01-07T22:34:16+00:00,"Law of Mosaics: Climactic moments from Adagio for Strings and The Four Seasons, slowed down and layered on top of one another",140552
Moses Sumney,2022-01-07T22:31:10+00:00,Worth It,153855
Daniel Wohl,2022-01-07T22:25:43+00:00,Corpus,134478
Christine Delphine Hedden,2022-01-07T22:20:31+00:00,Kitchen Dance,154664
Sufjan Stevens,2022-01-07T22:17:20+00:00,Year of the Dog,153594
Nils Frahm,2022-01-07T22:14:11+00:00,Said and Done,116415
Moondog (Louis Hardin),2022-01-07T22:07:41+00:00,Witch of Endor,102115
Steve Reich,2022-01-07T22:03:36+00:00,Radio Rewrite: 1. Fast,149071
Robert Honstein,2022-01-07T22:01:29+00:00,Strada Nuova,153692
Kaitlyn Aurelia Smith,2022-01-07T21:57:51+00:00,Arthropoda,148144
Aleksandra Vrebalov,2022-01-07T21:55:35+00:00,The Sea Ranch Songs: Fort Ross Chorale,146787
Max Richter,2022-01-07T21:52:06+00:00,Orlando: Modular Astronomy,148847
Alva Noto,2022-01-07T21:45:16+00:00,Logic Moon,130643
Thom Yorke,2022-01-07T21:41:54+00:00,Suspirium,153646
Laura Cannell,2022-01-07T21:37:46+00:00,A New Theory of Eclipse,152119
Ólafur Arnalds,2022-01-07T21:34:16+00:00,Another Happy Day: Poland,136808
Tim Hecker,2022-01-07T21:30:52+00:00,Chimeras,135256
Dexter Story,2022-01-07T21:27:51+00:00,Eastern Prayer ft. Nia Andrews,150046
Florent Ghys,2022-01-07T21:21:56+00:00,"Nappe Brodee, ou Tenki",141177
Zoe Keating,2022-01-07T21:16:59+00:00,Forte,153471
Jean-Sebastien Audet,2022-01-07T21:15:25+00:00,Staunchly Righteous Non Alignment,153801
Missy Mazzoli,2022-01-07T21:06:47+00:00,Isabelle Eberhardt Dreams of Pianos,118609
Zeena Parkins,2022-01-07T21:02:13+00:00,Coda,152268
Keith Jarrett,2022-01-07T23:55:42+00:00,Elegy for Violin and String Orchestra,100679
Amon Tobin,2022-01-07T23:51:06+00:00,Bloodstone (In-Concert Recording),137708
Evan Ziporyn,2022-01-07T23:42:18+00:00,Be-In,104295
Sarah Kirkland Snider,2022-01-08T04:57:34+00:00,Daughter of the Waves,123111
John Luther Adams,2022-01-08T04:53:51+00:00,In the White Silence: Letter B,148572
Circuit Des Yeux,2022-01-08T04:48:26+00:00,Paper Bag,154159
Padma Newsome,2022-01-08T04:45:17+00:00,All Hollowed Out,153826
Paolo Angeli,2022-01-08T04:40:19+00:00,Optimistic,154619
Mahsa Vahdat,2022-01-08T04:36:55+00:00,I Was Dead,154727
Julia Holter,2022-01-08T04:30:38+00:00,Our Sorrows,151625
Jónsi & Alex,2022-01-08T04:21:22+00:00,Happiness,120079
Clogs,2022-01-08T04:17:48+00:00,Fiddlegree,119331
Louis Andriessen,2022-01-08T04:13:00+00:00,La Passione (The Passion): Una forma nera cornuta (A horned black form),108720
Clarice Jensen,2022-01-08T04:07:07+00:00,For This From That Will Be Filled (a),153614
Nicholas Britell,2022-01-08T04:04:11+00:00,Moonlight: Little's Theme; The Spot; Chiron's Theme,149476
Kate Moore,2022-01-08T04:00:52+00:00,Spin Bird,121273
Helena Espvall & Masaki Batoh,2022-01-08T03:56:21+00:00,Kling Klang,152729
Chico Buraque and Milton Nascimento,2022-01-08T03:51:57+00:00,Calice,154161
Nicole Lizee,2022-01-08T03:47:39+00:00,"Girl, You're Living a Life of Crime",119231
Florent Ghys,2022-01-08T03:40:55+00:00,Friday 3pm,146816
Eve Beglarian,2022-01-08T03:30:11+00:00,Until It Blazes,113095
Bora Yoon,2022-01-08T03:19:46+00:00,O viridissima virga,144066
Max Richter,2022-01-08T03:13:41+00:00,Mrs. Dalloway: Meeting Again,148846
Imarhan,2022-01-08T03:08:35+00:00,Tarha Nam,153875
Terry Riley,2022-01-08T02:58:57+00:00,G Song,116812
itsnotyouitsme,2022-01-08T02:55:43+00:00,wrinkling into a beautiful and broken world,135828
Valgeir Sigurđsson,2022-01-08T02:50:39+00:00,Past Tundra,117380
Jherek Bischoff,2022-01-08T02:46:57+00:00,Celebration (Featuring The Celebration Choir),153860
Steve Reich,2022-01-08T02:37:53+00:00,Tokyo/Vermont Counterpoint,106520
Charles Rumback & Ryley Walker,2022-01-08T02:27:15+00:00,Cannots,154162
M. Geddes Gengras,2022-01-08T02:18:31+00:00,Kapoho,153854
Dustin O'Halloran,2022-01-08T02:15:59+00:00,Minim,138832
Keith Jarrett,2022-01-08T01:50:22+00:00,The Koln Concert: Part 1,100433
Paolo Angeli,2022-01-08T01:45:46+00:00,Hunting Bears (Trilogia del Tempo),154618
Sarah Kirkland Snider,2022-01-08T01:39:08+00:00,Penelope: Home,126619
Padma Newsome,2022-01-08T01:37:27+00:00,Song of the Bees (Artifact),154598
John Luther Adams,2022-01-08T01:21:04+00:00,Dream in White on White,118622
Stoic,2022-01-08T01:15:34+00:00,Something Vanishing,154591
Robert Honstein,2022-01-08T01:08:09+00:00,"Fast Notes, Long Tones",153684
Susumu Yokota,2022-01-08T01:05:30+00:00,Azukiiro No Kaori,153986
Matt Marks,2022-01-08T01:00:21+00:00,"The Little Death, Vol. 1: Penetration Overture",121497
Paul Bley Trio,2022-01-08T00:57:09+00:00,Ida Lupino,153987
Angelica Negron,2022-01-08T00:53:08+00:00,We (I) Said Nothing,118481
Julianna Barwick,2022-01-08T00:48:44+00:00,Labyrinthine,148840
Laurel Halo,2022-01-08T00:46:12+00:00,Quietude,153851
David Bowie and Brian Eno,2022-01-08T00:41:15+00:00,Moss Garden,153981
Bora Yoon,2022-01-08T00:33:54+00:00,Semaphore Conductus,144536
Motion Graphics,2022-01-08T00:30:42+00:00,Mezzotint Gliss (instrumental),153391
Amiina,2022-01-08T00:26:43+00:00,Perth,147778
Edgar Meyer,2022-01-08T00:22:44+00:00,1B,138280
Kyle Dixon & Michael Stein,2022-01-08T00:18:26+00:00,Sick Of Cow,154060
Steve Reich,2022-01-08T00:13:18+00:00,Music for 18 Musicians: Section IX,148863
Clogs,2022-01-08T00:10:38+00:00,5/4,119326
